{
  "2": {
    "aligned_clusters": [
      235
    ],
    "metrics": {
      "match_percentage": 1.0,
      "source_cluster_size": 2,
      "target_cluster_sizes": [
        4
      ],
      "aligned_word_count": 2,
      "total_words": 2,
      "size_threshold": 0.4,
      "translation_threshold": 0.5,
      "calign_score": 1.0,
      "colap_score": 0.9687305716929271
    }
  },
  "18": {
    "aligned_clusters": [
      289,
      450,
      490,
      395,
      112,
      400,
      383
    ],
    "metrics": {
      "match_percentage": 0.6666666666666666,
      "source_cluster_size": 3,
      "target_cluster_sizes": [
        5,
        7,
        6,
        6,
        6,
        5,
        7
      ],
      "aligned_word_count": 2,
      "total_words": 3,
      "size_threshold": 0.4,
      "translation_threshold": 0.5,
      "calign_score": 0.6666666666666666,
      "colap_score": 1.0
    }
  },
  "30": {
    "aligned_clusters": [
      264,
      139,
      395,
      13,
      143,
      400,
      274,
      22,
      410,
      411,
      289,
      420,
      39,
      425,
      176,
      52,
      443,
      316,
      61,
      66,
      450,
      69,
      333,
      465,
      344,
      226,
      99,
      490,
      107,
      108,
      495,
      124,
      368,
      115,
      247,
      252,
      383
    ],
    "metrics": {
      "match_percentage": 0.6666666666666666,
      "source_cluster_size": 3,
      "target_cluster_sizes": [
        5,
        4,
        6,
        5,
        6,
        7,
        5,
        6,
        3,
        5,
        6,
        4,
        5,
        4,
        3,
        5,
        4,
        6,
        4,
        6,
        7,
        6,
        5,
        4,
        7,
        6,
        6,
        6,
        7,
        3,
        6,
        5,
        7,
        5,
        7,
        7,
        5
      ],
      "aligned_word_count": 2,
      "total_words": 3,
      "size_threshold": 0.4,
      "translation_threshold": 0.5,
      "calign_score": 0.6666666666666666,
      "colap_score": 0.9613109086732111
    }
  },
  "36": {
    "aligned_clusters": [
      194,
      362,
      399,
      374,
      217,
      444,
      348,
      61,
      412
    ],
    "metrics": {
      "match_percentage": 0.6666666666666666,
      "source_cluster_size": 3,
      "target_cluster_sizes": [
        6,
        4,
        3,
        6,
        5,
        5,
        5,
        2,
        4
      ],
      "aligned_word_count": 2,
      "total_words": 3,
      "size_threshold": 0.4,
      "translation_threshold": 0.5,
      "calign_score": 0.6666666666666666,
      "colap_score": 0.9206761467893082
    }
  },
  "55": {
    "aligned_clusters": [
      289,
      226,
      99,
      69,
      395,
      108,
      13,
      333,
      410,
      61,
      383
    ],
    "metrics": {
      "match_percentage": 0.6666666666666666,
      "source_cluster_size": 3,
      "target_cluster_sizes": [
        5,
        6,
        5,
        6,
        5,
        5,
        7,
        5,
        6,
        6,
        7
      ],
      "aligned_word_count": 2,
      "total_words": 3,
      "size_threshold": 0.4,
      "translation_threshold": 0.5,
      "calign_score": 0.6666666666666666,
      "colap_score": 1.0
    }
  },
  "104": {
    "aligned_clusters": [
      137,
      106,
      61,
      404,
      157,
      221
    ],
    "metrics": {
      "match_percentage": 0.75,
      "source_cluster_size": 4,
      "target_cluster_sizes": [
        6,
        8,
        9,
        9,
        9,
        9
      ],
      "aligned_word_count": 3,
      "total_words": 4,
      "size_threshold": 0.4,
      "translation_threshold": 0.5,
      "calign_score": 0.75,
      "colap_score": 0.9704251679479626
    }
  },
  "116": {
    "aligned_clusters": [
      395,
      13,
      400,
      274,
      22,
      410,
      39,
      52,
      450,
      69,
      462,
      465,
      226,
      490,
      107,
      124,
      247,
      252,
      383
    ],
    "metrics": {
      "match_percentage": 0.6666666666666666,
      "source_cluster_size": 3,
      "target_cluster_sizes": [
        5,
        4,
        6,
        5,
        5,
        3,
        4,
        5,
        4,
        6,
        6,
        6,
        6,
        6,
        7,
        5,
        2,
        7,
        7
      ],
      "aligned_word_count": 2,
      "total_words": 3,
      "size_threshold": 0.4,
      "translation_threshold": 0.5,
      "calign_score": 0.6666666666666666,
      "colap_score": 0.9612325780161302
    }
  },
  "141": {
    "aligned_clusters": [
      137,
      106,
      61,
      404,
      157,
      221
    ],
    "metrics": {
      "match_percentage": 0.75,
      "source_cluster_size": 4,
      "target_cluster_sizes": [
        6,
        8,
        9,
        9,
        9,
        9
      ],
      "aligned_word_count": 3,
      "total_words": 4,
      "size_threshold": 0.4,
      "translation_threshold": 0.5,
      "calign_score": 0.75,
      "colap_score": 0.9704251679479626
    }
  },
  "160": {
    "aligned_clusters": [
      264,
      139,
      395,
      13,
      143,
      400,
      274,
      22,
      410,
      411,
      289,
      420,
      39,
      425,
      176,
      52,
      443,
      316,
      61,
      66,
      450,
      69,
      333,
      465,
      344,
      226,
      99,
      490,
      107,
      108,
      495,
      124,
      368,
      115,
      247,
      252,
      383
    ],
    "metrics": {
      "match_percentage": 0.6666666666666666,
      "source_cluster_size": 3,
      "target_cluster_sizes": [
        5,
        4,
        6,
        5,
        6,
        7,
        5,
        6,
        3,
        5,
        6,
        4,
        5,
        4,
        3,
        5,
        4,
        6,
        4,
        6,
        7,
        6,
        5,
        4,
        7,
        6,
        6,
        6,
        7,
        3,
        6,
        5,
        7,
        5,
        7,
        7,
        5
      ],
      "aligned_word_count": 2,
      "total_words": 3,
      "size_threshold": 0.4,
      "translation_threshold": 0.5,
      "calign_score": 0.6666666666666666,
      "colap_score": 0.9613109086732111
    }
  },
  "196": {
    "aligned_clusters": [
      1,
      66,
      99,
      483,
      298,
      108,
      428,
      383
    ],
    "metrics": {
      "match_percentage": 0.6666666666666666,
      "source_cluster_size": 3,
      "target_cluster_sizes": [
        4,
        7,
        6,
        5,
        7,
        6,
        6,
        7
      ],
      "aligned_word_count": 2,
      "total_words": 3,
      "size_threshold": 0.4,
      "translation_threshold": 0.5,
      "calign_score": 0.6666666666666666,
      "colap_score": 1.0
    }
  },
  "204": {
    "aligned_clusters": [
      1,
      66,
      99,
      483,
      298,
      108,
      428,
      383
    ],
    "metrics": {
      "match_percentage": 0.6666666666666666,
      "source_cluster_size": 3,
      "target_cluster_sizes": [
        4,
        7,
        6,
        5,
        7,
        6,
        6,
        7
      ],
      "aligned_word_count": 2,
      "total_words": 3,
      "size_threshold": 0.4,
      "translation_threshold": 0.5,
      "calign_score": 0.6666666666666666,
      "colap_score": 0.9633987919760376
    }
  },
  "209": {
    "aligned_clusters": [
      226,
      450,
      69,
      39,
      490,
      107,
      395,
      400,
      465,
      274,
      52,
      252,
      22,
      247,
      410,
      124,
      383
    ],
    "metrics": {
      "match_percentage": 0.6666666666666666,
      "source_cluster_size": 3,
      "target_cluster_sizes": [
        4,
        6,
        5,
        5,
        3,
        4,
        5,
        4,
        6,
        6,
        6,
        6,
        6,
        7,
        5,
        7,
        7
      ],
      "aligned_word_count": 2,