{
  "18": {
    "aligned_clusters": [
      289,
      450,
      490,
      395,
      112,
      400,
      383
    ],
    "metrics": {
      "match_percentage": 0.6666666666666666,
      "source_cluster_size": 3,
      "target_cluster_sizes": [
        5,
        7,
        6,
        6,
        6,
        5,
        7
      ],
      "aligned_word_count": 2,
      "total_words": 3,
      "size_threshold": 0.4,
      "translation_threshold": 0.5,
      "calign_score": 0.6666666666666666,
      "colap_score": 1.0
    }
  },
  "22": {
    "aligned_clusters": [
      1,
      322,
      429,
      143,
      212
    ],
    "metrics": {
      "match_percentage": 0.6666666666666666,
      "source_cluster_size": 3,
      "target_cluster_sizes": [
        4,
        4,
        6,
        7,
        6
      ],
      "aligned_word_count": 2,
      "total_words": 3,
      "size_threshold": 0.4,
      "translation_threshold": 0.5,
      "calign_score": 0.6666666666666666,
      "colap_score": 0.9633957623873242
    }
  },
  "30": {
    "aligned_clusters": [
      264,
      139,
      395,
      13,
      143,
      400,
      274,
      22,
      410,
      411,
      289,
      420,
      39,
      425,
      176,
      52,
      443,
      316,
      61,
      66,
      450,
      69,
      333,
      465,
      344,
      226,
      99,
      490,
      107,
      108,
      495,
      124,
      368,
      115,
      247,
      252,
      383
    ],
    "metrics": {
      "match_percentage": 0.6666666666666666,
      "source_cluster_size": 3,
      "target_cluster_sizes": [
        5,
        4,
        6,
        5,
        6,
        7,
        5,
        6,
        3,
        5,
        6,
        4,
        5,
        4,
        3,
        5,
        4,
        6,
        4,
        6,
        7,
        6,
        5,
        4,
        7,
        6,
        6,
        6,
        7,
        3,
        6,
        5,
        7,
        5,
        7,
        7,
        5
      ],
      "aligned_word_count": 2,
      "total_words": 3,
      "size_threshold": 0.4,
      "translation_threshold": 0.5,
      "calign_score": 0.6666666666666666,
      "colap_score": 0.9228805738415164
    }
  },
  "55": {
    "aligned_clusters": [
      289,
      226,
      99,
      69,
      395,
      108,
      13,
      333,
      410,
      61,
      383
    ],
    "metrics": {
      "match_percentage": 0.6666666666666666,
      "source_cluster_size": 3,
      "target_cluster_sizes": [
        5,
        6,
        5,
        6,
        5,
        5,
        7,
        5,
        6,
        6,
        7
      ],
      "aligned_word_count": 2,
      "total_words": 3,
      "size_threshold": 0.4,
      "translation_threshold": 0.5,
      "calign_score": 0.6666666666666666,
      "colap_score": 0.9228805738415164
    }
  },
  "116": {
    "aligned_clusters": [
      395,
      13,
      400,
      274,
      22,
      410,
      39,
      52,
      450,
      69,
      462,
      465,
      226,
      490,
      107,
      124,
      247,
      252,
      383
    ],
    "metrics": {
      "match_percentage": 0.6666666666666666,
      "source_cluster_size": 3,
      "target_cluster_sizes": [
        5,
        4,
        6,
        5,
        5,
        3,
        4,
        5,
        4,
        6,
        6,
        6,
        6,
        6,
        7,
        5,
        2,
        7,
        7
      ],
      "aligned_word_count": 2,
      "total_words": 3,
      "size_threshold": 0.4,
      "translation_threshold": 0.5,
      "calign_score": 0.6666666666666666,
      "colap_score": 0.9614288211302815
    }
  },
  "160": {
    "aligned_clusters": [
      264,
      139,
      395,
      13,
      143,
      400,
      274,
      22,
      410,
      411,
      289,
      420,
      39,
      425,
      176,
      52,
      443,
      316,
      61,
      66,
      450,
      69,
      333,
      465,
      344,
      226,
      99,
      490,
      107,
      108,
      495,
      124,
      368,
      115,
      247,
      252,
      383
    ],
    "metrics": {
      "match_percentage": 0.6666666666666666,
      "source_cluster_size": 3,
      "target_cluster_sizes": [
        5,
        4,
        6,
        5,
        6,
        7,
        5,
        6,
        3,
        5,
        6,
        4,
        5,
        4,
        3,
        5,
        4,
        6,
        4,
        6,
        7,
        6,
        5,
        4,
        7,
        6,
        6,
        6,
        7,
        3,
        6,
        5,
        7,
        5,
        7,
        7,
        5
      ],
      "aligned_word_count": 2,
      "total_words": 3,
      "size_threshold": 0.4,
      "translation_threshold": 0.5,
      "calign_score": 0.6666666666666666,
      "colap_score": 0.9228805738415164
    }
  },
  "209": {
    "aligned_clusters": [
      226,
      450,
      69,
      39,
      490,
      107,
      395,
      400,
      465,
      274,
      52,
      252,
      22,
      247,
      410,
      124,
      383
    ],
    "metrics": {
      "match_percentage": 0.6666666666666666,
      "source_cluster_size": 3,
      "target_cluster_sizes": [
        4,
        6,
        5,
        5,
        3,
        4,
        5,
        4,
        6,
        6,
        6,
        6,
        6,
        7,
        5,
        7,
        7
      ],
      "aligned_word_count": 2,
      "total_words": 3,
      "size_threshold": 0.4,
      "translation_threshold": 0.5,
      "calign_score": 0.6666666666666666,
      "colap_score": 1.0
    }
  },
  "211": {
    "aligned_clusters": [
      289,
      226,
      69,
      106,
      395,
      333,
      61,
      276,
      499,
      410,
      221
    ],
    "metrics": {
      "match_percentage": 0.75,
      "source_cluster_size": 4,
      "target_cluster_sizes": [
        6,
        5,
        8,
        9,
        5,
        8,
        7,
        5,
        6,
        7,
        9
      ],
      "aligned_word_count": 3,
      "total_words": 4,
      "size_threshold": 0.4,
      "translation_threshold": 0.5,
      "calign_score": 0.75,
      "colap_score": 0.8426059116687977
    }
  },
  "273": {
    "aligned_clusters": [
      411,
      302
    ],
    "metrics": {
      "match_percentage": 1.0,
      "source_cluster_size": 2,
      "target_cluster_sizes": [
        4,
        3
      ],
      "aligned_word_count": 2,
      "total_words": 2,
      "size_threshold": 0.4,
      "translation_threshold": 0.5,
      "calign_score": 1.0,
      "colap_score": 0.9296630608778533
    }
  },
  "280": {
    "aligned_clusters": [
      264,
      143,
      176,
      344,
      411
    ],
    "metrics": {
      "match_percentage": 1.0,
      "source_cluster_size": 2,
      "target_cluster_sizes": [
        4,
        3,
        4,
        4,
        3
      ],
      "aligned_word_count": 2,
      "total_words": 2,
      "size_threshold": 0.4,
      "translation_threshold": 0.5,
      "calign_score": 1.0,
      "colap_score": 1.0
    }
  },
  "295": {
    "aligned_clusters": [
      113,
      173
    ],
    "metrics": {
      "match_percentage": 0.75,
      "source_cluster_size": 4,
      "target_cluster_sizes": [
        9,
        8
      ],
      "aligned_word_count": 3,
      "total_words": 4,
      "size_threshold": 0.4,
      "translation_threshold": 0.5,
      "calign_score": 0.75,
      "colap_score": 0.9696226676043009
    }
  },
  "453": {
    "aligned_clusters": [
      264,
      139,
      395,
      143,
      410,
      411,
      420,
      425,
      176,
      443,
      316,
      66,
      69,
      344,
      226,
      232,
      495,
      368,
      115,
      383
    ],
    "metrics": {
      "match_percentage": 0.6666666666666666,
      "source_cluster_size": 3,