long|||4|||561|||7|||0
O|||2|||551|||102|||1
/=|||1|||428|||44|||2
/=|||4|||435|||23|||2
/=|||5|||438|||8|||2
lr|||2|||220|||33|||3
jj|||3|||708|||34|||3
jj|||15|||735|||34|||3
d_N|||3|||797|||32|||3
LS|||3|||825|||35|||3
batchSize|||8|||1536|||35|||3
batchSize|||11|||1704|||35|||3
for|||3|||99|||27|||4
for|||7|||232|||27|||4
for|||11|||316|||29|||4
End|||2|||936|||28|||4
height_blk|||1|||1166|||23|||4

.|||10|||7|||8|||6
blockDim|||5|||20|||8|||6
blockDim|||7|||27|||8|||6
blockDim|||15|||49|||8|||6
m|||4|||131|||10|||6
?|||3|||184|||10|||6
char|||1|||355|||5|||6
count|||8|||443|||10|||6
count|||9|||444|||10|||6
?|||10|||490|||10|||6
I|||1|||550|||6|||6
4.0|||2|||588|||7|||6
maxhd|||1|||695|||6|||6
maxhd|||11|||702|||8|||6
x0|||1|||869|||6|||6
pb|||9|||968|||8|||6
gray|||6|||1118|||9|||6
I|||4|||1261|||6|||6
Lq|||8|||1465|||9|||6
q_q|||14|||1472|||5|||6
width_col|||6|||1515|||6|||6
data_col|||4|||1523|||4|||6
h_col|||14|||1652|||6|||6
imagPart|||1|||1455|||43|||7
realPart|||2|||1455|||60|||7
realPart|||3|||1455|||127|||7
imagPart|||3|||1455|||141|||7
realPart|||5|||1455|||161|||7
imagPart|||4|||1455|||165|||7
realPart|||8|||1462|||68|||7
imagPart|||8|||1462|||82|||7
realPart|||9|||1462|||100|||7
realPart|||10|||1462|||102|||7
imagPart|||9|||1462|||106|||7
imagPart|||10|||1462|||108|||7
realPart|||11|||1463|||0|||7
imagPart|||11|||1464|||0|||7
realPart|||13|||1471|||0|||7
imagPart|||13|||1472|||0|||7
imagPart|||15|||1473|||11|||7
nrows|||2|||58|||29|||8
1.0f|||2|||295|||22|||8
dims|||15|||1120|||29|||8
twod1|||1|||351|||2|||9
k_x|||7|||403|||2|||9
k_x|||8|||404|||2|||9
i1|||6|||841|||3|||9
idx_x|||1|||1028|||2|||9
norm1|||12|||1349|||3|||9
1|||14|||278|||50|||10
d_acts|||3|||295|||38|||10
sum|||2|||316|||56|||10
labelList|||2|||452|||52|||10
maxhd|||4|||696|||53|||10
pixels_per_image|||3|||858|||40|||10
cotans|||8|||1005|||51|||10
colsB|||9|||1051|||44|||10
ns|||4|||1052|||46|||10
ptr_src_0|||2|||1098|||38|||10
scores_out|||4|||1496|||45|||10
pcountinner|||5|||565|||21|||11
<<=|||2|||963|||22|||11
MeanLogNormalFrame|||1|||1151|||14|||11
<<=|||4|||1432|||22|||11
srcDiff|||5|||549|||5|||12
pos|||1|||532|||46|||13
bit_decisions|||2|||572|||36|||13
sin|||2|||658|||48|||13
tc|||1|||959|||43|||13
pixel|||4|||1152|||46|||13
pixel|||14|||1155|||42|||13
d_temp|||8|||1363|||43|||13
dh|||1|||1704|||200|||14
dh|||2|||1704|||231|||14
dh|||3|||1704|||236|||14
dh|||4|||1710|||160|||14
dh|||5|||1710|||191|||14
dh|||6|||1710|||196|||14
;|||5|||6|||25|||15
gridDim|||2|||41|||27|||15
==|||1|||49|||29|||15
1|||8|||199|||28|||15
g_data|||2|||258|||27|||15
id|||3|||271|||26|||15
id|||15|||278|||26|||15
10|||5|||435|||30|||15
ns|||1|||458|||21|||15
nnz|||2|||459|||27|||15
?|||12|||504|||26|||15
2|||10|||572|||23|||15
perimeterRes|||4|||588|||21|||15
Zsize|||8|||592|||26|||15
p|||7|||601|||27|||15
corrSum|||2|||622|||28|||15
out|||1|||715|||24|||15
depth_scale|||1|||726|||18|||15
d_ind_sub|||3|||746|||19|||15
Start|||1|||821|||27|||15
Start|||2|||822|||28|||15
RES|||7|||825|||30|||15
height|||15|||828|||18|||15
ps|||7|||843|||31|||15
my_pixel|||14|||861|||22|||15
shared_dimensions|||4|||917|||28|||15
!|||2|||950|||26|||15
filterR|||1|||1027|||25|||15
tIndy|||1|||1043|||23|||15
Ad|||4|||1051|||23|||15
numPerbatch|||1|||1120|||27|||15
numPerbatch|||6|||1127|||25|||15
4|||14|||1133|||25|||15
eachElement|||9|||1139|||22|||15
numPerbatch|||15|||1223|||27|||15
filtered_I|||1|||1261|||24|||15
boxes|||7|||1504|||28|||15
threshold|||1|||1535|||23|||15
boxes_for_nms|||1|||1670|||16|||15
u|||2|||73|||20|||16
u|||4|||73|||33|||16
u|||5|||74|||1|||16
u|||9|||227|||6|||16
u|||11|||230|||12|||16
u|||12|||1073|||7|||16
u|||13|||1074|||91|||16
u|||14|||1074|||117|||16
]|||1|||1|||15|||17
]|||14|||16|||17|||17
i|||10|||18|||18|||17
n|||4|||26|||12|||17
t_id|||8|||65|||12|||17
b|||4|||90|||14|||17
0|||11|||110|||12|||17
y|||14|||114|||18|||17
/|||7|||170|||14|||17
scalar|||4|||171|||14|||17
n|||14|||178|||9|||17
myId|||9|||188|||15|||17
inputright|||1|||189|||10|||17
outArray|||3|||310|||15|||17
output|||7|||350|||12|||17
x_average|||7|||381|||10|||17
score_thr|||1|||389|||10|||17
/=|||2|||430|||15|||17
truth|||1|||483|||13|||17
pn|||4|||565|||16|||17
pn|||7|||567|||16|||17
input_str_cuda|||3|||644|||7|||17
edad|||9|||652|||13|||17
::|||1|||683|||14|||17
start|||1|||695|||13|||17
maxhd|||12|||702|||15|||17
ind_out|||8|||746|||13|||17
d_N|||1|||792|||10|||17
Start|||7|||826|||17|||17
Iss|||1|||837|||10|||17
UN|||1|||935|||14|||17
End|||7|||940|||17|||17
psi|||4|||961|||14|||17
frontPrune|||1|||989|||14|||17
filterR|||8|||1039|||14|||17
colsB|||6|||1050|||13|||17
sources_x|||3|||1056|||14|||17
nt|||5|||1058|||15|||17
stdvLogNormalFrame|||1|||1151|||10|||17
newvalue|||9|||1159|||9|||17
height_M|||3|||1175|||14|||17
Melement|||3|||1176|||17|||17
1.0e-16|||3|||1214|||7|||17
num|||5|||1222|||14|||17
sr|||3|||1244|||17|||17
data_j|||4|||1302|||11|||17
0.499|||6|||1425|||10|||17
totalScoreNum|||9|||1544|||14|||17
||||12|||1599|||13|||17
boxes_before_nms|||14|||1683|||10|||17
minh|||11|||1688|||11|||17
t_id|||3|||63|||23|||18
t_id|||4|||63|||28|||18
thread_id|||4|||379|||11|||18
0.5|||2|||356|||34|||19
r_sum|||2|||412|||39|||19
tIndx|||10|||1051|||32|||19
+=|||5|||30|||5|||20
^|||1|||638|||58|||21
edad|||4|||646|||63|||21
0.21|||1|||674|||72|||21
pixelNum|||4|||684|||65|||21
LW|||2|||822|||69|||21
dt|||2|||870|||69|||21
res|||1|||974|||74|||21
frontJump|||1|||990|||60|||21
frame|||1|||1556|||54|||21
0.714|||2|||1660|||46|||21
sqrt|||3|||1329|||166|||22
channel_in|||3|||1512|||119|||22
+=|||1|||1|||16|||23
if|||3|||10|||16|||23
=|||8|||16|||18|||23
if|||7|||20|||16|||23
if|||9|||27|||16|||23
output|||1|||44|||14|||23
+|||15|||45|||17|||23
if|||13|||49|||16|||23
dim|||1|||66|||12|||23
maxThreads|||1|||85|||12|||23
c|||5|||91|||16|||23
c|||7|||94|||13|||23
0|||10|||109|||13|||23
c|||11|||123|||16|||23
double|||8|||126|||14|||23
const|||6|||156|||16|||23
scalar|||3|||170|||15|||23
INCX|||9|||197|||17|||23
size|||13|||198|||13|||23
while|||1|||199|||16|||23
u_m|||3|||230|||17|||23
col|||4|||253|||16|||23
rand|||1|||335|||13|||23
vec|||1|||359|||11|||23
vec|||5|||367|||11|||23
x_average|||5|||380|||11|||23
counts|||5|||430|||16|||23
3|||6|||438|||17|||23
abs|||2|||487|||19|||23
:|||14|||508|||16|||23
while|||5|||562|||16|||23
memHeight|||1|||579|||12|||23
devMat|||9|||583|||13|||23
pcount|||5|||595|||16|||23
A|||15|||627|||10|||23
images|||6|||690|||17|||23
totalPixels|||4|||720|||16|||23
d_disparity|||3|||731|||14|||23
reduction|||4|||811|||10|||23
size_block|||9|||819|||15|||23
Start|||5|||825|||18|||23
0.71|||6|||855|||13|||23
End|||5|||939|||18|||23
ELEMENT_INDEX|||12|||952|||13|||23
tc|||6|||963|||17|||23
buf|||5|||973|||11|||23
batchInJump|||4|||999|||13|||23
wfp|||1|||1052|||12|||23
d_in_data|||1|||1097|||6|||23
d_in_data|||4|||1107|||11|||23
image|||14|||1108|||13|||23
>>|||7|||1117|||17|||23
max_coordinate|||1|||1119|||12|||23
numPerbatch|||12|||1132|||14|||23
d_in_grad|||1|||1140|||6|||23
d_out_grad|||4|||1150|||11|||23
dx|||1|||1278|||13|||23
d_temp|||12|||1366|||14|||23
learning_rate|||4|||1369|||13|||23
K|||8|||1370|||11|||23
-0.169|||3|||1424|||10|||23
dpsi|||1|||1426|||12|||23
tc|||12|||1432|||17|||23
pic|||1|||1555|||16|||23
channel|||8|||1586|||15|||23
1.402|||3|||1661|||11|||23
0.344|||3|||1662|||11|||23
boxes_before_nms|||1|||1670|||7|||23
my_pixel|||5|||858|||44|||24
my_pixel|||8|||858|||76|||24
my_pixel|||9|||858|||82|||24
odd_inc|||2|||258|||42|||25
INCX|||11|||267|||45|||25
__syncthreads|||1|||295|||34|||25
input|||11|||336|||48|||25
twod1|||4|||351|||41|||25
k_x|||3|||402|||36|||25
output|||14|||472|||48|||25
<=|||4|||492|||47|||25
num_threads|||6|||500|||40|||25
d_output|||2|||526|||45|||25
num_threads|||10|||541|||40|||25
0.71|||2|||678|||49|||25
tx|||14|||696|||48|||25
maxvd|||7|||699|||45|||25
s|||9|||756|||51|||25
my_pixel|||4|||858|||38|||25
pixels_per_image|||8|||861|||37|||25
inputLength|||2|||990|||43|||25
diag|||2|||1001|||48|||25
R|||1|||1109|||47|||25
host_inputArray3|||4|||1139|||34|||25
imag|||6|||1244|||51|||25
patchSize|||8|||1302|||38|||25
f1|||2|||1329|||44|||25
beta2_tpower|||1|||1359|||34|||25
h_index|||1|||1512|||42|||25
zp|||1|||1603|||49|||25
boxes_before_nms|||3|||1671|||41|||25
batch_offset|||1|||1183|||15|||26
batch_offset|||3|||1184|||135|||26
batch_offset|||4|||1184|||163|||26
group_offset|||4|||1184|||167|||26
batch_offset|||5|||1184|||197|||26
group_offset|||5|||1184|||201|||26
batch_offset|||9|||1197|||39|||26
batch_offset|||10|||1198|||10|||26
group_offset|||10|||1198|||14|||26
batch_offset|||11|||1200|||5|||26
group_offset|||11|||1200|||9|||26
batch_offset|||13|||1203|||5|||26
group_offset|||13|||1203|||9|||26
zp|||2|||1603|||146|||27
zp|||3|||1603|||152|||27
zp|||4|||1603|||251|||27
zp|||5|||1603|||257|||27
zp|||8|||1613|||67|||27
zp|||9|||1617|||27|||27
zp|||12|||1623|||67|||27
zp|||13|||1627|||27|||27
(|||6|||10|||17|||28
(|||12|||20|||17|||28
(|||15|||27|||17|||28
if|||11|||33|||17|||28
N|||7|||72|||13|||28
c|||13|||132|||13|||28
val2|||1|||160|||15|||28
dev_parameter|||1|||219|||9|||28
m|||5|||232|||17|||28
d_in_b|||4|||250|||10|||28
row|||11|||301|||17|||28
alphas|||1|||431|||11|||28
cluster|||2|||440|||19|||28
dstData|||3|||504|||15|||28
:|||13|||507|||17|||28
temp|||12|||520|||18|||28
rows|||8|||536|||17|||28
dstDiff|||3|||545|||15|||28
bit_stream|||1|||571|||11|||28
p|||6|||601|||17|||28
edad|||1|||645|||10|||28
jj|||1|||708|||18|||28
jj|||13|||735|||18|||28
fmaxf|||6|||768|||13|||28
Col|||1|||793|||17|||28
rows|||10|||848|||15|||28
my_pixel|||13|||861|||16|||28
iN|||7|||882|||18|||28
cotans|||4|||885|||16|||28
cell|||7|||917|||18|||28
>>=|||4|||963|||18|||28
cotans|||9|||1008|||16|||28
h|||1|||1012|||11|||28
10|||9|||1117|||18|||28
q|||9|||1379|||20|||28
>>=|||6|||1432|||18|||28
sr|||5|||1454|||14|||28
q_q|||13|||1471|||11|||28
q_i|||14|||1472|||11|||28
scores|||1|||1489|||12|||28
bit2|||4|||1599|||14|||28
yq|||13|||1617|||17|||28
predictBox|||1|||1703|||16|||28
anchor|||9|||1710|||19|||28
cos|||1|||658|||58|||29
cos|||3|||658|||78|||29
cos|||4|||661|||27|||29
{|||6|||10|||22|||30
array|||9|||20|||23|||30
arr|||2|||27|||23|||30
+=|||7|||40|||23|||30
return|||6|||49|||23|||30
offsets|||2|||58|||22|||30
mat|||2|||67|||23|||30
return|||13|||86|||22|||30
j|||3|||91|||23|||30
c|||10|||122|||14|||30
gid|||3|||123|||23|||30
buf|||2|||127|||23|||30
z|||2|||147|||23|||30
result|||2|||161|||23|||30
scalar|||1|||166|||16|||30
gridDim|||12|||202|||21|||30
dev_gradient|||1|||219|||13|||30
lid|||2|||239|||23|||30
2.3|||3|||244|||18|||30
==|||3|||258|||23|||30
num_nodes|||2|||271|||21|||30
for|||13|||328|||23|||30
aRS|||2|||356|||22|||30
k_x|||2|||402|||19|||30
device_output|||7|||426|||20|||30
sy|||1|||439|||20|||30
sxz|||2|||459|||22|||30
error|||1|||483|||21|||30
scale|||8|||509|||19|||30
filter|||3|||513|||19|||30
data_size|||7|||540|||17|||30
bit_index|||1|||572|||19|||30
Xsize|||6|||591|||21|||30
g|||8|||682|||22|||30
::|||2|||683|||19|||30
ind_out|||2|||743|||19|||30
clamp_max|||6|||767|||20|||30
offset|||7|||853|||22|||30
l|||1|||903|||24|||30
mask_size|||2|||944|||19|||30
MASK_RADIUS|||4|||950|||20|||30
neighbors|||6|||1000|||22|||30
rowsA|||1|||1042|||17|||30
ns|||5|||1053|||22|||30
spatial|||9|||1067|||26|||30
dims|||13|||1119|||19|||30
median|||3|||1155|||22|||30
delta|||5|||1328|||22|||30
d_temp|||6|||1363|||21|||30
h_out|||4|||1515|||16|||30
w_out|||9|||1524|||12|||30
bit0|||4|||1599|||18|||30
zq|||9|||1613|||23|||30
zq|||15|||1623|||23|||30
pad|||12|||1636|||26|||30
+|||6|||18|||15|||31
+|||13|||40|||13|||31
dev_c|||1|||811|||6|||31
d_regularDisparity|||4|||1260|||11|||31
in_c|||4|||1411|||11|||31
idy|||3|||532|||48|||32
idy|||14|||804|||87|||32
idx_y|||3|||1028|||77|||32
bIndy|||3|||1043|||87|||32
tIndy|||4|||1043|||121|||32
tIndy|||10|||1051|||52|||32
gpu_img_out_y|||1|||1414|||25|||32
gpu_img_in_y|||2|||1655|||43|||32
gpu_img_in_y|||3|||1655|||66|||32
gpu_img_in_y|||4|||1655|||99|||32
gpu_img_in_y|||7|||1660|||63|||32
pixels_per_image|||10|||863|||2|||33
pixels_per_image|||11|||865|||2|||33
pixels_per_image|||12|||867|||2|||33
INCY|||4|||266|||25|||34
f|||2|||890|||28|||34
128|||15|||1661|||19|||34
cotans|||7|||1001|||93|||35
exp|||2|||1302|||82|||35
beta1_tpower|||2|||1360|||100|||35
beta2_tpower|||2|||1360|||116|||35
beta2_tpower|||3|||1363|||78|||35
0.114|||1|||1415|||70|||35
anchor|||1|||1703|||7|||36
anchor|||5|||1704|||90|||36
anchor|||6|||1704|||108|||36
anchor|||7|||1704|||128|||36
anchor|||8|||1710|||4|||36
anchor|||11|||1710|||50|||36
anchor|||12|||1710|||68|||36
anchor|||13|||1710|||88|||36
anchor|||15|||1711|||18|||36
thread_index|||5|||311|||5|||37
thread_index|||10|||505|||5|||37
thread_index|||15|||546|||5|||37
dec_index|||6|||574|||3|||37
out_index|||3|||1013|||106|||37
in_index|||2|||1013|||111|||37
out_index|||4|||1013|||117|||37
add_index|||2|||1315|||131|||37
in_index|||7|||1397|||121|||37
out_index|||15|||1397|||149|||37
in_index|||8|||1397|||156|||37
in_index|||9|||1397|||164|||37
add_index|||6|||1476|||140|||37
h_index|||8|||1518|||3|||37
h_index|||9|||1519|||3|||37
add_index|||10|||1689|||142|||37
add_index|||11|||1689|||164|||37
[|||5|||6|||22|||38
;|||14|||16|||28|||38
}|||15|||33|||26|||38
if|||14|||49|||26|||38
L|||2|||73|||26|||38
b|||5|||91|||26|||38
nx|||1|||122|||17|||38
b|||8|||123|||26|||38
3|||3|||244|||21|||38
OFFY|||1|||266|||22|||38
INCY|||7|||290|||22|||38
x_outer_prod|||1|||375|||13|||38
jsz|||1|||458|||18|||38
height|||7|||525|||19|||38
<=|||10|||549|||25|||38
d_ch_flag|||1|||600|||16|||38
size_t|||2|||683|||20|||38
Row|||7|||797|||25|||38
NJ|||1|||821|||24|||38
row_a|||1|||924|||17|||38
imageW|||3|||1036|||25|||38
tIndy|||6|||1048|||20|||38
tIndy|||9|||1051|||20|||38
K|||6|||1139|||20|||38
group_offset|||1|||1183|||21|||38
largest|||14|||1198|||24|||38
priorNum|||9|||1232|||24|||38
distMat|||1|||1297|||19|||38
in_w|||4|||1411|||21|||38
dpsi|||3|||1430|||23|||38
r_i|||6|||1462|||24|||38
Lq|||10|||1466|||22|||38
outputIndex|||1|||1535|||20|||38
outPixelOffset|||1|||715|||12|||39
group_offset|||8|||1197|||15|||39
outPixelOffset|||5|||1297|||12|||39
expf|||1|||295|||24|||40
1.0f|||4|||297|||6|||40
expf|||2|||297|||8|||40
0.f|||1|||402|||30|||40
0.0f|||2|||731|||30|||40
0.0f|||3|||733|||7|||40
floorf|||1|||743|||30|||40
floorf|||3|||747|||6|||40
fminf|||1|||763|||51|||40
fmaxf|||3|||766|||23|||40
fminf|||4|||766|||44|||40
powf|||1|||1060|||107|||40
1.f|||2|||1061|||3|||40
sqrtf|||2|||1104|||14|||40
0.f|||3|||1135|||34|||40
sqrtf|||4|||1141|||64|||40
sqrtf|||5|||1147|||14|||40
0.5f|||2|||1152|||73|||40
logf|||2|||1155|||17|||40
sqrtf|||9|||1158|||23|||40
expf|||3|||1184|||128|||40
expf|||4|||1197|||4|||40
0.0f|||8|||1259|||6|||40
powf|||6|||1287|||18|||40
0.0f|||10|||1542|||103|||40
0.0f|||11|||1550|||10|||40
0.0f|||12|||1551|||9|||40
2.0f|||1|||1556|||104|||40
output|||2|||45|||8|||41
stride|||13|||557|||9|||41
oe_flag|||3|||603|||7|||41
columns|||5|||853|||9|||41
ns|||8|||1056|||7|||41
ty|||4|||1172|||7|||41
bands|||4|||1210|||9|||41
7|||2|||1461|||9|||41
-1|||6|||484|||69|||42
r1|||1|||803|||19|||42
c1|||7|||808|||26|||42
c1|||9|||810|||20|||42
-1|||13|||1244|||34|||42
w1|||1|||1314|||26|||42
c1|||11|||1315|||118|||42
i1|||13|||1329|||220|||42
f1|||4|||1329|||228|||42
i1|||14|||1329|||251|||42
vec1|||13|||1441|||188|||42
w1|||4|||1475|||26|||42
c1|||14|||1476|||118|||42
bit1|||4|||1599|||16|||42
stride|||9|||551|||88|||43
0.07|||1|||674|||86|||43
maxvd|||5|||696|||84|||43
Col|||3|||793|||83|||43
column|||11|||829|||86|||43
gp|||2|||838|||74|||43
ELEMENT_INDEX|||4|||944|||71|||43
meshStride|||15|||1001|||85|||43
-0.169|||2|||1419|||55|||43
<<=|||3|||1427|||78|||43
bt|||6|||1660|||58|||43
dst|||4|||1098|||49|||44
dst|||5|||1098|||72|||44
dst|||6|||1098|||79|||44
dst|||7|||1098|||97|||44
new_arr|||2|||6|||16|||45
z|||1|||146|||17|||45
d_acts|||1|||294|||11|||45
d_acts|||4|||297|||11|||45
indexOutBatch|||1|||990|||46|||46
indexOutBatch|||2|||990|||68|||46
scores|||2|||1490|||174|||46
data_i|||5|||1302|||24|||47
q_i|||5|||1459|||5|||47
q_i|||8|||1462|||93|||47
q_i|||9|||1466|||27|||47
height|||3|||455|||8|||48
height|||6|||519|||8|||48
height|||10|||529|||8|||48
offset|||8|||853|||31|||49
offset|||9|||853|||42|||49
offset|||13|||855|||17|||49
offset|||14|||855|||28|||49
pixelNum|||3|||684|||49|||50
totalScoreNum|||1|||1535|||45|||50
INCX|||14|||291|||45|||51
column|||3|||301|||45|||51
:|||6|||336|||47|||51
sum|||8|||412|||47|||51
counts|||3|||428|||45|||51
p|||9|||601|||43|||51
char|||12|||638|||44|||51
d_label_sub|||3|||746|||29|||51
Row|||8|||797|||44|||51
LW|||3|||825|||47|||51
tIndx|||2|||1043|||38|||51
dst|||10|||1104|||32|||51
median|||2|||1152|||44|||51
stdvLogNormalFrame|||3|||1155|||40|||51
batchSize|||5|||1223|||44|||51
norm|||9|||1354|||46|||51
d_temp|||1|||1360|||40|||51
boxes|||8|||1504|||46|||51
&|||12|||1587|||42|||51
norm|||1|||1329|||179|||52
norm|||2|||1329|||189|||52
norm|||3|||1329|||264|||52
norm|||4|||1329|||281|||52
norm|||7|||1352|||60|||52
norm|||8|||1352|||77|||52
(|||1|||0|||3|||53
<|||1|||1|||6|||53
]|||2|||3|||6|||53
(|||4|||5|||3|||53
+|||2|||7|||6|||53
+|||4|||11|||6|||53
;|||15|||17|||6|||53
(|||11|||19|||3|||53
gid|||7|||125|||7|||53
dsubtract_matrix|||1|||142|||2|||53
z|||7|||188|||6|||53
-=|||4|||224|||5|||53
pow|||3|||244|||5|||53
base|||3|||274|||6|||53
twod|||2|||351|||4|||53
vecY|||4|||388|||6|||53
-1|||4|||478|||6|||53
l1_kernel|||1|||483|||2|||53
diff|||8|||489|||7|||53
temp|||15|||524|||5|||53
devidecountInner|||1|||561|||2|||53
|||||8|||650|||6|||53
sin|||3|||661|||7|||53
pixelNum|||11|||692|||6|||53
z|||11|||832|||6|||53
dcopy|||1|||959|||4|||53
dcopy|||13|||969|||5|||53
before_nms_boxes|||3|||1127|||3|||53
width_blk|||3|||1172|||5|||53
height_blk|||3|||1173|||5|||53
normalizacion|||1|||1204|||2|||53
aux|||5|||1207|||5|||53
sample|||4|||1325|||5|||53
add|||4|||1327|||5|||53
1e-8|||2|||1361|||4|||53
upsample_kernel|||1|||1396|||2|||53
out_w|||4|||1408|||3|||53
sample|||9|||1486|||5|||53
labels|||4|||1510|||5|||53
channel_in|||8|||1520|||3|||53
getTopkNum|||1|||1535|||2|||53
eltwise_kernel|||1|||1688|||2|||53
sample|||14|||1699|||5|||53
sx|||2|||440|||28|||54
__syncthreads|||4|||557|||27|||54
array_size|||1|||943|||17|||54
src|||5|||1098|||20|||54
d_indptr|||10|||1106|||14|||54
batchSize|||1|||1119|||22|||54
src|||14|||1141|||20|||54
newvalue|||1|||1152|||24|||54
data_im_ptr|||11|||1533|||21|||54
gpu_img_in_v|||4|||1660|||15|||54
n|||3|||18|||4|||55
n|||6|||29|||4|||55
n|||10|||129|||4|||55
n|||13|||149|||4|||55
3|||13|||679|||4|||55
3|||14|||680|||4|||55
3|||15|||681|||4|||55
indices|||3|||712|||4|||55
indices|||7|||739|||4|||55
elem|||11|||1307|||4|||55
scaleClamp|||11|||1720|||3|||55
scaleClamp|||14|||1723|||3|||55
:|||8|||484|||68|||56
devMat|||5|||580|||53|||56
d_ind|||2|||743|||47|||56
ELEMENT_INDEX|||2|||944|||55|||56
res|||5|||977|||71|||56
outputlength|||5|||990|||57|||56
nt|||3|||1053|||64|||56
G|||1|||1109|||67|||56
erff|||2|||1155|||53|||56
width_N|||7|||1176|||60|||56
tc|||7|||1427|||59|||56
si|||7|||1462|||59|||56
gpu_img_in_v|||2|||1655|||51|||56
0.331|||1|||1415|||89|||57
0.331|||2|||1419|||59|||57
0.331|||3|||1424|||14|||57
;|||6|||7|||14|||58
;|||10|||11|||14|||58
i|||3|||16|||16|||58
B|||1|||136|||13|||58
double|||14|||142|||12|||58
d_N|||4|||800|||12|||58
filter|||15|||1273|||15|||58
yp|||9|||1617|||15|||58
yp|||13|||1627|||15|||58
depth_scale|||2|||727|||84|||59
depth_scale|||3|||731|||37|||59
depth_scale|||4|||733|||14|||59
apply_grayscale|||1|||1108|||2|||59
resetHeapKernel|||1|||284|||2|||60
boundaryCorrectIndexesKernel|||1|||339|||2|||60
Blending_Kernel|||1|||355|||2|||60
matVecRowSubInplaceKernel|||1|||359|||2|||60
matVecColAddInplaceKernel|||1|||367|||2|||60
globalCalculateKernel|||1|||657|||2|||60
MatrixMulKernel|||1|||792|||2|||60
colLog2SumExp2Kernel|||1|||973|||2|||60
tasks|||2|||40|||20|||61
perimeterRes|||1|||584|||16|||61
areaRes|||3|||588|||14|||61
indptr|||2|||708|||20|||61
indptr|||7|||735|||20|||61
Pvalue|||5|||797|||21|||61
c2|||7|||808|||44|||62
w2|||1|||1314|||39|||62
f2|||2|||1329|||42|||62
w2|||4|||1475|||39|||62

count|||11|||1556|||194|||64
count|||12|||1556|||201|||64
h_col_start|||2|||1633|||196|||64
h_col_start|||4|||1636|||163|||64
w_col_start|||4|||1636|||178|||64
h_col_start|||6|||1648|||5|||64
w_col_start|||7|||1650|||5|||64
getCanBusData|||1|||115|||2|||65
matColMeanDiv|||1|||126|||2|||65
srcData|||11|||508|||5|||65
Start|||4|||825|||6|||65
RES|||11|||827|||6|||65
spatial|||13|||1070|||7|||65
image_c|||8|||1212|||3|||65
out_c|||4|||1410|||3|||65
0.25|||4|||1453|||5|||65
h_in|||3|||1512|||163|||66
||||6|||1587|||182|||66
gpu_img_out_b|||2|||1655|||166|||66
dw|||9|||1704|||224|||66
-1|||1|||472|||34|||67
-1|||7|||487|||37|||67
ptr_stc_1|||1|||1098|||24|||67
ptr_stc_1|||8|||1141|||24|||67
h1|||1|||1314|||29|||67
h1|||4|||1475|||29|||67
idx|||1|||10|||2|||68
idx|||6|||12|||2|||68
idx|||9|||14|||2|||68
idx|||11|||20|||2|||68
idx|||15|||22|||2|||68
index|||4|||34|||2|||68
index|||5|||35|||2|||68
index|||6|||38|||2|||68
j|||1|||91|||2|||68
j|||6|||93|||2|||68
index|||7|||99|||2|||68
index|||11|||153|||2|||68
j|||9|||232|||2|||68
row|||5|||253|||2|||68
row|||6|||254|||2|||68
row|||9|||256|||2|||68
Melement|||7|||1179|||1|||68
Nelement|||7|||1180|||1|||68
array|||3|||10|||28|||69
neighbors|||1|||877|||22|||69
neighbors|||7|||1001|||81|||69
d_KinectDisparityPitch|||3|||1257|||19|||69
I|||6|||1270|||29|||69
points|||1|||902|||20|||70
points|||2|||903|||88|||70
points|||3|||905|||68|||70
points|||5|||909|||28|||70
out|||2|||716|||82|||71
my_pixel|||7|||858|||63|||71
weight|||1|||878|||81|||71
pb|||1|||959|||76|||71
res|||6|||977|||90|||71
sample|||2|||1315|||79|||71
sample|||7|||1476|||79|||71
sample|||12|||1689|||79|||71
yp|||2|||1603|||134|||72
yp|||3|||1603|||140|||72
yp|||4|||1603|||239|||72
yp|||5|||1603|||245|||72
yp|||8|||1613|||55|||72
yp|||12|||1623|||55|||72
bIndx|||4|||1043|||99|||73
norm_val|||5|||1205|||102|||73
0.499|||4|||1419|||80|||73
bit4|||1|||1587|||101|||73
bit4|||2|||1587|||177|||73
f3|||4|||43|||0|||74
column|||5|||302|||1|||74
p|||4|||567|||1|||74
p|||14|||603|||1|||74
mean|||3|||625|||1|||74
std|||3|||684|||1|||74
images|||5|||690|||1|||74
images|||10|||693|||1|||74
mean|||11|||894|||1|||74
mean|||12|||896|||1|||74
extern|||1|||959|||1|||74
grad|||3|||1083|||1|||74
grad|||7|||1095|||1|||74
bx|||3|||1168|||1|||74
imag|||5|||1241|||1|||74
extern|||3|||1427|||1|||74
min|||8|||1605|||1|||74
min|||12|||1619|||1|||74
rt|||5|||1656|||1|||74
rt|||6|||1660|||1|||74
predictBox|||10|||1729|||0|||74
predictBox|||11|||1730|||0|||74
predictBox|||12|||1731|||0|||74
predictBox|||13|||1732|||0|||74
1|||1|||116|||41|||75
0|||15|||213|||42|||75
output|||8|||351|||37|||75
&&|||14|||463|||41|||75
height|||8|||526|||41|||75
idy|||2|||532|||39|||75
320|||1|||646|||39|||75
3|||8|||674|||44|||75
tx|||13|||696|||43|||75
maxvd|||6|||699|||40|||75
jj|||4|||708|||43|||75
0.21|||5|||853|||38|||75
my_pixel|||15|||861|||35|||75
/=|||10|||1013|||42|||75
nz|||1|||1052|||34|||75
numNodes|||1|||1097|||24|||75
numNodes|||2|||1140|||24|||75
bx|||2|||1167|||41|||75
inputScore|||2|||1536|||43|||75
0.0|||2|||631|||3|||76
0.0|||12|||721|||3|||76
ptr_src_0|||4|||1101|||1|||76
1.0|||3|||1106|||3|||76
ptr_src_0|||11|||1144|||1|||76
1.0|||6|||1149|||3|||76
=|||1|||6|||3|||77
=|||5|||10|||3|||77
=|||7|||16|||3|||77
=|||11|||20|||3|||77
=|||13|||27|||3|||77
t_id|||5|||64|||1|||77
num_threads|||3|||308|||1|||77
block_id|||3|||377|||1|||77
thread_id|||3|||378|||1|||77
num_threads|||7|||502|||1|||77
num_threads|||11|||543|||1|||77
__syncthreads|||7|||699|||1|||77
indices|||4|||713|||3|||77
indices|||8|||740|||3|||77
data_i|||7|||1303|||1|||77
sqrt|||5|||1347|||2|||77
sqrt|||6|||1348|||2|||77
r_i|||5|||1459|||1|||77
r_i|||9|||1466|||1|||77
xMin|||3|||1567|||2|||77
yMin|||3|||1568|||2|||77
blockIdx|||1|||1|||3|||78
blockIdx|||4|||3|||3|||78
threadIdx|||2|||7|||3|||78
threadIdx|||4|||11|||3|||78
threadIdx|||6|||17|||3|||78
blockIdx|||11|||21|||3|||78
blockIdx|||13|||28|||3|||78
score_factors|||2|||472|||58|||79
perimeterRes|||3|||585|||48|||79
p|||10|||601|||54|||79
meanImage|||2|||684|||54|||79
maxhd|||5|||696|||58|||79
jj|||5|||708|||57|||79
ind_in|||6|||746|||36|||79
weight|||4|||882|||55|||79
abs|||4|||890|||60|||79
mask_size|||3|||944|||49|||79
dim|||13|||1104|||41|||79
element_c|||2|||1135|||50|||79
ptr_src_0|||9|||1141|||41|||79
0.5f|||3|||1155|||49|||79
outPixelOffset|||6|||1298|||53|||79
norm2|||8|||1341|||55|||79
0.587|||2|||1419|||36|||79
image|||5|||858|||80|||80
diff|||10|||1298|||92|||80
height_col|||8|||1515|||67|||80
xMin|||1|||1556|||86|||80
128|||8|||1655|||79|||80
|||||2|||455|||5|||81
|||||4|||529|||5|||81
|||||6|||632|||5|||81
|||||11|||815|||5|||81
imageW|||2|||1028|||98|||82
imageW|||4|||1039|||7|||82
imageW|||5|||1040|||6|||82
anchorW|||1|||1704|||42|||82
anchorW|||2|||1704|||123|||82
anchorW|||3|||1704|||246|||82
anchorW|||4|||1704|||262|||82
anchorW|||5|||1710|||2|||82
preW|||4|||1710|||220|||82
anchorW|||8|||1710|||222|||82
preW|||6|||1710|||292|||82
anchorW|||11|||1725|||5|||82
ps|||1|||838|||64|||83
ps|||4|||838|||95|||83
ps|||6|||843|||22|||83
ps|||9|||844|||1|||83
ps|||11|||847|||5|||83
channel|||2|||829|||51|||84
channel|||3|||829|||77|||84
channel|||7|||835|||5|||84
channel|||9|||1587|||194|||84
X|||1|||77|||12|||85
X|||4|||81|||12|||85
X|||12|||269|||15|||85
X|||13|||290|||12|||85
g_in|||1|||327|||10|||85
ind_in|||8|||748|||7|||85
ind_in|||9|||749|||7|||85
0.0f|||7|||1257|||31|||86
sqrtf|||10|||1279|||100|||86
0.0f|||9|||1536|||143|||86
numElements|||2|||1|||7|||87
*|||2|||5|||5|||87
float|||1|||15|||7|||87
*|||11|||19|||5|||87
blockDim|||6|||21|||7|||87
blockDim|||8|||28|||7|||87
c|||1|||62|||6|||87
+=|||10|||70|||9|||87
gridDim|||8|||101|||7|||87
val1|||4|||165|||7|||87
voxelCount|||3|||218|||8|||87
even_inc|||4|||262|||5|||87
odd_inc|||4|||265|||5|||87
prA|||7|||275|||7|||87
>|||8|||343|||7|||87
2|||3|||351|||6|||87
-1|||3|||477|||8|||87
pred|||3|||487|||9|||87
FFT|||1|||509|||6|||87
convertFloatToRGBA_kernel|||1|||514|||2|||87
2|||12|||574|||5|||87
key|||1|||637|||6|||87
maxvd|||15|||704|||7|||87
fabsf_clamp_kernel|||1|||762|||2|||87
i1|||8|||842|||6|||87
|||||15|||954|||7|||87
idx_y|||5|||1032|||5|||87
bIndx|||6|||1048|||7|||87
bIndx|||9|||1051|||7|||87
batchSize|||3|||1126|||9|||87
eachElement|||7|||1139|||7|||87
255|||7|||1162|||9|||87
aux|||12|||1221|||5|||87
batchSize|||6|||1229|||9|||87
filterLength|||3|||1269|||7|||87
I|||7|||1273|||8|||87
k_adam_kernel|||1|||1359|||2|||87
batchSize|||9|||1541|||9|||87
dw|||5|||1571|||8|||87
dw|||6|||1572|||8|||87
yuv2rgb_kernel|||1|||1654|||2|||87
batchSize|||12|||1709|||9|||87
int|||4|||7|||0|||88
int|||8|||11|||0|||88
int|||11|||17|||0|||88
int|||14|||21|||0|||88
mat|||4|||71|||0|||88
B|||3|||141|||0|||88
A|||10|||256|||0|||88
heap|||3|||289|||0|||88
mat|||8|||366|||0|||88
mat|||12|||374|||0|||88
pn|||9|||569|||0|||88
circ|||4|||589|||0|||88
std|||5|||685|||0|||88
image|||10|||862|||0|||88
image|||11|||864|||0|||88
image|||12|||866|||0|||88
image|||13|||868|||0|||88
U|||6|||942|||0|||88
variance|||5|||1065|||0|||88
variance|||8|||1071|||0|||88
variance|||9|||1072|||0|||88
real|||7|||1249|||0|||88
dx|||4|||1296|||0|||88
v|||8|||1366|||0|||88
h|||14|||1375|||0|||88
rt|||9|||1661|||0|||88
dh|||10|||1724|||0|||88
nrows|||1|||57|||6|||89
d_in|||4|||171|||9|||89
X|||7|||194|||9|||89
X|||10|||266|||9|||89
d_in|||12|||339|||6|||89
sxz|||1|||458|||6|||89
nnz|||3|||461|||11|||89
a_in|||4|||714|||9|||89
c_in|||8|||741|||9|||89
left_rows|||1|||912|||5|||89
psi|||1|||958|||7|||89
psi|||6|||1426|||7|||89
1|||2|||120|||6|||90
1|||10|||202|||6|||90
1|||13|||204|||5|||90
grayValue|||2|||849|||99|||90
grayValue|||6|||856|||5|||90
pValue|||2|||1167|||114|||90
pValue|||3|||1167|||133|||90
RES|||3|||822|||52|||91
RES|||4|||822|||62|||91
RES|||5|||822|||74|||91
RES|||6|||825|||24|||91
RES|||8|||825|||40|||91
RES|||12|||827|||16|||91
right|||2|||913|||89|||92
w|||3|||1013|||94|||92
spatial|||5|||1060|||98|||92
real|||2|||1237|||98|||92
real|||3|||1237|||134|||92
real|||4|||1237|||136|||92
I|||5|||1262|||89|||92
unsigned|||14|||355|||4|||93
val2|||4|||165|||14|||94
i2|||7|||842|||12|||94
h2|||3|||1325|||14|||94
h2|||6|||1486|||14|||94
s2|||3|||1488|||12|||94
h2|||9|||1699|||14|||94
Kernel_Dot_reduction2|||1|||811|||2|||95
i2|||2|||838|||36|||95
i2|||6|||841|||5|||95
h2|||1|||1314|||42|||95
w2|||2|||1315|||81|||95
norm2|||12|||1349|||5|||95
beta2|||4|||1363|||39|||95
h2|||4|||1475|||42|||95
w2|||5|||1476|||81|||95
y2|||6|||1578|||7|||95
gt2|||1|||1655|||11|||95
rt2|||10|||1667|||6|||95
bt2|||10|||1668|||6|||95
gt2|||10|||1669|||6|||95
w2|||8|||1689|||81|||95
4|||7|||1120|||105|||96
width_col|||8|||1515|||72|||96
0x01|||4|||1587|||94|||96
scale|||6|||336|||53|||97
output|||9|||351|||46|||97
score|||6|||472|||53|||97
diff|||2|||484|||53|||97
nxprj2|||3|||510|||45|||97
width|||8|||515|||52|||97
dec_index|||4|||572|||38|||97
memWidth|||4|||580|||42|||97
perimeterRes|||2|||585|||43|||97
while|||7|||591|||49|||97
keyCharPtr|||2|||638|||47|||97
g|||6|||678|||54|||97
RES|||9|||825|||52|||97
ib|||2|||1053|||51|||97
elem|||8|||1302|||42|||97
c2|||10|||1314|||45|||97
minh|||2|||1315|||50|||97
learning_rate|||1|||1359|||37|||97
0.299|||2|||1419|||32|||97
realPart|||12|||1466|||45|||97
c2|||13|||1475|||45|||97
minh|||7|||1476|||50|||97
threshold|||2|||1536|||52|||97
gpu_img_out_r|||1|||1654|||25|||97
minh|||12|||1689|||50|||97
data|||6|||33|||27|||98
a|||8|||95|||27|||98
a|||15|||112|||27|||98
Zsize|||2|||562|||24|||98
perimeterRes|||6|||589|||20|||98
clamp_max|||1|||762|||18|||98
array_size|||6|||952|||20|||98
drho|||1|||1426|||21|||98
*=|||8|||84|||12|||99
*=|||10|||197|||12|||99
image_c|||1|||1204|||6|||99
)|||3|||2|||7|||100
;|||3|||4|||8|||100
blockIdx|||7|||7|||7|||100
old_arr|||3|||8|||5|||100
blockIdx|||9|||11|||7|||100
]|||11|||13|||9|||100
;|||12|||14|||9|||100
tasks|||1|||39|||5|||100
matDiagAddInplaceKernel|||1|||66|||2|||100
alpha|||8|||71|||9|||100
N|||10|||77|||5|||100
N|||13|||81|||5|||100
vec_out|||9|||110|||5|||100
double|||7|||126|||4|||100
/|||3|||131|||9|||100
dmul_Scalar_matrix|||1|||132|||2|||100
size|||4|||136|||5|||100
double|||12|||142|||4|||100
n|||11|||146|||5|||100
A|||4|||156|||6|||100
vec|||4|||366|||9|||100
vec|||8|||374|||9|||100
score_thr|||3|||395|||7|||100
k_x|||9|||408|||4|||100
==|||14|||429|||8|||100
matPerRowDivInplaceKernel|||1|||431|||2|||100
rows|||7|||535|||8|||100
long|||3|||561|||4|||100
cudaKernel_estimateSnr|||1|||621|||2|||100
keyIndex|||4|||643|||5|||100
input|||14|||673|||7|||100
images|||1|||683|||6|||100
maxhd|||15|||703|||7|||100
s|||13|||761|||9|||100
RES|||1|||821|||6|||100
meshStride|||9|||885|||8|||100
neighbor|||8|||888|||9|||100
MASK_RADIUS|||5|||952|||5|||100
mask|||6|||956|||7|||100
w|||7|||1024|||7|||100
h|||8|||1026|||7|||100
imageH|||4|||1038|||8|||100
batch|||8|||1060|||7|||100
spatial|||7|||1067|||9|||100
ptr_src_0|||5|||1103|||5|||100
sgemm_kernelGPU|||1|||1134|||2|||100
real|||9|||1251|||9|||100
sumQ|||10|||1277|||5|||100
data_i|||10|||1309|||7|||100
filtSig|||5|||1312|||8|||100
K|||11|||1379|||9|||100
0.5|||7|||1393|||7|||100
channel_out|||6|||1524|||3|||100
||||9|||1599|||7|||100
-|||7|||188|||20|||101
-|||8|||228|||32|||101
-|||12|||244|||17|||101
dim|||2|||67|||20|||102
dim|||8|||112|||20|||102
count|||2|||190|||20|||102
output|||11|||354|||19|||102
maxhd|||7|||699|||19|||102
s|||8|||756|||21|||102
meshStride|||5|||882|||20|||102
right_columns|||1|||912|||11|||102
right_columns|||9|||922|||19|||102
col_b|||9|||933|||15|||102
rho|||1|||958|||16|||102
dx|||3|||1293|||23|||102
dims|||3|||51|||4|||103
dims|||6|||318|||4|||103
dims|||9|||392|||4|||103
dims|||12|||474|||4|||103
i1|||3|||838|||42|||104
host_inputArray1|||3|||1139|||16|||104
ptr_stc_1|||9|||1141|||45|||104
-1|||12|||1237|||95|||104
i1|||9|||1329|||97|||104
norm1|||5|||1329|||181|||104
beta1|||5|||1363|||26|||104
arr|||4|||31|||0|||105
delta|||4|||490|||0|||105
s|||12|||760|||0|||105
RES|||10|||827|||0|||105
extern|||2|||960|||0|||105
largest|||10|||1195|||0|||105
delta|||12|||1357|||0|||105
delta|||13|||1358|||0|||105
w|||12|||1369|||0|||105
vec|||12|||1393|||0|||105
vec|||13|||1395|||0|||105
extern|||4|||1428|||0|||105
gt|||9|||1662|||0|||105

num|||3|||103|||6|||107
inputleft|||3|||193|||5|||107
jj|||9|||712|||6|||107
diag|||3|||1005|||6|||107
runFilterCuda|||1|||1261|||2|||107
d|||1|||1028|||75|||108
d|||2|||1028|||83|||108
d|||8|||1036|||23|||108
d|||12|||1039|||5|||108
;|||1|||1|||18|||109
i|||12|||27|||18|||109
<|||12|||41|||18|||109
j|||2|||91|||18|||109
index|||12|||153|||18|||109
:|||2|||182|||21|||109
:|||7|||338|||21|||109
sx|||1|||439|||15|||109
szbeg|||1|||458|||12|||109
size_t|||1|||683|||15|||109
jj|||8|||711|||19|||109
d_ind_sub|||1|||742|||6|||109
npml|||13|||842|||14|||109
0.07|||5|||853|||18|||109
rows|||13|||1073|||17|||109
pixel|||2|||1152|||18|||109
sr|||1|||1236|||14|||109
result|||1|||160|||6|||110
result|||6|||613|||51|||110
result|||11|||620|||9|||110
thread_index|||1|||306|||2|||111
thread_index|||6|||500|||2|||111
thread_index|||11|||541|||2|||111
dec_index|||1|||572|||2|||111
dec_index|||7|||575|||2|||111
out_index|||6|||1021|||2|||111
in_index|||3|||1023|||2|||111
out_index|||8|||1025|||2|||111
out_index|||9|||1026|||2|||111
out_index|||13|||1327|||2|||111
pb|||3|||959|||98|||112
max_coordinate|||2|||1120|||99|||112
pixel|||7|||1152|||89|||112
Nelement|||1|||1167|||100|||112
data|||9|||1298|||95|||112
add_index|||1|||1315|||100|||112
f1|||3|||1329|||105|||112
add_index|||5|||1476|||100|||112
w_in|||1|||1512|||81|||112
xMid|||2|||1556|||88|||112
h_col_end|||3|||1636|||96|||112
add_index|||9|||1689|||100|||112
count|||5|||440|||33|||113
images|||7|||690|||29|||113
ps|||8|||843|||33|||113
mask_size|||1|||943|||20|||113
d_indptr|||1|||1097|||14|||113
d_indptr|||12|||1140|||14|||113
Row|||12|||1167|||30|||113
max_size|||2|||1360|||26|||113
ksize|||1|||1511|||23|||113
inputIndex|||4|||1544|||28|||113
ksize|||15|||1632|||23|||113
get_ev|||1|||5|||2|||114
int|||5|||9|||4|||114
int|||9|||15|||4|||114
PSIfill|||1|||85|||2|||114
1|||3|||121|||5|||114
tmp|||3|||130|||6|||114
1|||12|||203|||5|||114
2|||9|||558|||6|||114
distanceMatCalc|||1|||1297|||2|||114
m_hat|||1|||1360|||90|||115
v_hat|||1|||1360|||104|||115
m_hat|||2|||1360|||128|||115
v_hat|||2|||1360|||130|||115
m_hat|||3|||1363|||52|||115
v_hat|||3|||1363|||66|||115
m_hat|||4|||1363|||90|||115
v_hat|||4|||1363|||92|||115
}|||4|||6|||26|||116
}|||9|||20|||30|||116
}|||12|||27|||30|||116
inputleft|||2|||190|||29|||116
length|||4|||245|||17|||116
nxprj2|||7|||513|||23|||116
pcountinner|||1|||561|||23|||116
snrValue|||1|||621|||21|||116
a_in|||7|||739|||27|||116
c2|||8|||810|||29|||116
RES|||13|||827|||28|||116
0.21|||6|||855|||24|||116
idx_x|||6|||1036|||27|||116
ptr_src_0|||6|||1104|||19|||116
4|||13|||1132|||26|||116
ptr_src_0|||13|||1147|||19|||116
L|||4|||1236|||25|||116
data|||8|||1297|||23|||116
y2|||7|||1578|||27|||116
pos|||2|||532|||71|||117
maxvd|||4|||696|||79|||117
offset|||3|||849|||76|||117
result|||14|||913|||75|||117
ELEMENT_INDEX|||3|||944|||67|||117
in|||2|||990|||75|||117
!=|||1|||1298|||70|||117
tc|||9|||1427|||73|||117
in|||7|||1587|||70|||117
in|||10|||1587|||121|||117
in|||11|||1587|||138|||117
in|||12|||1587|||155|||117
alpha|||6|||67|||32|||118
vec_out|||3|||106|||28|||118
nthreads|||2|||116|||31|||118
/|||1|||127|||32|||118
val1|||2|||161|||30|||118
heapPtr|||2|||285|||30|||118
jsz|||3|||461|||28|||118
4|||3|||638|||29|||118
indptr|||1|||707|||18|||118
indptr|||6|||734|||18|||118
IJ|||11|||825|||32|||118
__restrict__|||2|||902|||25|||118
result|||12|||912|||23|||118
maximum|||7|||977|||35|||118
-=|||14|||1008|||29|||118
sources_z|||1|||1052|||24|||118
sources_x|||2|||1053|||29|||118
pixelsPerFrame|||1|||1151|||22|||118
norm_val|||8|||1210|||27|||118
delta|||10|||1354|||31|||118
beta1|||1|||1359|||25|||118
v|||5|||1363|||29|||118
totalScoreNum|||6|||1542|||28|||118
zq|||13|||1617|||29|||118
w1|||7|||1688|||26|||118
dev_c|||2|||812|||87|||119
dev_c|||5|||925|||83|||119
element_c|||3|||1135|||81|||119
element_c|||5|||1139|||14|||119
normM1_c|||1|||1204|||21|||119
image_c|||4|||1205|||104|||119
normM_c|||2|||1205|||122|||119
normM1_c|||2|||1205|||129|||119
image_c|||6|||1210|||53|||119
image_c|||7|||1210|||64|||119
normM_c|||3|||1210|||82|||119
normM1_c|||3|||1210|||89|||119
out_c|||1|||1397|||82|||119
in_c|||1|||1397|||116|||119
in_c|||2|||1397|||131|||119
idx|||4|||10|||30|||120
r|||2|||73|||31|||120
-|||4|||143|||31|||120
tx|||3|||258|||29|||120
3|||5|||435|||32|||120
r|||5|||674|||31|||120
image|||2|||858|||23|||120
col_a|||1|||924|||20|||120
NJ|||5|||935|||28|||120
meshStride|||13|||1000|||29|||120
colsB|||1|||1042|||23|||120
Ad|||3|||1050|||24|||120
128|||11|||1660|||20|||120
N_mobil|||4|||645|||18|||121
forward|||1|||1396|||27|||121
2|||11|||572|||50|||122
mean|||2|||622|||68|||122
keyChar|||2|||638|||57|||122
matrix|||2|||716|||67|||122
pitch|||2|||727|||65|||122
d_out_grad|||3|||1147|||48|||122
newvalue|||6|||1155|||55|||122
d_regularDisparity|||3|||1257|||50|||122
minc|||3|||1315|||65|||122
minc|||8|||1476|||65|||122
minc|||13|||1689|||65|||122
vec_out|||7|||109|||11|||123
d_out|||5|||238|||10|||123
edad|||5|||650|||14|||123
edad|||11|||653|||12|||123
ind_out|||11|||747|||12|||123
boxes_out|||11|||1496|||12|||123
h_out|||9|||1524|||7|||123
keyIndex|||2|||638|||49|||124
sampleIndex|||1|||1262|||2|||124
sampleIndex|||9|||1264|||2|||124
sampleIndex|||13|||1271|||2|||124
anchorIndex|||1|||1535|||31|||124
outputIndex|||6|||1542|||33|||124
offset|||1|||849|||47|||125
offset|||2|||849|||67|||125
offset|||4|||849|||87|||125
offset|||5|||849|||96|||125
int|||3|||6|||1|||126
int|||7|||10|||1|||126
int|||10|||16|||1|||126
int|||13|||20|||1|||126
array|||6|||14|||0|||127
array|||11|||24|||0|||127
return|||2|||25|||0|||127
unsigned|||2|||34|||0|||127
return|||5|||37|||0|||127
return|||8|||53|||0|||127
return|||10|||61|||0|||127
array|||15|||89|||0|||127
unsigned|||6|||187|||0|||127
while|||2|||201|||0|||127
while|||4|||223|||0|||127
const|||14|||240|||0|||127
const|||15|||241|||0|||127
unsigned|||13|||272|||0|||127
while|||6|||564|||0|||127
while|||8|||594|||0|||127
while|||10|||1584|||0|||127
vecX|||3|||388|||13|||128
devMatX|||9|||583|||10|||128
availablePixels|||1|||715|||9|||128
availablePixels|||4|||1297|||9|||128
d_temp|||10|||1365|||12|||128
d_temp|||11|||1366|||12|||128
dim|||5|||70|||5|||129
diffusion|||1|||869|||2|||129
largest|||1|||1184|||59|||130
largest|||2|||1184|||98|||130
largest|||3|||1184|||103|||130
largest|||4|||1184|||108|||130
largest|||5|||1184|||149|||130
largest|||6|||1191|||1|||130
largest|||7|||1193|||21|||130
largest|||9|||1193|||31|||130
largest|||11|||1195|||5|||130
cotans|||2|||878|||83|||131
cotans|||5|||887|||3|||131
cotans|||10|||1010|||3|||131
]|||4|||6|||19|||132
arrayCount|||2|||10|||20|||132
+|||5|||16|||23|||132
N|||5|||33|||21|||132
ncols|||2|||58|||20|||132
>=|||5|||73|||21|||132
maxThreads|||2|||86|||20|||132
a|||5|||91|||21|||132
10|||2|||182|||24|||132
myId|||2|||186|||19|||132
while|||3|||220|||21|||132
2|||1|||258|||21|||132
base|||1|||270|||17|||132
numBlock|||2|||285|||20|||132
char|||3|||355|||15|||132
vec|||3|||363|||24|||132
vec|||7|||371|||24|||132
valid_mask|||1|||389|||14|||132
L_x|||1|||401|||14|||132
r_sum|||1|||411|||13|||132
==|||11|||424|||20|||132
mx|||2|||440|||23|||132
delta|||3|||487|||24|||132
alpha|||12|||499|||16|||132
rows|||4|||531|||14|||132
stride|||14|||557|||24|||132
devMat|||2|||580|||18|||132
compCount|||2|||585|||20|||132
corrValidCount|||3|||625|||21|||132
pixelNum|||8|||690|||21|||132
maxhd|||13|||702|||20|||132
jj|||10|||712|||20|||132
matrix|||1|||715|||16|||132
inv_sub_factor|||4|||747|||15|||132
d_P|||1|||792|||14|||132
i2|||8|||842|||16|||132
colorImage|||5|||853|||20|||132
pixels_per_image|||1|||857|||12|||132
dt|||1|||869|||19|||132
binary|||1|||889|||16|||132
cell|||8|||917|||22|||132
out_index|||7|||1023|||20|||132
idx_y|||1|||1028|||17|||132
buffer|||3|||1036|||21|||132
cols|||13|||1073|||20|||132
G|||3|||1113|||24|||132
pixelsPerFrame|||2|||1152|||20|||132
Nd|||4|||1178|||19|||132
groups|||1|||1183|||18|||132
d_regularDisparityPitch|||4|||1260|||15|||132
data|||13|||1307|||22|||132
data_j|||10|||1309|||18|||132
c2|||12|||1325|||19|||132
q|||10|||1379|||24|||132
gpu_img_in_r|||1|||1414|||10|||132
0.418|||3|||1425|||14|||132
si|||5|||1454|||18|||132
c2|||15|||1486|||19|||132
add_index|||8|||1488|||16|||132
data_col_ptr|||13|||1530|||16|||132
outputScore|||1|||1535|||16|||132
||||14|||1599|||17|||132
yp|||10|||1617|||21|||132
yp|||14|||1627|||21|||132
boxes_before_nms|||11|||1676|||15|||132
add_index|||13|||1701|||18|||132
bands|||3|||1205|||85|||133
bands|||6|||1211|||8|||133
bands|||7|||1215|||8|||133
ksize|||9|||1515|||121|||134
0x01|||7|||1587|||145|||134
bit7|||2|||1587|||171|||134
add|||10|||1689|||162|||134
k|||5|||232|||50|||135
==|||7|||316|||52|||135
valid_mask|||3|||390|||46|||135
&&|||10|||446|||49|||135
devMat|||4|||580|||40|||135
0.0|||10|||716|||47|||135
IJ|||14|||825|||49|||135
col_b|||7|||930|||41|||135
weight|||11|||1005|||49|||135
nt|||1|||1052|||42|||135
eachElement|||2|||1135|||43|||135
ENDCOM|||1|||1141|||35|||135
W_grid|||3|||1371|||46|||135
boxes_out|||3|||1490|||47|||135
0x01|||1|||1587|||43|||135
P|||4|||1603|||51|||135
/|||6|||167|||38|||136
val|||6|||179|||42|||136
0.85|||1|||271|||36|||136
heap|||2|||285|||39|||136
tempval|||2|||402|||32|||136
&&|||8|||446|||39|||136
alpha|||14|||504|||37|||136
p|||2|||562|||37|||136
p|||8|||601|||38|||136
char|||11|||638|||37|||136
dia|||4|||646|||37|||136
maxhd|||2|||696|||41|||136
ind_in|||5|||746|||26|||136
ib|||1|||1053|||39|||136
batchSize|||2|||1120|||40|||136
image_size|||2|||1205|||38|||136
priorNum|||7|||1230|||39|||136
Q|||3|||1270|||41|||136
W|||4|||1380|||45|||136
r_q|||6|||1462|||37|||136
q_q|||9|||1466|||34|||136
4|||15|||1490|||40|||136
0.00304f|||1|||1556|||38|||136
size|||6|||139|||4|||137
size|||9|||155|||4|||137
size|||12|||163|||4|||137
size|||15|||201|||4|||137
;|||4|||6|||15|||138
;|||8|||10|||15|||138
Isg|||3|||843|||17|||138
shared_dimensions|||1|||912|||8|||138
ret|||5|||930|||16|||138
samplesLength|||1|||1261|||13|||138
if|||2|||2|||0|||139
if|||4|||12|||0|||139
if|||6|||18|||0|||139
if|||8|||22|||0|||139
if|||10|||29|||0|||139
if|||12|||35|||0|||139
if|||15|||51|||0|||139
buf|||4|||131|||0|||139
temp|||6|||418|||0|||139
temp|||14|||523|||0|||139
long|||7|||563|||0|||139
long|||12|||593|||0|||139
images|||8|||691|||0|||139
images|||11|||694|||0|||139
buf|||8|||988|||0|||139
,|||3|||9|||7|||140
(|||14|||26|||3|||140
,|||15|||48|||7|||140
cudaAddCorrAndCorrection|||1|||72|||2|||140
-=|||11|||691|||8|||140
sumI|||10|||1276|||5|||140
0.25|||3|||1451|||7|||140
width_col|||10|||1516|||5|||140
width_col|||11|||1517|||5|||140
<<|||9|||1591|||14|||141
<<|||10|||1592|||14|||141
<<|||11|||1593|||14|||141
<<|||12|||1594|||14|||141
<<|||13|||1595|||14|||141
<<|||14|||1596|||14|||141
<<|||15|||1597|||14|||141
IJ|||3|||822|||54|||142
IJ|||4|||822|||59|||142
IJ|||5|||822|||64|||142
IJ|||7|||822|||76|||142
NJ|||2|||822|||78|||142
IJ|||8|||822|||84|||142
NJ|||3|||825|||56|||142
NJ|||4|||827|||32|||142
NJ|||7|||939|||55|||142
const|||1|||48|||8|||143
const|||2|||57|||4|||143
const|||5|||111|||4|||143
const|||7|||160|||8|||143
const|||10|||172|||8|||143
const|||13|||239|||10|||143
add_100|||1|||0|||2|||144
]|||3|||4|||5|||144
)|||7|||12|||5|||144
array|||5|||13|||6|||144
y|||4|||18|||6|||144
scale|||3|||23|||6|||144
alpha|||3|||30|||6|||144
memsetCudaInt|||1|||32|||2|||144
blockDim|||9|||33|||5|||144
0|||3|||43|||5|||144
arrayA|||3|||47|||5|||144
float|||8|||48|||4|||144
0|||7|||55|||6|||144
return|||12|||75|||6|||144
X|||3|||80|||6|||144
X|||6|||84|||6|||144
y|||13|||114|||6|||144
C|||3|||159|||6|||144
val|||13|||184|||6|||144
Y|||3|||197|||6|||144
lu|||3|||230|||6|||144
fill_matrix|||1|||251|||2|||144
evenoddincrement|||1|||257|||2|||144
Y|||6|||269|||6|||144
num_nodes|||3|||273|||4|||144
base|||4|||275|||5|||144
Y|||9|||293|||6|||144
un_idx|||6|||299|||2|||144
transposeNaive|||1|||300|||2|||144
==|||9|||324|||6|||144
input|||12|||338|||6|||144
twod|||4|||352|||3|||144
is_repeat|||1|||420|||2|||144
InitCCL|||1|||451|||2|||144
reference|||3|||457|||5|||144
addMatrixGPU|||1|||462|||2|||144
diff|||9|||490|||6|||144
A|||13|||497|||6|||144
LreluForward|||1|||499|||2|||144
width|||10|||520|||6|||144
trans_pos|||6|||539|||2|||144
LreluBackward|||1|||540|||2|||144
gpuReduceRecursive|||1|||550|||2|||144
O|||3|||560|||6|||144
pn|||6|||567|||6|||144
cudaConvertToBits|||1|||571|||2|||144
bit_index|||5|||577|||2|||144
bit_index|||6|||578|||2|||144
devidecount|||1|||590|||2|||144
input_length|||3|||640|||4|||144
4|||4|||641|||5|||144
keyCharPtr|||4|||643|||3|||144
possible_plaintext_str_cuda|||3|||644|||0|||144
vectorMatrixMult|||1|||715|||2|||144
outPixelOffset|||4|||725|||4|||144
d_M|||4|||800|||3|||144
Start|||6|||826|||5|||144
channel|||6|||834|||6|||144
f|||9|||897|||6|||144
cell|||15|||921|||6|||144
row_a|||3|||929|||4|||144
End|||6|||940|||5|||144
U|||7|||942|||5|||144
stepSize|||10|||966|||5|||144
outputlength|||6|||993|||5|||144
kernel_columns|||1|||1027|||2|||144
filterR|||5|||1035|||5|||144
src|||12|||1107|||2|||144
307|||3|||1117|||5|||144
getOffsetBox|||1|||1119|||2|||144
before_nms_boxes|||4|||1128|||2|||144
numPerbatch|||10|||1130|||4|||144
numPerbatch|||13|||1133|||4|||144
Nelement|||8|||1181|||4|||144
groups|||5|||1186|||6|||144
permuteData|||1|||1222|||2|||144
h|||9|||1371|||6|||144
depth|||13|||1390|||4|||144
gpu_img_out_u|||4|||1424|||0|||144
gpu_img_out_v|||4|||1425|||0|||144
r_i|||13|||1471|||3|||144
r_i|||14|||1472|||3|||144
uSum|||7|||1474|||5|||144
h_in|||10|||1530|||4|||144
bit8Channels|||1|||1586|||2|||144
8|||4|||1600|||5|||144
w_col|||9|||1649|||4|||144
bt|||1|||1655|||6|||144
gpu_img_out_b|||4|||1668|||0|||144
gpu_img_out_g|||4|||1669|||0|||144
occNo|||1|||958|||12|||145
occNo|||2|||959|||15|||145
occNo|||4|||1426|||17|||145
occNo|||5|||1427|||33|||145
copy_array_d2d|||1|||445|||2|||146
Md|||1|||1166|||6|||146
size3d|||2|||1383|||127|||146
size3d|||4|||1392|||8|||146
size3d|||6|||1441|||127|||146
size3d|||8|||1450|||8|||146
<|||2|||2|||5|||147
=|||4|||8|||4|||147
countRangesGlobal|||1|||136|||2|||147
add_arrays|||1|||146|||2|||147
-=|||5|||225|||4|||147
numBlock|||7|||289|||5|||147
column|||6|||304|||6|||147
>|||11|||395|||6|||147
copy_swap|||1|||401|||2|||147
resizedClsScore|||1|||471|||2|||147
score|||8|||481|||6|||147
maxval|||8|||626|||5|||147
|||||9|||651|||5|||147
size_t|||6|||689|||4|||147
>>|||4|||698|||6|||147
npml|||11|||842|||4|||147
matrixMultiplication|||1|||924|||2|||147
Backwardsub|||1|||935|||2|||147
d_indices|||3|||1104|||4|||147
d_indices|||7|||1147|||4|||147
CDFfunction|||1|||1151|||2|||147
convLength|||3|||1264|||4|||147
samplesLength|||4|||1272|||5|||147
opL23|||1|||1382|||2|||147
||||8|||1599|||5|||147
boxes_before_nms|||10|||1676|||2|||147
arrayCount|||3|||12|||4|||148
array|||7|||14|||5|||148
alpha|||4|||31|||5|||148
d_in|||15|||343|||3|||148
f_in|||4|||408|||2|||148
compCount|||3|||587|||4|||148
bitPrune|||1|||989|||2|||148
batch|||5|||995|||3|||148
batch|||6|||997|||3|||148
frontPrune|||3|||998|||3|||148
groups|||6|||1187|||5|||148
groups|||7|||1188|||5|||148
imagPart|||6|||1460|||3|||148
realPart|||14|||1473|||3|||148
h_in|||11|||1531|||3|||148
w_in|||11|||1532|||3|||148
scaleClamp|||10|||1719|||4|||148
scaleClamp|||13|||1722|||4|||148
,|||1|||0|||6|||149
,|||6|||19|||7|||149
,|||9|||26|||10|||149
,|||10|||32|||7|||149
,|||13|||44|||7|||149
,|||14|||44|||11|||149
K|||1|||1134|||25|||150
K|||2|||1135|||45|||150
K|||4|||1135|||65|||150
K|||5|||1139|||9|||150
K|||7|||1139|||29|||150
K|||9|||1371|||79|||150
K|||10|||1371|||92|||150
filters|||2|||1060|||48|||151
filters|||3|||1060|||92|||151
filters|||7|||1070|||5|||151
filters|||11|||1279|||123|||151
filters|||12|||1279|||134|||151
filters|||15|||1288|||5|||151
blockIdx|||3|||2|||2|||152
blockIdx|||5|||4|||2|||152
idx|||7|||13|||3|||152
index|||1|||33|||3|||152
vec_out|||5|||109|||1|||152
A|||3|||140|||3|||152
d_out|||3|||170|||1|||152
myId|||6|||187|||2|||152
myId|||7|||188|||2|||152
k|||7|||235|||3|||152
k|||10|||236|||3|||152
lid|||3|||240|||3|||152
gid|||14|||241|||3|||152
d_out|||7|||243|||1|||152
d_out|||11|||249|||1|||152
row|||1|||252|||3|||152
row|||7|||255|||3|||152
g_data|||4|||261|||1|||152
g_data|||6|||264|||1|||152
g_out|||4|||333|||1|||152
valid_mask|||4|||396|||1|||152
valid_mask|||6|||399|||1|||152
device_output|||4|||424|||1|||152
cluster|||1|||440|||3|||152
truth|||4|||488|||3|||152
pos|||3|||536|||3|||152
stride|||10|||556|||3|||152
pcount|||6|||596|||2|||152
edad|||10|||653|||2|||152
maxhd|||14|||703|||2|||152
maxvd|||14|||704|||2|||152
Pvalue|||4|||797|||2|||152
column|||9|||829|||3|||152
gp|||4|||845|||3|||152
grayValue|||5|||855|||2|||152
my_pixel|||10|||859|||1|||152
abs|||5|||896|||3|||152
f|||10|||900|||3|||152
l|||11|||906|||3|||152
ELEMENT_INDEX|||6|||947|||1|||152
ELEMENT_INDEX|||11|||952|||1|||152
G|||5|||1115|||3|||152
newvalue|||4|||1155|||2|||152
powf|||7|||1289|||2|||152
sqrtf|||11|||1290|||2|||152
minw|||5|||1319|||2|||152
eps|||1|||1360|||3|||152
size_t|||8|||1397|||1|||152
out_w|||3|||1401|||1|||152
in_w|||3|||1408|||1|||152
minw|||10|||1480|||2|||152
boxes_out|||10|||1496|||1|||152
w_out|||7|||1516|||1|||152
h_out|||7|||1518|||1|||152
channel_out|||5|||1520|||1|||152
bit0|||3|||1591|||2|||152
bit3|||3|||1594|||2|||152
bit6|||3|||1597|||2|||152
P|||5|||1607|||3|||152
P|||6|||1608|||3|||152
gt|||5|||1656|||3|||152
minw|||15|||1693|||2|||152
dev_c|||3|||820|||0|||153
dev_c|||7|||934|||0|||153
image_c|||13|||1218|||0|||153
imag|||3|||1237|||138|||153
sumQ|||4|||1262|||120|||153
elem|||5|||1298|||114|||153
out_c|||2|||1397|||118|||153
0.0813|||2|||1419|||88|||153
d_ch_flag|||2|||601|||78|||154
:|||15|||727|||81|||154
in_index|||1|||1013|||88|||154
erff|||1|||1152|||75|||154
255|||5|||1155|||74|||154
Melement|||1|||1167|||85|||154
diff|||14|||1302|||75|||154
0.975f|||1|||1556|||71|||154
100|||1|||1|||17|||155
100|||2|||3|||8|||155
100|||3|||4|||7|||155
100|||4|||137|||32|||155
100|||5|||140|||8|||155
uidx|||1|||1074|||89|||156
uidx|||2|||1074|||115|||156
uidx|||6|||1086|||89|||156
uidx|||7|||1086|||115|||156
elem|||4|||1298|||103|||156
in_h|||1|||1397|||109|||156
-0.169|||1|||1415|||85|||156
gpu_img_in_v|||3|||1655|||85|||156
c1|||6|||808|||15|||157
ptr_stc_1|||7|||1106|||8|||157
ptr_stc_1|||14|||1149|||8|||157
i1|||10|||1329|||130|||157
128|||1|||1415|||97|||157
si|||6|||1455|||118|||157
)|||1|||0|||10|||158
*|||3|||5|||9|||158
y|||1|||15|||13|||158
y|||2|||16|||14|||158
alpha|||1|||26|||9|||158
arrayA|||2|||45|||13|||158
const|||3|||57|||8|||158
ALPHA|||3|||80|||13|||158
ALPHA|||6|||84|||13|||158
a|||14|||111|||9|||158
size|||1|||115|||9|||158
b|||10|||142|||10|||158
val|||9|||182|||15|||158
d_nets|||1|||294|||7|||158
transposed|||1|||300|||10|||158
num_threads|||4|||309|||13|||158
mat|||7|||363|||15|||158
mat|||11|||371|||15|||158
k_x|||11|||409|||7|||158
db|||1|||411|||6|||158
counts|||1|||427|||10|||158
mat|||15|||435|||15|||158
src|||1|||445|||7|||158
&&|||13|||450|||15|||158
srcData|||12|||508|||12|||158
Ysize|||1|||561|||8|||158
2|||13|||577|||9|||158
&|||4|||578|||9|||158
memWidth|||1|||579|||9|||158
3.14159265359|||3|||589|||8|||158
maxval|||7|||625|||14|||158
C|||8|||627|||6|||158
estado|||1|||645|||6|||158
meanImage|||1|||683|||11|||158
maxvd|||1|||695|||10|||158
jj|||12|||714|||11|||158
J|||4|||826|||14|||158
npml|||12|||842|||10|||158
iN|||6|||882|||14|||158
l|||8|||905|||14|||158
J|||8|||940|||14|||158
in|||3|||999|||11|||158
grad|||1|||1073|||11|||158
grad|||5|||1085|||11|||158
newvalue|||5|||1155|||12|||158
width_M|||4|||1178|||11|||158
sumQ|||8|||1273|||13|||158
||||11|||1599|||11|||158
locData|||1|||1703|||12|||158
temp|||9|||515|||64|||159
p|||11|||601|||59|||159
images|||3|||684|||61|||159
d_disparity|||2|||727|||61|||159
clamp_min|||2|||763|||57|||159
clamp_max|||5|||766|||52|||159
column|||10|||829|||63|||159
npml|||9|||838|||54|||159
0.07|||4|||849|||63|||159
U|||5|||939|||63|||159
604|||2|||1113|||70|||159
Row|||13|||1167|||61|||159
boxes|||9|||1504|||64|||159
zq|||1|||1603|||65|||159
zq|||10|||1613|||63|||159
cluster|||3|||440|||25|||160
psi|||5|||961|||21|||160
inputLength|||1|||989|||20|||160
ty|||1|||1167|||23|||160
uLength|||2|||1237|||22|||160
filterLength|||1|||1261|||20|||160
acc|||8|||1380|||26|||160
data_col|||1|||1511|||43|||161
width_col|||3|||1512|||46|||161
height_col|||2|||1512|||53|||161
height_col|||3|||1512|||60|||161
data_col|||2|||1512|||93|||161
height_col|||4|||1512|||100|||161
width_col|||4|||1512|||105|||161
height_col|||5|||1512|||208|||161
width_col|||5|||1512|||210|||161
width_col|||7|||1515|||13|||161
height_col|||7|||1515|||27|||161
data_col|||3|||1515|||60|||161
height_col|||9|||1515|||175|||161
width_col|||9|||1515|||177|||161
height_col|||10|||1518|||5|||161
height_col|||11|||1519|||5|||161
height_col|||12|||1524|||5|||161
width_col|||12|||1524|||10|||161
width_col|||13|||1528|||66|||161
height_col|||14|||1530|||49|||161
data_col|||5|||1632|||11|||161
coeff_h_col|||1|||1633|||164|||161
coeff_w_col|||1|||1633|||179|||161
h_col|||1|||1633|||194|||161
h_col|||2|||1633|||198|||161
w_col|||1|||1633|||209|||161
w_col|||2|||1633|||213|||161
w_col|||3|||1633|||218|||161
data_col|||6|||1633|||223|||161
h_col|||4|||1633|||227|||161
coeff_h_col|||2|||1633|||229|||161
w_col|||4|||1633|||231|||161
coeff_w_col|||2|||1633|||233|||161
coeff_h_col|||3|||1636|||131|||161
h_col|||5|||1636|||161|||161
h_col|||6|||1636|||165|||161
h_col|||7|||1636|||170|||161
w_col|||5|||1636|||176|||161
w_col|||6|||1636|||180|||161
data_col|||7|||1636|||190|||161
h_col|||8|||1636|||194|||161
coeff_h_col|||4|||1636|||196|||161
coeff_w_col|||4|||1636|||200|||161
h_col|||11|||1648|||12|||161
w_col|||10|||1649|||8|||161
h_col|||12|||1649|||22|||161
coeff_h_col|||6|||1649|||24|||161
w_col|||15|||1650|||12|||161
h_col|||13|||1651|||7|||161
coeff_h_col|||8|||1652|||8|||161
coeff_w_col|||8|||1652|||12|||161
mean|||9|||890|||115|||162
tIndy|||3|||1043|||89|||162
host_inputArray3|||3|||1135|||85|||162
Nd|||2|||1167|||102|||162
gpu_img_out_v|||3|||1419|||70|||162
pb|||12|||1427|||100|||162
boxes_out|||6|||1490|||97|||162
delta|||15|||1556|||90|||162
zq|||2|||1603|||108|||162
>>|||5|||1109|||121|||163
h_col_start|||1|||1633|||108|||163
sqrtf|||3|||1106|||5|||164
sqrtf|||6|||1149|||5|||164
0.00304f|||2|||1561|||4|||164
xq|||1|||1236|||10|||165
r_q|||5|||1459|||3|||165
yq|||2|||1603|||97|||165
gray|||2|||1109|||133|||166
image_size|||5|||1205|||108|||166
v|||4|||1360|||108|||166
0.499|||1|||1415|||93|||166
Ysize|||3|||564|||6|||167
dec_size|||3|||575|||4|||167
Ysize|||5|||591|||6|||167
image_size|||15|||1218|||4|||167
anchorIndex|||3|||1536|||156|||168
dstData|||2|||500|||57|||169
scale|||9|||510|||59|||169
dstDiff|||2|||541|||57|||169
&|||1|||572|||49|||169
maxvd|||2|||696|||67|||169
reduction|||5|||812|||67|||169
colorImage|||2|||849|||65|||169
cell|||2|||913|||63|||169
weight|||12|||1005|||65|||169
out_index|||2|||1013|||66|||169
it|||2|||1053|||66|||169
K|||3|||1135|||56|||169
d_KinectDisparity|||2|||1253|||62|||169
totalPixels|||12|||1298|||60|||169
pad|||4|||1515|||45|||169
&|||13|||1587|||59|||169
indexInBatch|||2|||990|||81|||170
indexInBatch|||4|||999|||17|||170
pa|||2|||959|||78|||171
pa|||4|||964|||2|||171
pa|||12|||1427|||94|||171
pa|||14|||1433|||2|||171
width_N|||3|||1167|||109|||172
d_regularDisparity|||2|||1253|||97|||172
boxes|||2|||1490|||106|||172
classIndex|||2|||1536|||111|||172
0.5|||9|||1704|||121|||172
UE|||2|||936|||68|||173
UE|||3|||939|||46|||173
UE|||4|||941|||22|||173
weight|||2|||878|||97|||174
buf|||6|||974|||107|||174
gray|||1|||1109|||106|||174
w|||11|||1363|||84|||174
in|||8|||1587|||87|||174
anchorCx|||1|||1704|||106|||174
preCx|||1|||1704|||242|||174
anchorCx|||2|||1704|||248|||174
preCx|||2|||1704|||286|||174
preCx|||3|||1704|||328|||174
preCx|||4|||1710|||202|||174
preCx|||5|||1710|||246|||174
preCx|||6|||1710|||288|||174
fill_kernel|||1|||77|||2|||175
scal_kernel|||1|||81|||2|||175
add_kernel|||1|||189|||2|||175
mul_kernel|||1|||194|||2|||175
copy_kernel|||1|||266|||2|||175
delay_kernel|||1|||277|||2|||175
pow_kernel|||1|||290|||2|||175
variance_kernel|||1|||1059|||2|||175
softmax_kernel|||1|||1183|||2|||175
shortcut_kernel|||1|||1314|||2|||175
dot_kernel|||1|||1328|||2|||175
shortcut_kernel|||2|||1475|||2|||175
i1|||12|||1329|||147|||176
vec1|||3|||1383|||148|||176
0.499|||2|||1415|||110|||176
vec1|||10|||1441|||148|||176
bt|||8|||1660|||113|||176
myId|||10|||188|||23|||177
pupacion|||1|||645|||14|||177
nnx|||3|||842|||18|||177
d_out_data|||1|||1097|||10|||177
acc|||6|||1379|||27|||177
scaleClamp|||1|||1703|||22|||177
priorNum|||2|||1223|||33|||178
classNum|||3|||1536|||129|||178
classNum|||4|||1542|||69|||178
anchorH|||9|||1712|||1|||179
preH|||7|||1728|||1|||179
?|||8|||484|||66|||180
data_size|||3|||500|||54|||180
rows|||6|||532|||60|||180
data_size|||9|||541|||54|||180
maxval|||5|||622|||63|||180
c1|||3|||804|||60|||180
>>=|||3|||959|||58|||180
host_inputArray1|||2|||1135|||52|||180
norm|||10|||1354|||63|||180
firstIndexToGrab|||3|||1587|||55|||180
128|||12|||1660|||43|||180
trans_pos|||2|||532|||66|||181
devMatX|||5|||580|||59|||181
input_str_cuda|||2|||638|||59|||181
r|||6|||674|||77|||181
image|||9|||861|||58|||181
-4.|||1|||870|||72|||181
numPerbatch|||2|||1120|||70|||181
summ|||4|||1155|||60|||181
norm_val|||3|||1205|||67|||181
gpu_img_out_u|||3|||1419|||45|||181
w_col_start|||1|||1633|||73|||181
gt|||2|||1655|||60|||181
num|||2|||99|||48|||182
j|||15|||360|||50|||182
edad|||2|||646|||44|||182
IJ|||2|||822|||48|||182
unroll|||1|||1141|||34|||182
groups|||4|||1184|||48|||182
inputScore|||1|||1535|||7|||183
outputScore|||2|||1536|||55|||183
inputScore|||3|||1536|||64|||183
outputScore|||3|||1536|||134|||183
outputScore|||4|||1542|||15|||183
inputScore|||5|||1542|||24|||183
outputScore|||5|||1542|||94|||183
inputScore|||6|||1543|||2|||183
outputScore|||7|||1545|||0|||183
inputScore|||8|||1545|||9|||183
outputScore|||9|||1551|||0|||183
data_size|||6|||506|||4|||184
data_size|||12|||547|||4|||184
indptr|||4|||711|||5|||184
indptr|||9|||738|||5|||184
array_size|||4|||949|||4|||184
image_size|||6|||1209|||4|||184
img_size|||3|||1418|||4|||184
data_col_ptr|||9|||1523|||2|||184
img_size|||6|||1659|||4|||184
d_out|||13|||339|||10|||185
ind_out|||10|||746|||31|||185
boxes_out|||2|||1490|||36|||185
boxes_out|||5|||1490|||69|||185
boxes_out|||7|||1490|||115|||185
scores_out|||6|||1504|||73|||185
w_out|||2|||1512|||83|||185
pixels_per_image|||5|||858|||78|||186
ELEMENT_INDEX|||5|||944|||85|||186
filter|||11|||1262|||96|||186
filtSig|||3|||1302|||88|||186
pad|||2|||1512|||78|||186
1.772|||2|||1660|||68|||186
numElements|||1|||0|||5|||187
;|||2|||3|||9|||187
blockIdx|||6|||6|||8|||187
blockIdx|||8|||10|||8|||187
;|||11|||13|||10|||187
*|||9|||15|||8|||187
array|||8|||19|||6|||187
double|||3|||26|||4|||187
data|||5|||32|||6|||187
blockIdx|||15|||34|||8|||187
,|||12|||39|||6|||187
arrayA|||1|||44|||6|||187
alpha|||7|||70|||10|||187
array|||12|||85|||6|||187
c|||4|||90|||6|||187
b|||6|||93|||10|||187
vec_out|||6|||109|||6|||187
b|||9|||125|||10|||187
/|||2|||130|||10|||187
val1|||3|||164|||8|||187
double|||15|||166|||4|||187
myId|||8|||188|||8|||187
devSpeed|||1|||198|||6|||187
mult_add_into_kernel|||1|||206|||2|||187
row|||8|||255|||10|||187
even_inc|||3|||261|||6|||187
odd_inc|||3|||264|||6|||187
prA|||1|||270|||6|||187
prA|||5|||274|||8|||187
tact|||4|||299|||5|||187
vector|||1|||300|||6|||187
g_in|||4|||333|||6|||187
MMDOuterProdComputeWithSum|||1|||375|||2|||187
tempval|||6|||410|||5|||187
B|||10|||498|||10|||187
devMatX|||7|||582|||6|||187
compCount|||1|||584|||6|||187
maxval|||6|||625|||9|||187
envejecer_kernel|||1|||645|||2|||187
320|||3|||651|||8|||187
floorf|||2|||746|||7|||187
c1|||8|||810|||9|||187
nnz|||7|||841|||7|||187
pg|||3|||843|||10|||187
colorImage|||8|||855|||6|||187
pixels_per_image|||6|||860|||4|||187
compute_b_minus_Rx|||1|||877|||2|||187
meshStride|||12|||887|||7|||187
binarize_weights_kernel|||1|||889|||2|||187
weights|||7|||901|||10|||187
l|||12|||906|||9|||187
shared_dimensions|||6|||921|||8|||187
col_a|||8|||933|||6|||187
occNo|||3|||961|||7|||187
h|||5|||1022|||10|||187
colsA|||4|||1049|||9|||187
spatial|||6|||1061|||8|||187
d_indptr|||6|||1101|||3|||187
median|||1|||1151|||6|||187
by|||1|||1167|||9|||187
batch_offset|||7|||1194|||8|||187
largest|||12|||1195|||10|||187
norm_val|||1|||1205|||8|||187
priorNum|||8|||1231|||9|||187
w1|||3|||1326|||7|||187
vec|||9|||1382|||6|||187
vec|||14|||1440|||6|||187
q_i|||13|||1471|||5|||187
w1|||6|||1487|||7|||187
get_before_nms_data|||1|||1489|||2|||187
im2col_gpu_kernel|||1|||1511|||2|||187
totalScoreNum|||5|||1542|||7|||187
xp|||10|||1617|||9|||187
xp|||14|||1627|||9|||187
col2im_gpu_kernel|||1|||1632|||2|||187
get_boxes_for_nms|||1|||1670|||2|||187
w1|||9|||1700|||7|||187
anchorCx|||6|||1725|||7|||187
yMid|||1|||1556|||48|||188
yMid|||2|||1556|||96|||188
xMid|||4|||1567|||4|||188
yMid|||4|||1568|||4|||188
outArray|||2|||306|||57|||189
q_q|||6|||1462|||57|||189
yq|||1|||1603|||63|||189
un_idx|||3|||295|||40|||190
twod|||3|||351|||50|||190
thread_index|||7|||500|||48|||190
filter|||2|||510|||50|||190
thread_index|||12|||541|||48|||190
-=|||9|||684|||53|||190
clamp_min|||5|||766|||47|||190
LS|||2|||822|||57|||190
nnz|||6|||838|||48|||190
mean|||6|||890|||58|||190
result|||13|||913|||51|||190
mask|||3|||950|||49|||190
maximum|||3|||974|||60|||190
it|||1|||1052|||50|||190
source_amplitude|||2|||1053|||54|||190
gray|||3|||1113|||63|||190
4|||5|||1120|||54|||190
pixel|||5|||1152|||52|||190
Col|||13|||1167|||54|||190
f|||15|||1279|||58|||190
r_i|||10|||1466|||48|||190
data_col_ptr|||14|||1530|||47|||190
bit1|||1|||1587|||50|||190
return|||1|||20|||31|||191
}|||13|||27|||31|||191
maxvd|||10|||702|||29|||191
nnz|||4|||837|||24|||191
batchSize|||4|||1222|||26|||191
f3|||2|||40|||33|||192
host_inputArray3|||2|||1135|||70|||192
0.3|||1|||1152|||84|||192
0.3|||2|||1155|||62|||192
bit3|||1|||1587|||84|||192
X|||2|||78|||32|||193
X|||5|||82|||32|||193
index|||8|||99|||32|||193
y|||12|||112|||34|||193
B|||2|||137|||34|||193
index|||15|||153|||34|||193
Y|||2|||195|||32|||193
-=|||3|||220|||32|||193
j|||10|||232|||32|||193
d_out|||6|||239|||32|||193
Y|||5|||267|||32|||193
Y|||8|||291|||32|||193
inner_reps|||2|||328|||32|||193
input|||10|||336|||32|||193
aR1|||2|||356|||29|||193
thread_id|||2|||376|||26|||193
pcountinner|||2|||562|||29|||193
perimeterRes|||7|||589|||25|||193
maxval|||2|||622|||33|||193
char|||10|||638|||31|||193
cos|||5|||661|||37|||193
::|||4|||684|||31|||193
tx|||12|||696|||34|||193
maxhd|||9|||699|||31|||193
vector|||6|||720|||33|||193
d_label_sub|||1|||742|||16|||193
NI|||2|||822|||33|||193
l|||3|||903|||34|||193
End|||1|||935|||31|||193
NI|||6|||936|||33|||193
UN|||3|||939|||34|||193
psi|||3|||959|||29|||193
dcopy|||9|||964|||31|||193
width_M|||1|||1166|||26|||193
Nelement|||3|||1176|||32|||193
groups|||2|||1184|||32|||193
e|||5|||1197|||32|||193
uLength|||1|||1236|||28|||193
sumI|||1|||1262|||30|||193
filtSig|||1|||1297|||26|||193
!=|||2|||1302|||25|||193
h|||15|||1379|||37|||193
count|||15|||1578|||31|||193
anchor|||10|||1710|||35|||193
-|||1|||106|||32|||194
-|||2|||109|||10|||194
-|||3|||110|||9|||194
-|||5|||145|||15|||194
-|||6|||186|||37|||194
-|||9|||230|||16|||194
-|||10|||239|||49|||194
-|||11|||243|||18|||194
-|||13|||278|||49|||194
-|||14|||282|||19|||194
-|||15|||283|||18|||194
result|||3|||164|||1|||195
result|||8|||614|||1|||195
result|||9|||618|||1|||195
col|||3|||252|||48|||196
alphas|||2|||432|||49|||196
jsz|||2|||459|||44|||196
ny|||2|||492|||48|||196
IND|||1|||515|||48|||196
keyChar|||1|||638|||45|||196
images|||2|||684|||45|||196
col_b|||2|||925|||44|||196
pValue|||5|||1176|||46|||196
delta|||11|||1354|||48|||196
realPart|||1|||1455|||41|||196
width_col|||1|||1511|||39|||196
batchSize|||7|||1535|||42|||196
yp|||7|||1613|||49|||196
yp|||11|||1623|||49|||196
thread_index|||2|||306|||48|||197
out_index|||1|||1013|||54|||197
d_in_grad|||2|||1141|||87|||197
d_out_grad|||2|||1141|||98|||197
d_in_grad|||3|||1147|||37|||197
nnz|||1|||458|||27|||198
maxvd|||11|||702|||34|||198
J|||5|||935|||34|||198
sumQ|||1|||1262|||32|||198
filter|||13|||1270|||36|||198
xp|||7|||1613|||37|||198
xp|||11|||1623|||37|||198
INCX|||1|||77|||15|||199
INCX|||4|||81|||15|||199
INCX|||10|||266|||15|||199
INCX|||13|||290|||15|||199
INCX|||15|||293|||19|||199
[|||7|||8|||6|||200
int|||6|||9|||8|||200
(|||9|||16|||9|||200
=|||10|||18|||10|||200
heap|||1|||284|||6|||200
==|||13|||428|||9|||200
cluster|||8|||442|||10|||200
labelList|||1|||451|||5|||200
g|||5|||678|||10|||200
-=|||10|||690|||9|||200
init_image_array_GPU|||1|||857|||2|||200
ny|||9|||873|||10|||200
U|||1|||935|||6|||200
mask|||5|||955|||8|||200
w|||6|||1023|||8|||200
cy|||7|||1581|||8|||200
q_points|||4|||1612|||8|||200
q_points|||5|||1622|||8|||200
anchorCy|||6|||1726|||7|||200
y|||6|||78|||11|||201
y|||8|||82|||11|||201
stride|||4|||102|||13|||201
subsample_ind_and_labels_GPU|||1|||742|||2|||201
f|||11|||900|||13|||201
imag|||9|||1251|||13|||201
==|||15|||472|||32|||202
clamp_min|||4|||766|||25|||202
size_block|||1|||811|||24|||202
host_inputArray3|||1|||1134|||16|||202
batch|||13|||1184|||30|||202
aux|||9|||1216|||25|||202
128|||5|||1424|||22|||202
128|||6|||1425|||22|||202
L|||7|||1454|||28|||202
3|||1|||239|||53|||203
3|||2|||243|||22|||203
3|||9|||674|||55|||203
__global__|||1|||0|||0|||204
__global__|||2|||5|||0|||204
__global__|||3|||9|||0|||204
__global__|||4|||15|||0|||204
__global__|||5|||19|||0|||204
__global__|||6|||26|||0|||204
__global__|||7|||32|||0|||204
__global__|||8|||39|||0|||204
__global__|||9|||44|||0|||204
__global__|||10|||48|||0|||204
__global__|||11|||57|||0|||204
__global__|||12|||62|||0|||204
__global__|||13|||66|||0|||204
__global__|||14|||72|||0|||204
__global__|||15|||77|||0|||204
)|||9|||16|||13|||205
/|||11|||184|||14|||205
width_M|||5|||1179|||10|||205
tx|||2|||258|||19|||206
prob|||1|||335|||16|||206
m|||9|||359|||14|||206
m|||12|||367|||14|||206
dev_a|||3|||930|||18|||206
|||||14|||952|||16|||206
sources_z|||2|||1053|||18|||206
ptr_src_0|||1|||1098|||16|||206
ptr_src_0|||7|||1106|||10|||206
ptr_src_0|||8|||1141|||16|||206
ptr_src_0|||14|||1149|||10|||206
Nelement|||5|||1178|||17|||206
100000|||1|||1603|||19|||206
w_col_end|||6|||1649|||10|||206
group_offset|||3|||1184|||139|||207
batch_offset|||6|||1193|||9|||207
batch_offset|||8|||1197|||11|||207
group_offset|||9|||1197|||43|||207
group_offset|||12|||1202|||10|||207
d_in_b|||1|||245|||10|||208
col_b|||3|||925|||77|||208
col_b|||8|||932|||16|||208
imageW|||1|||1027|||19|||208
gpu_img_out_b|||3|||1660|||130|||208
preW|||9|||1731|||19|||208
L_x|||2|||402|||21|||209
L_x|||3|||404|||4|||209
idx_x|||3|||1028|||100|||209
r|||7|||675|||2|||210
preW|||1|||1704|||260|||211
preW|||2|||1704|||290|||211
preW|||3|||1704|||332|||211
anchorW|||6|||1710|||83|||211
anchorW|||7|||1710|||206|||211
preW|||5|||1710|||250|||211
}|||2|||1|||20|||212
tid|||2|||6|||18|||212
]|||15|||16|||22|||212
>=|||1|||33|||20|||212
dims|||2|||49|||20|||212
y|||10|||111|||17|||212
nblocks|||1|||115|||15|||212
unsigned|||3|||160|||18|||212
length|||1|||166|||13|||212
/|||10|||182|||23|||212
1|||15|||282|||20|||212
tact|||1|||295|||17|||212
dims|||5|||316|||20|||212
else|||4|||343|||19|||212
-=|||7|||363|||23|||212
dims|||8|||390|||20|||212
height|||1|||451|||18|||212
ns|||2|||459|||20|||212
dims|||11|||472|||20|||212
nviews|||1|||509|||16|||212
idy|||1|||532|||19|||212
idy|||8|||536|||19|||212
p|||1|||561|||15|||212
2|||15|||582|||16|||212
pint|||1|||590|||15|||212
B|||11|||627|||14|||212
pitch|||3|||731|||18|||212
Col|||9|||800|||18|||212
model|||3|||1058|||20|||212
spatial|||1|||1059|||19|||212
dims|||14|||1120|||20|||212
num|||6|||1223|||20|||212
totalPixels|||15|||1302|||15|||212
data_j|||11|||1310|||17|||212
beta2_tpower|||4|||1368|||13|||212
in_h|||4|||1411|||17|||212
boxes_for_nms|||11|||1677|||14|||212
columns|||1|||848|||18|||213
columns|||3|||849|||54|||213
}|||1|||1|||19|||214
index|||2|||33|||19|||214
INCX|||12|||269|||19|||214
dia|||1|||277|||13|||214
column|||8|||304|||21|||214
dst|||3|||450|||22|||214
memWidth|||9|||583|||15|||214
corrValidCount|||1|||621|||12|||214
pitch|||4|||732|||17|||214
fminf|||5|||767|||18|||214
LPR|||1|||821|||18|||214
colorImage|||9|||855|||15|||214
UE|||1|||935|||18|||214
spatial|||8|||1067|||22|||214
powf|||3|||1069|||21|||214
d_regularDisparity|||1|||1252|||6|||214
d_KinectDisparity|||3|||1257|||15|||214
filter|||9|||1261|||17|||214
Q|||4|||1273|||20|||214
src|||7|||1098|||86|||215
uSum|||3|||1455|||176|||215
bit6|||2|||1587|||173|||215
gt|||8|||1660|||101|||215
anchorCx|||4|||1710|||208|||215
src|||2|||446|||64|||216
width|||15|||526|||60|||216
pcount|||2|||591|||60|||216
++|||14|||628|||62|||216
possible_plaintext_str_cuda|||2|||638|||52|||216
meshStride|||2|||878|||62|||216
tc|||3|||959|||57|||216
batch|||3|||990|||55|||216
bIndy|||8|||1050|||51|||216
depth|||5|||1074|||61|||216
depth|||8|||1086|||61|||216
coef|||4|||1104|||46|||216
coef|||10|||1147|||46|||216
width_N|||2|||1167|||59|||216
data_j|||1|||1298|||56|||216
data_i|||6|||1302|||52|||216
gpu_img_in_b|||2|||1415|||47|||216
row|||10|||256|||9|||217
cuda_cross_correlate|||1|||837|||2|||217
W_grid|||4|||1375|||6|||217
W_grid|||5|||1376|||6|||217
gpu_img_in_r|||3|||1419|||3|||217
ALPHA|||1|||77|||8|||218
ALPHA|||4|||81|||8|||218
ALPHA|||7|||290|||8|||218
Ysize|||8|||592|||10|||218
image_size|||10|||1212|||7|||218
img_size|||1|||1414|||5|||218
ksize|||11|||1520|||7|||218
numBlock|||1|||284|||13|||219
dstDiff|||1|||540|||10|||220
srcDiff|||3|||545|||20|||220
pixel|||3|||1152|||31|||221
pixel|||8|||1152|||103|||221
pixel|||9|||1153|||1|||221
pixel|||13|||1155|||30|||221
pixel|||15|||1155|||67|||221
cols|||2|||252|||39|||222
d_label|||1|||742|||22|||222
weight|||3|||882|||39|||222
mean|||5|||890|||40|||222
Col|||12|||1167|||39|||222
rt|||2|||1655|||37|||222
in|||9|||1587|||104|||223
128|||9|||1655|||90|||223
dy|||1|||1704|||164|||223
dy|||2|||1704|||253|||223
dy|||3|||1710|||124|||223
dy|||4|||1710|||213|||223
dy|||5|||1716|||1|||223
val|||2|||33|||32|||224
N|||11|||78|||30|||224
N|||14|||82|||30|||224
k|||1|||232|||30|||224
base|||2|||271|||29|||224
>|||10|||390|||32|||224
dev_b|||3|||930|||27|||224
currentFrame|||2|||1152|||29|||224
MeanLogNormalFrame|||3|||1155|||28|||224
gpu_img_in_g|||1|||1414|||15|||224
gpu_img_in_b|||3|||1419|||17|||224
]|||5|||6|||24|||225
tid|||9|||49|||28|||225
>|||13|||487|||31|||225
edad|||6|||650|||24|||225
0.0|||5|||690|||26|||225
maxhd|||8|||699|||26|||225
out|||11|||885|||25|||225
dcopy|||8|||964|||26|||225
in_index|||4|||1023|||25|||225
tIndy|||7|||1050|||21|||225
dst|||13|||1106|||16|||225
0.499|||5|||1424|||18|||225
boxes_out|||12|||1496|||23|||225
[|||13|||14|||6|||226
scale_dev|||1|||19|||2|||226
c|||9|||97|||6|||226
c|||15|||135|||6|||226
copyAliasRow|||1|||579|||2|||226
80|||2|||650|||5|||226
left|||4|||922|||6|||226
dcopy|||6|||960|||3|||226
d|||11|||1038|||6|||226
opL12|||1|||1440|||2|||226
gpu_img_out_r|||4|||1667|||0|||226
d_disparity|||1|||726|||6|||227
d_disparity|||4|||732|||13|||227
0.299|||3|||1423|||10|||227
1.772|||3|||1663|||10|||227
x1|||3|||874|||10|||228
-1|||14|||1248|||10|||228
f1|||9|||1342|||9|||228
f1|||12|||1355|||9|||228
beta1|||6|||1365|||10|||228
vec1|||7|||1395|||8|||228
boxes|||10|||1505|||9|||228
boxes|||11|||1506|||9|||228
boxes|||12|||1507|||9|||228
boxes|||13|||1508|||9|||228
firstIndexToGrab|||11|||1591|||7|||228
firstIndexToGrab|||12|||1592|||7|||228
firstIndexToGrab|||13|||1593|||7|||228
firstIndexToGrab|||14|||1594|||7|||228
firstIndexToGrab|||15|||1595|||7|||228
2.3|||1|||239|||50|||229
row|||14|||301|||54|||229
d_in|||14|||340|||50|||229
device_output|||3|||421|||50|||229
3|||4|||432|||56|||229
delta|||2|||484|||56|||229
d_ch_flag|||3|||605|||45|||229
snrValue|||2|||622|||53|||229
pupacion|||2|||646|||49|||229
tx|||15|||696|||55|||229
maxvd|||8|||699|||52|||229
d_label|||3|||746|||34|||229
IJ|||15|||825|||54|||229
image|||3|||858|||42|||229
grid_width|||2|||1028|||45|||229
colsB|||7|||1050|||45|||229
d_out_data|||3|||1104|||37|||229
MeanLogNormalFrame|||2|||1152|||50|||229
sLength|||2|||1237|||56|||229
filterLength|||2|||1262|||49|||229
totalPixels|||11|||1298|||51|||229
Iss|||2|||838|||88|||230
f|||5|||890|||105|||230
dcopy|||3|||959|||91|||230
numPerbatch|||4|||1120|||93|||230
elem|||3|||1298|||87|||230
eps|||4|||1363|||82|||230
Q|||8|||1603|||99|||230
gpu_img_in_u|||2|||1655|||74|||230
thread_index|||3|||307|||1|||231
thread_index|||8|||501|||1|||231
thread_index|||13|||542|||1|||231
dec_index|||5|||573|||1|||231
bit_index|||4|||574|||1|||231
out_index|||5|||1020|||1|||231
in_index|||5|||1024|||1|||231
out_index|||12|||1325|||1|||231
add_index|||3|||1326|||1|||231
in_index|||10|||1411|||1|||231
add_index|||7|||1487|||1|||231
h_index|||7|||1517|||1|||231
add_index|||12|||1700|||1|||231
.|||6|||6|||5|||232
.|||12|||10|||5|||232
gpu_add|||1|||90|||2|||232
gpu_add|||2|||231|||2|||232
0.f|||2|||407|||3|||232
/=|||8|||597|||5|||232
left_rows|||3|||916|||4|||232
0.0f|||5|||948|||3|||232
/=|||13|||1026|||4|||232
1.f|||1|||1060|||4|||232
powf|||4|||1071|||5|||232
powf|||9|||1565|||5|||232
?|||1|||179|||41|||233
?|||2|||182|||19|||233
?|||6|||336|||45|||233
?|||7|||338|||19|||233
?|||9|||487|||34|||233
?|||11|||500|||68|||233
?|||14|||508|||11|||233
?|||15|||727|||79|||233
[|||3|||4|||1|||234
[|||12|||14|||1|||234
stride|||3|||101|||1|||234
prB|||4|||276|||0|||234
outArray|||5|||314|||0|||234
dstDiff|||5|||549|||0|||234
s|||10|||757|||1|||234
s|||11|||759|||1|||234
weight|||7|||887|||1|||234
rho|||4|||972|||1|||234
res|||7|||984|||1|||234
res|||8|||986|||1|||234
weight|||15|||1010|||1|||234
coef|||5|||1106|||1|||234
#pragma|||2|||1146|||0|||234
coef|||11|||1149|||1|||234
ty|||3|||1171|||1|||234
tmp|||15|||1305|||1|||234
tid|||10|||49|||35|||235
nblocks|||2|||116|||33|||235
u_m|||2|||228|||33|||235
prA|||3|||271|||31|||235
score_thr|||2|||390|||33|||235
tempval|||1|||402|||28|||235
cluster|||5|||440|||37|||235
npml|||5|||461|||30|||235
:|||12|||504|||31|||235
scale|||10|||513|||28|||235
pos|||4|||536|||28|||235
dec_index|||3|||572|||27|||235
dia|||2|||645|||21|||235
else|||13|||650|||31|||235
sum|||11|||663|||32|||235
3|||7|||674|||35|||235
s|||5|||754|||36|||235
nnx|||1|||837|||27|||235
my_pixel|||3|||858|||25|||235
ret|||1|||925|||32|||235
maximum|||8|||977|||38|||235
indexInBatch|||1|||990|||32|||235
before_nms_boxes|||1|||1119|||27|||235
M|||1|||1134|||19|||235
stdvLogNormalFrame|||4|||1158|||28|||235
devideNum|||2|||1223|||31|||235
filtered_Q|||1|||1261|||28|||235
sumQ|||7|||1270|||34|||235
r_i|||1|||1455|||32|||235
Lq|||6|||1462|||32|||235
sr|||8|||1466|||29|||235
pad|||1|||1511|||27|||235
--|||2|||1578|||32|||235
pad|||8|||1632|||27|||235
gt|||6|||1660|||24|||235
tmp|||8|||1298|||130|||236
i1|||11|||1329|||142|||236
||||2|||1587|||174|||236
dx|||5|||1704|||148|||236
d_in|||1|||166|||6|||237
d_in|||3|||170|||10|||237
d_in|||9|||243|||14|||237
mat_in|||1|||531|||6|||237
mat_in|||3|||536|||26|||237
b_in|||4|||714|||14|||237
a_in|||6|||735|||64|||237
ind_in|||1|||743|||25|||237
w_in|||2|||1512|||128|||237
h_in|||4|||1515|||39|||237
h_in|||5|||1515|||90|||237
w_in|||5|||1515|||95|||237
h_in|||6|||1515|||130|||237
1|||6|||186|||36|||238
k|||3|||232|||38|||238
col|||2|||252|||37|||238
column|||2|||301|||37|||238
4|||1|||316|||40|||238
rand|||2|||336|||38|||238
size_x|||2|||376|||30|||238
valid_mask|||2|||390|||36|||238
cluster|||6|||440|||42|||238
width|||13|||526|||37|||238
3.14159265359|||1|||585|||31|||238
|||||7|||646|||36|||238
g|||2|||674|||40|||238
availablePixels|||2|||716|||37|||238
out|||3|||720|||39|||238
s|||1|||751|||40|||238
C|||13|||786|||41|||238
r|||13|||812|||37|||238
i1|||2|||838|||34|||238
out|||13|||902|||31|||238
left_rows|||2|||913|||35|||238
left|||3|||917|||39|||238
0.0f|||4|||944|||31|||238
ELEMENT_INDEX|||14|||952|||31|||238
outputlength|||3|||990|||36|||238
neighbors|||8|||1005|||39|||238
bIndx|||8|||1050|||31|||238
sources_x|||1|||1052|||30|||238
dim|||10|||1097|||21|||238
d_indptr|||3|||1098|||26|||238
d_indptr|||14|||1141|||26|||238
sqrtf|||8|||1155|||35|||238
featureSize|||8|||1234|||31|||238
sumI|||2|||1262|||34|||238
availablePixels|||5|||1298|||37|||238
data_j|||9|||1307|||35|||238
f2|||7|||1339|||39|||238
f2|||10|||1352|||39|||238
q|||11|||1379|||43|||238
h_index|||6|||1515|||25|||238
classIndex|||8|||1550|||34|||238
in|||5|||1587|||36|||238
zq|||14|||1617|||35|||238
index|||3|||33|||29|||239
index|||14|||153|||29|||239
totalPixels|||5|||720|||28|||239
tid|||5|||8|||2|||240
*=|||3|||14|||4|||240
add|||1|||15|||2|||240
*=|||6|||24|||4|||240
+=|||6|||31|||4|||240
=|||15|||33|||4|||240
length|||3|||169|||4|||240
count|||3|||192|||4|||240
length|||6|||248|||4|||240
rows|||3|||254|||4|||240
length|||9|||342|||4|||240
IND|||9|||524|||2|||240
pcountinner|||6|||566|||2|||240
dcopy|||15|||972|||3|||240
residual|||1|||1000|||2|||240
R|||3|||1113|||4|||240
xi|||9|||1467|||2|||240
sr|||9|||1469|||2|||240
data_col_ptr|||10|||1524|||0|||240
data_im_ptr|||8|||1526|||0|||240
inputScore|||4|||1542|||3|||240
Match|||1|||1602|||2|||240
srcData|||8|||507|||6|||241
locData|||4|||1704|||184|||241
locData|||5|||1704|||202|||241
locData|||6|||1710|||110|||241
locData|||9|||1710|||162|||241
nthreads|||1|||115|||12|||242
nthreads|||3|||119|||12|||242
num_threads|||1|||306|||17|||242
num_threads|||2|||306|||40|||242
num_threads|||5|||500|||17|||242
num_threads|||8|||503|||13|||242
num_threads|||9|||541|||17|||242
num_threads|||12|||544|||13|||242
__syncthreads|||3|||551|||91|||242
__syncthreads|||9|||959|||36|||242
__syncthreads|||11|||1427|||52|||242
pa|||1|||959|||67|||243
pa|||3|||959|||93|||243
pa|||6|||964|||28|||243
pa|||7|||965|||1|||243
pa|||8|||966|||3|||243
pa|||10|||969|||2|||243
pa|||11|||1427|||83|||243
pa|||13|||1427|||108|||243
&|||2|||572|||65|||244
&|||5|||600|||15|||244
&|||8|||727|||40|||244
&|||10|||1253|||40|||244
&|||14|||1587|||76|||244
&|||15|||1587|||93|||244
int|||2|||0|||7|||245
]|||7|||8|||8|||245
,|||5|||15|||10|||245
+|||8|||21|||10|||245
+|||10|||28|||10|||245
+=|||13|||102|||12|||245
flags|||3|||218|||11|||245
k|||15|||237|||12|||245
d_in_a|||3|||249|||6|||245
output|||10|||354|||10|||245
count|||4|||440|||11|||245
B|||13|||634|||12|||245
0.21|||3|||682|||10|||245
f|||13|||901|||12|||245
dev_a|||1|||924|||6|||245
col_a|||4|||930|||10|||245
maximum|||12|||980|||12|||245
sLength|||3|||1243|||11|||245
||||10|||1599|||9|||245
data_size|||4|||503|||9|||246
data_size|||10|||544|||9|||246
Xsize|||1|||561|||5|||246
Zsize|||3|||564|||8|||246
mask_size|||6|||951|||9|||246
image_size|||12|||1216|||7|||246
ksize|||13|||1528|||10|||246
boxes_before_nms|||5|||1671|||67|||247
boxes_for_nms|||2|||1671|||81|||247
boxes_for_nms|||3|||1671|||94|||247
boxes_for_nms|||4|||1671|||107|||247
boxes_for_nms|||5|||1671|||120|||247
boxes_for_nms|||6|||1671|||136|||247
boxes_for_nms|||7|||1671|||159|||247
boxes_before_nms|||7|||1671|||168|||247
boxes_for_nms|||8|||1671|||182|||247
boxes_before_nms|||8|||1671|||191|||247
boxes_for_nms|||9|||1671|||205|||247
boxes_before_nms|||9|||1671|||214|||247
boxes_before_nms|||13|||1676|||41|||247
idx|||2|||10|||18|||248
idx|||3|||10|||25|||248
idx|||12|||20|||18|||248
stride|||2|||99|||40|||249
X|||8|||195|||39|||249
m|||6|||232|||40|||249
OFFY|||2|||267|||38|||249
pow|||4|||291|||39|||249
height|||2|||452|||39|||249
indices|||2|||708|||41|||249
indices|||6|||735|||41|||249
src|||6|||1098|||28|||249
src|||15|||1141|||28|||249
Nelement|||6|||1178|||35|||249
minw|||2|||1315|||39|||249
minw|||7|||1476|||39|||249
minw|||12|||1689|||39|||249
threadIdx|||1|||6|||4|||250
threadIdx|||3|||10|||4|||250
threadIdx|||5|||16|||4|||250
blockIdx|||10|||20|||4|||250
blockIdx|||12|||27|||4|||250
threadIdx|||15|||45|||4|||250
coeff_h_col|||5|||1646|||1|||250
coeff_w_col|||5|||1647|||1|||250
h_col|||9|||1648|||3|||250
w_col|||13|||1650|||3|||250
data_col|||9|||1651|||3|||250
a|||13|||104|||0|||251
error|||4|||489|||0|||251
binary|||4|||901|||0|||251
res|||9|||987|||0|||251
pValue|||8|||1181|||0|||251
Pd|||4|||1182|||0|||251
pic|||3|||1585|||0|||251
min|||13|||1620|||0|||251
idy|||9|||537|||4|||252
idx_y|||2|||1028|||47|||252
idx_y|||7|||1037|||3|||252
bIndy|||2|||1043|||47|||252
bIndy|||4|||1043|||119|||252
Pvalue|||3|||793|||96|||253
grayImage|||2|||849|||94|||253
right_columns|||4|||913|||93|||253
col_b|||4|||925|||87|||253
d|||3|||1028|||87|||253
width_M|||2|||1167|||94|||253
sumQ|||3|||1262|||94|||253
128|||3|||1419|||67|||253
pb|||11|||1427|||92|||253
Lq|||3|||1455|||91|||253
channel_out|||4|||1515|||65|||253
mat_out|||2|||532|||64|||254
2|||6|||551|||71|||254
>>|||1|||572|||52|||254
nx|||10|||781|||70|||254
d_M|||2|||793|||68|||254
nnx|||2|||838|||58|||254
neighbor|||1|||878|||69|||254
mean|||7|||890|||73|||254
dev_a|||2|||925|||64|||254
dst|||11|||1104|||50|||254
stdvLogNormalFrame|||2|||1152|||62|||254
image_size|||8|||1210|||57|||254
elem|||9|||1302|||58|||254
totalScoreNum|||3|||1536|||68|||254
0x01|||2|||1587|||60|||254
[|||11|||13|||7|||255
Ysize|||7|||592|||5|||255
Row|||10|||801|||4|||255
mask_size|||4|||946|||3|||255
w|||8|||1026|||5|||255
filters|||4|||1064|||4|||256
filters|||9|||1279|||64|||256
keyIndex|||1|||638|||25|||257
clsIndex|||1|||1119|||7|||257
clsIndex|||2|||1120|||89|||257
clsIndex|||3|||1127|||44|||257
clsIndex|||5|||1133|||9|||257
sampleIndex|||2|||1262|||20|||257
sampleIndex|||3|||1262|||47|||257
sampleIndex|||4|||1262|||55|||257
sampleIndex|||5|||1262|||63|||257
sampleIndex|||6|||1262|||110|||257
sampleIndex|||7|||1262|||117|||257
sampleIndex|||10|||1269|||5|||257
sampleIndex|||11|||1269|||13|||257
sampleIndex|||14|||1276|||2|||257
sampleIndex|||15|||1277|||2|||257
inputIndex|||1|||1535|||12|||257
classIndex|||1|||1535|||35|||257
outputIndex|||2|||1536|||73|||257
inputIndex|||2|||1536|||82|||257
anchorIndex|||2|||1536|||91|||257
outputIndex|||3|||1536|||100|||257
outputIndex|||4|||1536|||120|||257
outputIndex|||5|||1536|||145|||257
classIndex|||3|||1536|||167|||257
inputIndex|||3|||1542|||42|||257
outputIndex|||7|||1542|||60|||257
classIndex|||4|||1542|||71|||257
outputIndex|||8|||1542|||80|||257
outputIndex|||9|||1542|||105|||257
anchorIndex|||5|||1542|||116|||257
classIndex|||5|||1542|||127|||257
outputIndex|||10|||1544|||19|||257
anchorIndex|||6|||1544|||37|||257
outputIndex|||11|||1544|||46|||257
classIndex|||6|||1544|||57|||257
outputIndex|||13|||1546|||0|||257
inputIndex|||5|||1546|||9|||257
anchorIndex|||7|||1547|||0|||257
outputIndex|||14|||1547|||9|||257
classIndex|||7|||1548|||0|||257
outputIndex|||15|||1548|||9|||257
anchorIndex|||8|||1550|||23|||257
anchorIndex|||9|||1553|||0|||257
classIndex|||9|||1554|||0|||257
x_average|||2|||376|||48|||258
IND|||2|||515|||61|||258
2|||5|||551|||62|||258
devMatX|||4|||580|||50|||258
LPR|||3|||825|||60|||258
neighbor|||4|||882|||59|||258
f|||3|||890|||64|||258
idx_x|||2|||1028|||49|||258
tIndy|||2|||1043|||49|||258
nt|||2|||1053|||60|||258
R|||4|||1113|||68|||258
sqrtf|||7|||1152|||57|||258
xi|||2|||1237|||64|||258
boxes_out|||4|||1490|||58|||258
labels_out|||4|||1496|||52|||258
zp|||7|||1613|||61|||258
zp|||11|||1623|||61|||258
gpu_img_out_g|||1|||1654|||30|||258
mult|||1|||1688|||55|||258
anchorCx|||3|||1710|||66|||258
*=|||1|||10|||27|||259
scale|||2|||20|||28|||259
alpha|||2|||27|||28|||259
j|||4|||91|||28|||259
gid|||4|||123|||28|||259
==|||5|||285|||27|||259
score|||2|||390|||28|||259
score|||5|||472|||28|||259
temp|||13|||520|||27|||259
trans_pos|||4|||536|||23|||259
pixelNum|||1|||683|||21|||259
__syncthreads|||6|||696|||28|||259
indptr|||3|||708|||27|||259
indptr|||8|||735|||27|||259
pixels_per_image|||2|||858|||20|||259
currentFrame|||1|||1151|||19|||259
priorNum|||1|||1222|||23|||259
d_KinectDisparityPitch|||4|||1258|||18|||259
Y|||10|||1370|||23|||259
0.114|||3|||1423|||18|||259
Lq|||1|||1454|||24|||259
uSum|||1|||1455|||27|||259
xi|||7|||1462|||26|||259
frames|||2|||1556|||28|||259
firstIndexToGrab|||1|||1587|||25|||259
vecY|||3|||383|||62|||260
k_x|||5|||402|||46|||260
cell|||1|||913|||59|||260
0.114|||2|||1419|||40|||260
width_col|||14|||1530|||51|||260
w_col_end|||3|||1636|||61|||260
boxes_before_nms|||4|||1671|||54|||260
/|||12|||228|||35|||261
id|||4|||271|||33|||261
srcData|||7|||504|||32|||261
d_indices|||1|||1097|||18|||261
d_indices|||5|||1140|||18|||261
data_j|||5|||1302|||26|||261
totalScoreNum|||10|||1544|||32|||261
yp|||1|||1603|||37|||261
zp|||10|||1617|||33|||261
zp|||14|||1627|||33|||261
val|||5|||179|||37|||262
Tau|||2|||278|||33|||262
temp|||8|||515|||34|||262
memWidth|||3|||580|||29|||262
long|||11|||591|||34|||262
dia|||3|||646|||33|||262
size_t|||4|||684|||32|||262
Row|||2|||793|||34|||262
neighbor|||6|||885|||34|||262
neighbor|||14|||1008|||34|||262
d_indptr|||8|||1104|||23|||262
element_c|||1|||1135|||32|||262
width_blk|||2|||1167|||34|||262
d_KinectDisparity|||1|||1252|||14|||262
v|||6|||1363|||34|||262
data_col_ptr|||11|||1528|||31|||262
bit0|||1|||1587|||33|||262
numPerbatch|||3|||1120|||84|||263
numPerbatch|||8|||1127|||48|||263
numPerbatch|||9|||1129|||5|||263
numPerbatch|||11|||1132|||5|||263
void|||1|||0|||1|||264
void|||2|||5|||1|||264
void|||3|||9|||1|||264
void|||4|||15|||1|||264
void|||5|||19|||1|||264
void|||6|||26|||1|||264
void|||7|||32|||1|||264
>=|||2|||35|||3|||264
void|||8|||39|||1|||264
void|||9|||44|||1|||264
void|||10|||48|||1|||264
>=|||4|||51|||3|||264
void|||11|||57|||1|||264
void|||12|||62|||1|||264
void|||13|||66|||1|||264
void|||14|||72|||1|||264
>=|||6|||75|||3|||264
void|||15|||77|||1|||264
>=|||8|||88|||3|||264
>=|||10|||139|||3|||264
>=|||12|||192|||3|||264
>=|||14|||215|||3|||264
data|||2|||1|||10|||265
arr|||1|||26|||6|||265
dims|||1|||48|||10|||265
%|||6|||363|||12|||265
%|||9|||371|||12|||265
%|||12|||435|||12|||265
cuda_SparseMatmul_forward_kernel|||1|||707|||2|||265
vector|||8|||724|||11|||265
cuda_SparseMatmul_backward_kernel|||1|||734|||2|||265
d_M|||1|||792|||6|||265
convolution_gpu_1d_naive|||1|||943|||2|||265
coef|||3|||1104|||10|||265
coef|||9|||1147|||10|||265
Lq|||9|||1466|||9|||265
Lq|||12|||1468|||8|||265
w_col_start|||6|||1649|||6|||265
tid|||3|||6|||23|||266
]|||8|||10|||26|||266
*=|||4|||20|||27|||266
+=|||4|||27|||27|||266
dim|||3|||67|||27|||266
size|||2|||116|||27|||266
d_out|||2|||167|||25|||266
reduction|||2|||213|||26|||266
gid|||10|||239|||27|||266
d_out|||9|||245|||14|||266
d_out|||10|||246|||25|||266
prA|||2|||271|||24|||266
sum|||1|||316|||27|||266
src|||3|||450|||30|||266
szbeg|||3|||461|||24|||266
diff|||6|||487|||30|||266
height|||11|||530|||24|||266
<=|||9|||548|||26|||266
pn|||5|||565|||26|||266
dec_index|||2|||572|||21|||266
0.07|||3|||682|||24|||266
n_out|||2|||743|||21|||266
npml|||6|||837|||21|||266
npml|||14|||842|||20|||266
x0|||9|||874|||25|||266
NI|||5|||935|||25|||266
diag|||1|||1000|||26|||266
colsA|||1|||1042|||20|||266
width_M|||3|||1176|||26|||266
largest|||8|||1193|||26|||266
largest|||13|||1197|||25|||266
d_regularDisparityPitch|||1|||1252|||9|||266
h|||10|||1371|||28|||266
h_index|||5|||1515|||18|||266
P|||2|||1603|||27|||266
batchSize|||10|||1703|||25|||266
out_image|||2|||515|||68|||267
model|||2|||1053|||69|||267
eachElement|||3|||1135|||47|||267
eachElement|||4|||1135|||58|||267
tmp|||5|||1298|||63|||267
128|||7|||1655|||56|||267
width|||2|||452|||35|||268
Row|||15|||1167|||123|||269
imag|||4|||1237|||140|||269
data_im_ptr|||5|||1515|||83|||269
0x01|||5|||1587|||111|||269
0x01|||6|||1587|||128|||269
0x01|||8|||1587|||162|||269
gt|||7|||1660|||94|||269
mult|||2|||1689|||126|||269
INCX|||2|||78|||36|||270
INCX|||5|||82|||36|||270
vec_out|||4|||106|||33|||270
flags|||2|||213|||37|||270
else|||1|||258|||35|||270
d_out|||14|||340|||35|||270
|||||1|||452|||36|||270
nviews|||2|||510|||35|||270
d_ch_flag|||4|||607|||30|||270
eachElement|||10|||1139|||27|||270
width_N|||1|||1166|||29|||270
ty|||2|||1167|||36|||270
scores_out|||1|||1489|||30|||270
w_out|||1|||1512|||35|||270
k|||6|||232|||55|||271
++|||2|||316|||57|||271
reference|||2|||452|||57|||271
<=|||7|||541|||82|||271
stride|||6|||551|||54|||271
curr_decision|||3|||572|||64|||271
outPixelOffset|||2|||716|||86|||271
d_ind_sub|||2|||743|||42|||271
s|||2|||751|||59|||271
clamp_max|||2|||763|||53|||271
clamp_max|||3|||763|||84|||271
nx|||12|||781|||89|||271
Row|||4|||793|||89|||271
Pvalue|||6|||797|||51|||271
0.21|||4|||849|||83|||271
pos|||13|||870|||95|||271
pos|||14|||870|||102|||271
out|||7|||878|||92|||271
neighbor|||2|||878|||101|||271
out|||9|||882|||50|||271
binary|||2|||890|||93|||271
weights|||3|||890|||103|||271
mean|||10|||890|||118|||271
right_columns|||7|||917|||52|||271
U|||3|||936|||85|||271
mask|||2|||944|||88|||271
ELEMENT_INDEX|||10|||950|||46|||271
dcopy|||4|||959|||96|||271
rho|||2|||959|||113|||271
maximum|||2|||974|||57|||271
maximum|||4|||974|||104|||271
maximum|||5|||974|||114|||271
weight|||9|||1001|||91|||271
neighbor|||10|||1001|||111|||271
h|||2|||1013|||81|||271
h|||3|||1013|||92|||271
h|||4|||1013|||122|||271
filterR|||3|||1028|||68|||271
buffer|||2|||1028|||94|||271
filter|||5|||1028|||103|||271
filterR|||4|||1028|||105|||271
tIndx|||3|||1043|||78|||271
colsB|||3|||1043|||81|||271
Ad|||2|||1043|||92|||271
colsA|||3|||1043|||104|||271
*=|||15|||1060|||130|||271
scale|||12|||1060|||131|||271
grad|||2|||1074|||109|||271
grad|||6|||1086|||109|||271
d_out_data|||2|||1098|||84|||271
dim|||11|||1098|||88|||271
coef|||2|||1098|||93|||271
dim|||12|||1098|||99|||271
307|||1|||1109|||109|||271
G|||2|||1109|||115|||271
113|||1|||1109|||117|||271
grayimg|||2|||1109|||124|||271
beta|||2|||1135|||83|||271
newvalue|||3|||1152|||77|||271
summ|||2|||1152|||82|||271
summ|||3|||1155|||47|||271
Melement|||2|||1167|||116|||271
Nelement|||2|||1167|||118|||271
Nelement|||4|||1176|||50|||271
norm_val|||2|||1205|||55|||271
1.0e-16|||1|||1205|||74|||271
aux|||3|||1205|||127|||271
aux|||4|||1205|||134|||271
aux|||7|||1210|||87|||271
aux|||8|||1210|||94|||271
imag|||2|||1237|||112|||271
L|||5|||1237|||127|||271
sqrt|||1|||1237|||132|||271
d_regularDisparityPitch|||2|||1253|||101|||271
filtered_Q|||2|||1262|||115|||271
dx|||2|||1279|||151|||271
elem|||1|||1298|||77|||271
elem|||2|||1298|||81|||271
data|||10|||1298|||106|||271
diff|||11|||1298|||120|||271
diff|||12|||1298|||122|||271
exp|||1|||1298|||127|||271
exp|||3|||1307|||54|||271
add|||3|||1315|||129|||271
sqrt|||4|||1329|||173|||271
delta|||6|||1329|||249|||271
delta|||7|||1329|||266|||271
d_temp|||3|||1360|||79|||271
d_temp|||4|||1360|||81|||271
__fsqrt_rn|||1|||1360|||106|||271
eps|||2|||1360|||120|||271
w|||10|||1360|||122|||271
learning_rate|||3|||1363|||97|||271
acc|||2|||1371|||97|||271
acc|||3|||1371|||99|||271
h|||11|||1371|||107|||271
W|||2|||1371|||116|||271
Y|||11|||1371|||128|||271
h|||12|||1371|||134|||271
0.5|||5|||1383|||138|||271
0.5|||6|||1383|||169|||271
forward|||2|||1397|||145|||271
atomicAdd|||1|||1397|||160|||271
gpu_img_out_u|||2|||1415|||75|||271
0.0813|||1|||1415|||118|||271
128|||2|||1415|||122|||271
0.499|||3|||1419|||63|||271
0.418|||2|||1419|||84|||271
>>=|||5|||1427|||74|||271
pb|||13|||1427|||113|||271
drho|||2|||1427|||126|||271
0.25|||1|||1441|||138|||271
0.25|||2|||1441|||185|||271
uSum|||2|||1455|||156|||271
L|||8|||1455|||171|||271
uSum|||5|||1462|||97|||271
add|||6|||1476|||138|||271
labels|||2|||1490|||184|||271
pad|||3|||1512|||87|||271
Delta|||2|||1556|||67|||271
yMin|||1|||1556|||94|||271
yMin|||2|||1556|||126|||271
cx|||1|||1556|||134|||271
cx|||2|||1556|||145|||271
count|||10|||1556|||158|||271
256|||1|||1556|||160|||271
do|||1|||1556|||162|||271
cx|||3|||1556|||192|||271
while|||9|||1556|||198|||271
pic|||2|||1556|||217|||271
count|||13|||1556|||236|||271
bit5|||1|||1587|||118|||271
bit6|||1|||1587|||135|||271
6|||1|||1587|||142|||271
bit7|||1|||1587|||152|||271
7|||3|||1587|||159|||271
7|||4|||1587|||165|||271
bit5|||2|||1587|||175|||271
||||3|||1587|||176|||271
||||4|||1587|||178|||271
||||5|||1587|||180|||271
||||7|||1587|||184|||271
8|||2|||1587|||192|||271
xp|||2|||1603|||122|||271
xp|||3|||1603|||128|||271
q_points|||3|||1603|||185|||271
xp|||4|||1603|||227|||271
xp|||5|||1603|||233|||271
pad|||10|||1633|||59|||271
1.402|||1|||1655|||48|||271
bt|||2|||1655|||94|||271
1.772|||1|||1655|||104|||271
gpu_img_in_u|||3|||1655|||107|||271
128|||10|||1655|||112|||271
rt|||3|||1655|||118|||271
bt|||3|||1655|||142|||271
bt|||4|||1655|||149|||271
gpu_img_out_r|||2|||1655|||151|||271
128|||14|||1660|||76|||271
rt|||7|||1660|||82|||271
rt|||8|||1660|||89|||271
bt|||7|||1660|||106|||271
gpu_img_out_r|||3|||1660|||115|||271
gpu_img_out_g|||3|||1660|||145|||271
add|||9|||1689|||140|||271
0.5|||10|||1704|||143|||271
scaleClamp|||2|||1704|||221|||271
scaleClamp|||3|||1704|||226|||271
scaleClamp|||4|||1704|||233|||271
scaleClamp|||5|||1704|||238|||271
dx|||6|||1704|||244|||271
0.5|||11|||1704|||264|||271
0.5|||12|||1704|||271|||271
predictBox|||2|||1704|||273|||271
0.5|||13|||1704|||288|||271
predictBox|||3|||1704|||292|||271
0.5|||14|||1704|||309|||271
predictBox|||4|||1704|||313|||271
0.5|||15|||1704|||330|||271
predictBox|||5|||1704|||334|||271
scaleClamp|||7|||1710|||186|||271
scaleClamp|||8|||1710|||193|||271
dx|||8|||1710|||204|||271
predictBox|||6|||1710|||233|||271
predictBox|||7|||1710|||252|||271
predictBox|||8|||1710|||273|||271
predictBox|||9|||1710|||294|||271
0|||1|||40|||38|||272
*=|||7|||82|||38|||272
+=|||12|||99|||39|||272
0|||9|||106|||35|||272
*=|||9|||195|||38|||272
>|||4|||278|||37|||272
npml|||2|||459|||36|||272
|||||3|||526|||38|||272
memHeight|||2|||580|||32|||272
sin|||1|||658|||38|||272
0.21|||2|||678|||42|||272
nx|||8|||781|||38|||272
Col|||7|||797|||38|||272
|||||10|||812|||38|||272
Start|||3|||822|||40|||272
LPR|||4|||827|||36|||272
End|||3|||936|||40|||272
grid_width|||1|||1028|||32|||272
norm_val|||9|||1210|||32|||272
out_index|||14|||1397|||35|||272
gpu_img_in_r|||2|||1415|||33|||272
w_col_start|||3|||1636|||40|||272
1.0f|||3|||297|||3|||273
0.0f|||1|||727|||77|||273
fminf|||2|||763|||76|||273
fmaxf|||4|||766|||49|||273
0.f|||4|||1138|||3|||273
logf|||3|||1158|||5|||273
0.5f|||5|||1159|||3|||273
0.5f|||6|||1159|||5|||273
powf|||5|||1279|||87|||273
-0.668311119f|||1|||1556|||50|||273
powf|||8|||1556|||69|||273
-0.055846456f|||2|||1562|||4|||273
-0.668311119f|||2|||1563|||4|||273
0.975f|||2|||1565|||7|||273
2.0f|||2|||1569|||4|||273
d_N|||5|||801|||11|||274
iN|||5|||878|||89|||274
iN|||13|||884|||12|||274
colsB|||4|||1043|||113|||275
g|||10|||1184|||88|||275
g|||11|||1184|||137|||275
g|||12|||1184|||165|||275
g|||13|||1184|||199|||275
d_in|||2|||167|||34|||276
d_in|||6|||239|||39|||276
d_in|||7|||239|||45|||276
d_in|||11|||244|||13|||276
g_in|||2|||328|||43|||276
d_in|||13|||340|||27|||276
f_in|||3|||402|||39|||276
mat_in|||2|||532|||69|||276
a_in|||1|||707|||6|||276
b_in|||1|||707|||10|||276
c_in|||1|||707|||14|||276
c_in|||2|||708|||46|||276
b_in|||2|||708|||60|||276
a_in|||5|||734|||6|||276
b_in|||5|||734|||10|||276
c_in|||5|||734|||14|||276
b_in|||6|||735|||46|||276
a_in|||8|||741|||18|||276
ind_in|||2|||743|||49|||276
ind_in|||3|||743|||59|||276
channel_in|||1|||1512|||56|||276
channel_in|||2|||1512|||65|||276
h_in|||1|||1512|||72|||276
w_in|||3|||1512|||170|||276
channel_in|||4|||1515|||23|||276
channel_in|||5|||1515|||32|||276
channel_in|||6|||1515|||86|||276
w_in|||6|||1515|||137|||276
w_in|||9|||1528|||26|||276
+=|||9|||67|||31|||277
<|||15|||78|||29|||277
/|||4|||137|||31|||277
means|||3|||428|||30|||277
srcData|||6|||504|||27|||277
clamp_min|||6|||767|||24|||277
num|||7|||1223|||29|||277
d_P|||2|||793|||87|||278
Isg|||2|||838|||79|||278
pos|||12|||870|||88|||278
meshStride|||4|||878|||87|||278
l|||5|||903|||95|||278
pb|||2|||959|||84|||278
batchInJump|||2|||990|||77|||278
spatial|||4|||1060|||94|||278
diff|||15|||1302|||77|||278
frame|||2|||1556|||73|||278
0x01|||3|||1587|||77|||278
0.344|||1|||1655|||71|||278
10|||4|||432|||54|||279
10|||6|||438|||15|||279
10|||7|||1109|||122|||279
square|||1|||9|||2|||280
g|||4|||675|||4|||280
dev_a|||5|||933|||2|||280
pa|||9|||968|||3|||280
u|||15|||1081|||3|||280
num|||8|||1225|||4|||280
firstIndexToGrab|||10|||1590|||1|||280
dy|||6|||1726|||3|||280
bit_stream|||2|||572|||41|||281
outputlength|||4|||990|||50|||281
src|||11|||1104|||39|||281
minh|||3|||1315|||54|||281
minh|||8|||1476|||54|||281
minh|||13|||1689|||54|||281
anchor|||3|||1704|||59|||281
k_x|||10|||409|||2|||282
k_x|||12|||410|||2|||282
c2|||5|||807|||5|||282
grad_x|||1|||1085|||2|||282
norm2|||11|||1348|||4|||282
y2|||9|||1582|||4|||282
data|||3|||3|||1|||283
idx|||5|||11|||1|||283
array|||4|||13|||1|||283
idx|||14|||21|||1|||283
array|||10|||23|||1|||283
for|||1|||40|||1|||283
input|||3|||55|||1|||283
z|||3|||150|||1|||283
const|||12|||239|||1|||283
A|||9|||255|||1|||283
for|||14|||331|||1|||283
output|||15|||478|||1|||283
IND|||7|||521|||1|||283
pint|||5|||598|||0|||283
Row|||5|||794|||1|||283
image|||6|||861|||1|||283
out|||8|||882|||1|||283
neighbor|||7|||886|||1|||283
neighbor|||15|||1009|||1|||283
src|||8|||1099|||1|||283
g|||14|||1188|||1|||283
sumI|||6|||1267|||0|||283
sumI|||9|||1274|||0|||283
acc|||5|||1377|||1|||283
uSum|||6|||1473|||0|||283
/|||9|||179|||45|||284
gid|||12|||239|||41|||284
d_in_b|||2|||246|||35|||284
A|||8|||252|||42|||284
tx|||4|||258|||39|||284
Tau|||3|||278|||40|||284
prob|||2|||336|||43|||284
aR2|||2|||356|||36|||284
-1|||2|||472|||43|||284
&|||6|||638|||40|||284
maxvd|||12|||702|||41|||284
ny|||5|||781|||42|||284
rows|||11|||849|||42|||284
out|||6|||878|||43|||284
row_a|||2|||925|||40|||284
batchInJump|||1|||990|||39|||284
colsA|||6|||1051|||35|||284
numPerbatch|||7|||1127|||39|||284
height_col|||1|||1511|||35|||284
width_col|||2|||1512|||39|||284
anchor|||2|||1704|||44|||284
x_outer_prod|||2|||376|||43|||285
alpha|||10|||383|||55|||285
k_x|||4|||402|||41|||285
db|||2|||412|||57|||285
dst|||2|||446|||56|||285
A|||12|||492|||56|||285
*=|||11|||510|||49|||285
min|||1|||526|||54|||285
pn|||3|||562|||52|||285
memHeight|||3|||580|||45|||285
0.07|||2|||678|||56|||285
depth|||2|||829|||53|||285
offset|||10|||853|||51|||285
UN|||2|||936|||56|||285
bands|||5|||1210|||45|||285
s1|||1|||1475|||48|||285
tempval|||3|||402|||54|||286
bit_stream|||3|||572|||56|||286
col|||10|||613|||78|||286
B|||12|||628|||76|||286
d_label_sub|||2|||743|||52|||286
else|||15|||763|||68|||286
size_block|||3|||812|||74|||286
0.71|||4|||849|||72|||286
col_a|||3|||925|||68|||286
maximum|||9|||977|||82|||286
colsA|||2|||1043|||63|||286
grayimg|||3|||1113|||81|||286
sr|||2|||1237|||78|||286
ind_out|||5|||743|||54|||287
scores_out|||2|||1490|||80|||287
labels_out|||2|||1490|||87|||287
boxes_out|||9|||1490|||151|||287
scores_out|||3|||1490|||169|||287
labels_out|||3|||1490|||179|||287
h_out|||1|||1512|||49|||287
h_out|||2|||1512|||74|||287
h_out|||3|||1512|||102|||287
w_out|||5|||1515|||50|||287
h_out|||6|||1515|||69|||287
w_out|||6|||1515|||74|||287
N|||1|||19|||12|||288
N|||2|||20|||20|||288
N|||4|||32|||12|||288
*|||12|||20|||7|||289
*|||15|||27|||7|||289
num|||1|||98|||5|||289
stride|||15|||558|||8|||289
col_b|||10|||934|||4|||289
elem|||12|||1307|||8|||289
m_hat|||6|||1369|||6|||289
gpu_img_in_b|||4|||1422|||2|||289
realPart|||15|||1473|||5|||289
zq|||8|||1610|||5|||289
row|||4|||252|||51|||290
vector|||2|||301|||50|||290
vecY|||2|||383|||50|||290
npml|||3|||459|||46|||290
width|||14|||526|||49|||290
pcountinner|||3|||562|||47|||290
inv_sub_factor|||1|||742|||28|||290
inv_sub_factor|||2|||743|||39|||290
npml|||7|||838|||44|||290
pos|||7|||870|||51|||290
out|||15|||905|||53|||290
l|||15|||907|||55|||290
before_nms_boxes|||2|||1120|||48|||290
pValue|||1|||1167|||48|||290
Melement|||4|||1176|||48|||290
gpu_img_in_g|||2|||1415|||40|||290
0.344|||2|||1660|||35|||290
i|||5|||16|||26|||291
return|||3|||33|||24|||291
blockDim|||14|||41|||23|||291
return|||11|||73|||24|||291
val|||4|||179|||24|||291
output|||5|||190|||24|||291
devSpeed|||2|||199|||23|||291
2.3|||2|||243|||19|||291
g_in|||3|||331|||21|||291
dims|||7|||389|||17|||291
alpha|||15|||507|||23|||291
mat_out|||3|||536|||21|||291
pn|||1|||561|||19|||291
Ysize|||2|||562|||22|||291
memWidth|||2|||580|||20|||291
maxval|||1|||621|||17|||291
matrix|||3|||720|||24|||291
height|||12|||726|||15|||291
clamp_max|||4|||766|||21|||291
d_M|||3|||797|||23|||291
c1|||1|||803|||22|||291
LW|||4|||827|||23|||291
-4.|||2|||874|||23|||291
iN|||8|||882|||23|||291
__restrict__|||1|||902|||19|||291
left|||1|||912|||15|||291
LPR|||5|||935|||22|||291
maximum|||1|||974|||24|||291
bIndy|||7|||1050|||19|||291
source_amplitude|||1|||1052|||18|||291
d_indptr|||2|||1098|||18|||291
ptr_stc_1|||6|||1104|||17|||291
max_coordinate|||4|||1132|||20|||291
host_inputArray2|||1|||1134|||12|||291
d_indptr|||13|||1141|||18|||291
ptr_stc_1|||13|||1147|||17|||291
image_size|||7|||1210|||21|||291
featureSize|||1|||1222|||20|||291
si|||3|||1244|||26|||291
filter|||12|||1270|||24|||291
sample|||1|||1314|||20|||291
eps|||5|||1368|||17|||291
W|||1|||1370|||19|||291
sample|||6|||1475|||20|||291
yq|||14|||1617|||23|||291
w_col|||11|||1649|||13|||291
coeff_w_col|||7|||1651|||13|||291
gpu_img_in_u|||7|||1663|||13|||291
cell|||4|||913|||71|||292
0|||5|||49|||38|||293
>|||1|||179|||38|||293
inputright|||2|||190|||34|||293
1|||9|||199|||35|||293
?|||4|||213|||36|||293
rows|||2|||252|||35|||293
numBlock|||3|||285|||35|||293
3000|||1|||316|||38|||293
twod1|||3|||351|||31|||293
sy|||2|||440|||40|||293
jsx|||2|||459|||34|||293
truth|||2|||484|||36|||293
I|||2|||551|||37|||293
keyCharPtr|||1|||638|||33|||293
edad|||7|||650|||33|||293
d_ind|||3|||746|||24|||293
J|||2|||822|||37|||293
IJ|||12|||825|||37|||293
channel|||1|||829|||35|||293
iN|||9|||882|||35|||293
col_b|||6|||930|||31|||293
J|||6|||936|||37|||293
neighbor|||11|||1005|||37|||293
bIndx|||10|||1051|||30|||293
z|||14|||1074|||35|||293
dst|||14|||1106|||23|||293
newvalue|||2|||1152|||34|||293
boxes_for_nms|||12|||1677|||27|||293
c|||3|||65|||0|||294
c|||6|||93|||0|||294
c|||12|||125|||0|||294
element_c|||6|||1139|||45|||294
normM_c|||1|||1204|||17|||294
image_c|||3|||1205|||93|||294
image_c|||5|||1210|||17|||294
image_c|||9|||1213|||2|||294
minc|||1|||1314|||14|||294
minc|||4|||1322|||5|||294
minc|||6|||1475|||14|||294
minc|||9|||1483|||5|||294
minc|||14|||1696|||5|||294
stride|||1|||99|||17|||295
val|||10|||182|||20|||295
z|||5|||185|||17|||295
col|||1|||252|||17|||295
prB|||3|||274|||15|||295
vector|||3|||304|||19|||295
dst|||1|||445|||12|||295
width|||1|||451|||15|||295
char|||9|||637|||13|||295
col|||15|||663|||17|||295
size_block|||7|||818|||16|||295
x0|||15|||876|||15|||295
mask|||1|||943|||10|||295
ELEMENT_INDEX|||7|||950|||16|||295
it|||3|||1058|||17|||295
filters|||1|||1059|||16|||295
filters|||5|||1067|||20|||295
psi|||8|||1430|||16|||295
add|||7|||1488|||14|||295
min|||3|||1603|||17|||295
1.402|||2|||1660|||12|||295
add|||11|||1701|||16|||295
d_indptr|||4|||1098|||70|||296
d_indptr|||5|||1098|||77|||296
d_indptr|||11|||1106|||21|||296
d_indptr|||15|||1141|||73|||296
data_col_ptr|||1|||1512|||91|||296
data_col_ptr|||2|||1512|||95|||296
data_im_ptr|||1|||1512|||112|||296
data_im_ptr|||2|||1512|||116|||296
data_col_ptr|||3|||1512|||175|||296
data_col_ptr|||4|||1512|||206|||296
data_col_ptr|||5|||1515|||58|||296
data_col_ptr|||6|||1515|||62|||296
data_im_ptr|||4|||1515|||79|||296
data_col_ptr|||7|||1515|||142|||296
data_im_ptr|||6|||1515|||162|||296
data_col_ptr|||8|||1515|||173|||296
data_im_ptr|||9|||1528|||51|||296
data_col_ptr|||12|||1528|||62|||296
n|||5|||27|||20|||297
n|||9|||127|||20|||297
n|||12|||147|||20|||297
n|||15|||179|||20|||297
+|||1|||6|||7|||298
+|||3|||10|||7|||298
ny|||3|||496|||8|||298
4.0|||3|||589|||6|||298
pcount|||7|||597|||6|||298
gpu_matrix_mult|||1|||769|||2|||298
ny|||6|||785|||8|||298
columns|||6|||854|||8|||298
gpu_matrix_mult|||2|||912|||2|||298
bit6|||4|||1599|||6|||298
10|||3|||184|||15|||299
device_input|||1|||420|||9|||299
reference|||1|||451|||10|||299
d_input|||4|||530|||11|||299
corrSum|||1|||621|||7|||299
q_q|||5|||1459|||7|||299
u|||3|||73|||28|||300
myId|||3|||186|||25|||300
u|||10|||228|||28|||300
cluster|||4|||440|||30|||300
neighbor|||3|||882|||27|||300
right|||1|||912|||19|||300
real|||1|||1237|||27|||300
0.0813|||3|||1425|||18|||300
INCY|||2|||195|||36|||301
INCY|||5|||267|||36|||301
INCY|||8|||291|||36|||301
mat|||6|||360|||39|||301
mat|||10|||368|||39|||301
mat|||14|||432|||39|||301
x|||1|||1|||5|||302
x|||4|||3|||5|||302
x|||9|||7|||5|||302
x|||15|||11|||5|||302
data|||4|||4|||0|||303
data|||7|||38|||0|||303
for|||2|||41|||0|||303
output|||3|||47|||0|||303
L|||3|||76|||0|||303
for|||4|||102|||0|||303
for|||6|||119|||0|||303
z|||4|||151|||0|||303
result|||4|||165|||0|||303
output|||6|||193|||0|||303
reduction|||3|||218|||0|||303
for|||8|||235|||0|||303
for|||10|||309|||0|||303
for|||12|||322|||0|||303
sum|||6|||326|||0|||303
for|||15|||332|||0|||303
db|||3|||419|||0|||303
mx|||3|||443|||0|||303
my|||3|||444|||0|||303
char|||6|||518|||0|||303
p|||5|||568|||0|||303
result|||10|||619|||0|||303
char|||13|||642|||0|||303
char|||15|||643|||0|||303
r|||10|||679|||0|||303
g|||7|||680|||0|||303
Iss|||4|||847|||0|||303
ret|||8|||933|||0|||303
Cd|||4|||1048|||0|||303
Cd|||6|||1051|||0|||303
grad|||4|||1084|||0|||303
grad|||8|||1096|||0|||303
aux|||10|||1219|||0|||303
imag|||7|||1250|||0|||303
L|||6|||1251|||0|||303
L|||9|||1474|||0|||303
do|||2|||1577|||0|||303
bt|||9|||1663|||0|||303
h_in|||2|||1512|||123|||304
6|||2|||1587|||148|||304
255|||11|||1655|||135|||304
boxes_before_nms|||6|||1671|||145|||304
scaleClamp|||6|||1710|||181|||304
+|||7|||20|||11|||305
+|||9|||27|||11|||305
+|||12|||34|||11|||305
minw|||1|||1314|||8|||305
in_w|||1|||1397|||102|||305
out_w|||2|||1397|||104|||305
in_w|||2|||1397|||141|||305
minw|||6|||1475|||8|||305
ret|||3|||925|||92|||306
ret|||6|||930|||46|||306
ps|||2|||838|||84|||307
ps|||3|||838|||93|||307
ps|||10|||846|||5|||307
colorImage|||4|||849|||85|||308
colorImage|||6|||853|||29|||308
grayImage|||3|||853|||49|||308
colorImage|||10|||855|||26|||308
double|||2|||5|||8|||309
double|||4|||26|||8|||309
long|||2|||105|||9|||309
thread_id|||1|||376|||9|||309
&|||3|||577|||8|||309
filter|||8|||1040|||11|||309
model|||1|||1052|||8|||309
aux|||1|||1205|||12|||309
threshold|||4|||1543|||11|||309
array|||2|||10|||23|||310
index|||13|||153|||24|||310
scale|||7|||338|||27|||310
aRS|||1|||355|||17|||310
alphas|||3|||435|||25|||310
Iss|||3|||843|||26|||310
d_out_grad|||1|||1140|||10|||310
width_blk|||1|||1166|||20|||310
int|||1|||0|||4|||311
numElements|||3|||2|||6|||311
double|||1|||5|||4|||311
array|||1|||9|||6|||311
idx|||8|||13|||8|||311
]|||13|||14|||8|||311
,|||4|||15|||6|||311
;|||13|||16|||7|||311
i|||8|||18|||8|||311
float|||3|||19|||4|||311
input|||1|||48|||6|||311
set_sorting_offset|||1|||57|||2|||311
%|||2|||89|||8|||311
mul_Scalar_matrix|||1|||94|||2|||311
size|||3|||119|||8|||311
0|||14|||184|||8|||311
gridDim|||13|||205|||6|||311
lr|||3|||224|||6|||311
operacionKernelGPU|||1|||227|||2|||311
k|||11|||236|||8|||311
pow|||2|||243|||6|||311
cols|||4|||254|||8|||311
forward_dropout_layer|||1|||335|||2|||311
-=|||8|||366|||8|||311
set_valid_mask|||1|||389|||2|||311
compute_new_means|||1|||439|||2|||311
cuda_set_sg|||1|||458|||2|||311
pred|||4|||488|||8|||311
convertEdgeMaskToFloatDevice|||1|||525|||2|||311
gpu_matrix_transpose|||1|||531|||2|||311
cols|||11|||536|||7|||311
rows|||9|||538|||6|||311
srcDiff|||4|||548|||6|||311
bit_decisions|||3|||576|||3|||311
memHeight|||5|||583|||5|||311
long|||8|||590|||4|||311
char|||14|||642|||6|||311
gpu_matrix_mul|||1|||662|||2|||311
Row|||9|||800|||5|||311
Col|||11|||802|||6|||311
pg|||6|||846|||7|||311
meshStride|||11|||886|||7|||311
gather_points_kernel|||1|||902|||2|||311
right_columns|||6|||917|||6|||311
MASK_RADIUS|||6|||953|||4|||311
getRho_cuda|||1|||958|||2|||311
dcopy|||11|||968|||6|||311
inputLength|||3|||995|||5|||311
indexOutBatch|||4|||999|||4|||311
w|||5|||1022|||8|||311
h|||6|||1023|||6|||311
gpuMatrMultD|||1|||1042|||2|||311
source_amplitude|||3|||1058|||5|||311
uidx|||4|||1083|||7|||311
uidx|||9|||1095|||7|||311
R|||6|||1117|||7|||311
batch_offset|||12|||1202|||6|||311
aux|||11|||1220|||5|||311
cudaSimpleCorrelator|||1|||1236|||2|||311
Q|||5|||1275|||7|||311
l2normalize_kernel|||1|||1278|||2|||311
filters|||13|||1286|||8|||311
data_j|||8|||1306|||4|||311
1e-8|||1|||1360|||5|||311
w|||13|||1371|||8|||311
K|||13|||1380|||8|||311
rgb2yuv_kernel|||1|||1414|||2|||311
gpu_img_in_r|||4|||1420|||2|||311
gpu_img_in_g|||4|||1421|||2|||311
getDRho_cuda|||1|||1426|||2|||311
s1|||3|||1488|||5|||311
height_col|||15|||1534|||2|||311
frames|||3|||1558|||8|||311
cx|||7|||1582|||6|||311
8|||3|||1590|||5|||311
channel|||10|||1600|||7|||311
P|||1|||1602|||6|||311
bt2|||5|||1657|||5|||311
:|||11|||500|||73|||312
d_label|||2|||743|||57|||312
C|||12|||781|||85|||312
pg|||1|||838|||72|||312
pos|||11|||870|||81|||312
gray|||4|||1113|||90|||312
si|||2|||1237|||87|||312
elem|||10|||1302|||69|||312
0.299|||1|||1415|||62|||312
q_i|||7|||1462|||73|||312
anchorCy|||3|||1710|||86|||312
255|||4|||1152|||96|||313
255|||8|||1655|||120|||313
255|||9|||1655|||123|||313
255|||10|||1655|||132|||313
255|||12|||1655|||144|||313
255|||13|||1655|||147|||313
255|||14|||1660|||84|||313
255|||15|||1660|||87|||313
N|||8|||73|||22|||314
size|||10|||160|||20|||314
ny|||1|||491|||20|||314
long|||13|||627|||16|||314
ny|||4|||780|||20|||314
0.587|||3|||1423|||14|||314
C|||7|||498|||0|||315
C|||10|||636|||0|||315
C|||14|||791|||0|||315
mean|||13|||897|||0|||315
mean|||14|||898|||0|||315
currentFrame|||10|||1162|||0|||315
currentFrame|||12|||1165|||0|||315
Y|||12|||1381|||0|||315
circularity|||1|||584|||2|||316
Forwardsub|||1|||821|||2|||316
columns|||4|||852|||5|||316
d_indices|||4|||1105|||3|||316
d_indices|||8|||1148|||3|||316
data|||15|||1309|||5|||316
result|||7|||613|||81|||317
images|||4|||684|||73|||317
nx|||11|||781|||79|||317
sp|||2|||838|||66|||317
colorImage|||3|||849|||74|||317
pos|||10|||870|||76|||317
buf|||7|||977|||85|||317
samplesLength|||2|||1262|||72|||317
q_points|||2|||1603|||78|||317
min|||9|||1613|||76|||317
min|||14|||1623|||76|||317
g_in|||5|||334|||5|||318
Col|||6|||796|||9|||318
channel_in|||9|||1526|||3|||318
>|||15|||500|||66|||319
pcount|||3|||591|||73|||319
meshStride|||3|||878|||75|||319
!|||1|||944|||65|||319
filterR|||2|||1028|||64|||319
coef|||1|||1098|||57|||319
d_indices|||6|||1141|||54|||319
norm_val|||10|||1210|||62|||319
d_KinectDisparityPitch|||2|||1253|||66|||319
d_regularDisparityPitch|||3|||1257|||54|||319
data_j|||6|||1302|||63|||319
tc|||8|||1427|||69|||319
=|||2|||6|||20|||320
)|||6|||10|||21|||320
y|||3|||16|||24|||320
{|||10|||20|||22|||320
{|||13|||27|||22|||320
t_id|||2|||63|||18|||320
y|||11|||112|||22|||320
return|||15|||137|||22|||320
length|||2|||167|||22|||320
count|||1|||189|||17|||320
INCY|||1|||194|||19|||320
length|||5|||246|||22|||320
Y|||4|||266|||19|||320
OFFX|||3|||269|||21|||320
Y|||7|||290|||19|||320
ALPHA|||9|||293|||22|||320
un_idx|||5|||297|||13|||320
inner_reps|||1|||327|||16|||320
scale|||5|||335|||19|||320
length|||8|||340|||22|||320
0.5|||4|||358|||18|||320
jsx|||1|||458|||15|||320
npml|||4|||461|||20|||320
width|||6|||514|||14|||320
width|||12|||525|||15|||320
col|||8|||613|||22|||320
input_length|||2|||638|||20|||320
pupacion|||3|||650|||19|||320
3|||12|||678|||25|||320
>>=|||1|||696|||24|||320
clamp_min|||1|||762|||15|||320
NI|||1|||821|||21|||320
meshStride|||10|||885|||20|||320
ELEMENT_INDEX|||13|||952|||17|||320
si|||1|||1236|||18|||320
labels|||1|||1489|||17|||320
cy|||6|||1578|||21|||320
add_index|||14|||1702|||19|||320
[|||15|||16|||20|||321
arrayB|||2|||45|||18|||321
tid|||8|||49|||18|||321
c|||2|||63|||16|||321
n|||7|||90|||17|||321
gid|||2|||123|||18|||321
Y|||1|||194|||16|||321
u_m|||1|||227|||13|||321
/|||13|||230|||19|||321
d_in_b|||3|||249|||11|||321
num_nodes|||1|||270|||14|||321
size_x|||1|||375|||9|||321
alpha|||9|||382|||13|||321
vecY|||5|||388|||18|||321
device_output|||1|||420|||13|||321
diff|||5|||487|||21|||321
data_size|||1|||499|||13|||321
srcData|||13|||508|||17|||321
srcData|||14|||540|||14|||321
memHeight|||4|||582|||14|||321
areaRes|||4|||589|||13|||321
oe_flag|||1|||600|||12|||321
long|||15|||628|||18|||321
0.71|||3|||682|||17|||321
pitch|||1|||726|||9|||321
0.0|||14|||754|||19|||321
idy|||11|||804|||17|||321
ny|||7|||869|||16|||321
dst|||15|||1107|||13|||321
MeanLogNormalFrame|||4|||1158|||16|||321
e|||9|||1200|||17|||321
/=|||15|||1202|||17|||321
d_KinectDisparity|||4|||1258|||14|||321
w|||9|||1359|||14|||321
K|||14|||1380|||21|||321
5|||4|||1596|||15|||321
6|||4|||1597|||15|||321
7|||6|||1598|||15|||321
||||13|||1599|||15|||321
h_col_end|||6|||1648|||9|||321
w_col_end|||7|||1650|||9|||321
add|||12|||1702|||17|||321
<<|||1|||1587|||45|||322
<<|||3|||1587|||79|||322
<<|||4|||1587|||96|||322
<<|||5|||1587|||113|||322
<<|||6|||1587|||130|||322
<<|||7|||1587|||147|||322
<<|||8|||1587|||164|||322
cols|||6|||256|||4|||323
%|||4|||260|||4|||323
m|||11|||362|||4|||323
%|||7|||365|||4|||323
m|||14|||370|||4|||323
%|||10|||373|||4|||323
%|||13|||437|||4|||323
cols|||10|||535|||4|||323
__shared__|||1|||959|||2|||323
__shared__|||3|||1427|||2|||323
pixelNum|||6|||686|||4|||324
pixelNum|||10|||691|||4|||324
pixelNum|||13|||694|||4|||324
classNum|||8|||1547|||18|||324
classNum|||9|||1548|||18|||324
.|||1|||1|||4|||325
.|||4|||3|||4|||325
.|||9|||7|||4|||325
(|||5|||9|||3|||325
.|||15|||11|||4|||325
(|||8|||15|||3|||325
scale|||4|||24|||5|||325
nviews|||3|||513|||4|||325
corrSum|||3|||625|||4|||325
size_t|||3|||684|||3|||325
nz|||3|||1057|||5|||325
scale|||14|||1072|||5|||325
uLength|||3|||1239|||4|||325
!=|||3|||1306|||3|||325
anchorH|||12|||1728|||3|||325
initialArray0|||1|||39|||2|||326
0.0|||11|||720|||4|||326
0.0|||15|||756|||4|||326
1.0|||9|||1214|||2|||326
minw|||4|||1318|||5|||326
minw|||9|||1479|||5|||326
in|||13|||1591|||5|||326
in|||14|||1592|||5|||326
in|||15|||1593|||5|||326
minw|||14|||1692|||5|||326
meshStride|||6|||882|||33|||327
NJ|||8|||941|||31|||327
cell|||3|||913|||67|||328
cell|||5|||913|||86|||328
cell|||6|||913|||91|||328
cell|||10|||917|||30|||328
cell|||11|||917|||45|||328
aux|||6|||1210|||75|||328
}|||11|||23|||8|||329
}|||14|||30|||8|||329
saxpy_gpu|||1|||111|||2|||329
sum_arrays_gpu|||1|||152|||2|||329
compute_array_square|||1|||305|||2|||329
thread_index|||4|||310|||6|||329
saxpy_gpu|||2|||382|||2|||329
thread_index|||9|||504|||6|||329
thread_index|||14|||545|||6|||329
outputlength|||7|||994|||5|||329
outputlength|||8|||996|||5|||329
outputlength|||9|||997|||5|||329
batch|||10|||1061|||6|||329
batch|||11|||1066|||8|||329
I|||8|||1274|||7|||329
in_index|||12|||1413|||5|||329
data_size|||5|||504|||12|||330
data_size|||11|||545|||12|||330
Zsize|||1|||561|||11|||330
Xsize|||2|||562|||20|||330
dec_size|||1|||571|||14|||330
dec_size|||2|||572|||29|||330
Xsize|||4|||590|||5|||330
Zsize|||4|||590|||11|||330
Zsize|||5|||591|||16|||330
Zsize|||6|||591|||27|||330
Zsize|||7|||592|||15|||330
Xsize|||8|||592|||20|||330
array_size|||2|||944|||37|||330
image_size|||3|||1205|||61|||330
image_size|||4|||1205|||97|||330
image_size|||9|||1210|||68|||330
image_size|||14|||1217|||6|||330
max_size|||1|||1359|||22|||330
max_size|||3|||1362|||19|||330
img_size|||2|||1415|||28|||330
ksize|||2|||1512|||67|||330
ksize|||4|||1512|||139|||330
ksize|||5|||1512|||154|||330
ksize|||6|||1515|||34|||330
ksize|||7|||1515|||36|||330
ksize|||8|||1515|||106|||330
ksize|||10|||1520|||5|||330
ksize|||12|||1527|||9|||330
ksize|||14|||1529|||9|||330
img_size|||5|||1655|||34|||330
twod1|||5|||352|||1|||331
twod1|||6|||353|||17|||331
c1|||2|||804|||42|||331
c1|||4|||804|||71|||331
i1|||1|||838|||2|||331
i1|||4|||838|||46|||331
i1|||7|||842|||2|||331
x1|||2|||870|||59|||331
-1|||9|||1120|||62|||331
-1|||10|||1127|||17|||331
-1|||11|||1128|||16|||331
ptr_stc_1|||10|||1141|||67|||331
ptr_stc_1|||12|||1146|||12|||331
c1|||10|||1314|||32|||331
w1|||2|||1315|||106|||331
h1|||2|||1315|||113|||331
c1|||12|||1326|||19|||331
norm1|||1|||1329|||54|||331
norm1|||2|||1329|||138|||331
norm1|||3|||1329|||164|||331
norm1|||4|||1329|||168|||331
i1|||15|||1329|||278|||331
norm1|||7|||1339|||57|||331
beta1|||2|||1360|||57|||331
beta1|||4|||1363|||19|||331
beta1|||7|||1365|||17|||331
vec1|||2|||1383|||141|||331
vec1|||4|||1383|||172|||331
vec1|||6|||1393|||17|||331
vec1|||9|||1441|||141|||331
vec1|||11|||1441|||153|||331
vec1|||12|||1441|||162|||331
vec1|||14|||1441|||193|||331
-1|||15|||1455|||124|||331
c1|||13|||1475|||32|||331
w1|||5|||1476|||106|||331
h1|||5|||1476|||113|||331
s1|||2|||1476|||129|||331
c1|||15|||1487|||19|||331
bit1|||2|||1587|||183|||331
bit1|||3|||1592|||2|||331
h1|||7|||1688|||29|||331
w1|||8|||1689|||106|||331
h1|||8|||1689|||113|||331
tid|||1|||6|||2|||332
i|||1|||16|||2|||332
i|||7|||18|||2|||332
i|||11|||27|||2|||332
i|||15|||29|||2|||332
tid|||7|||49|||2|||332
tid|||12|||51|||2|||332
tid|||13|||54|||2|||332
tid|||15|||56|||2|||332
g_data|||5|||262|||0|||332
g_data|||7|||265|||0|||332
cluster|||7|||441|||2|||332
cluster|||9|||443|||2|||332
cluster|||11|||444|||2|||332
pos|||5|||537|||2|||332
Pvalue|||7|||798|||1|||332
Pvalue|||8|||800|||1|||332
pos|||15|||874|||2|||332
f|||1|||890|||2|||332
f|||7|||892|||2|||332
f|||12|||901|||2|||332
newvalue|||7|||1156|||1|||332
g|||3|||674|||84|||333
x0|||4|||870|||79|||333
dev_b|||2|||925|||73|||333
U|||2|||936|||80|||333
coef|||7|||1141|||60|||333
0.5f|||1|||1152|||71|||333
norm_val|||4|||1205|||72|||333
d|||15|||1237|||85|||333
patchSize|||13|||1302|||67|||333
h_col_start|||3|||1636|||75|||333
128|||13|||1660|||54|||333
allAddInplaceKernel|||1|||26|||2|||334
dotKernel|||1|||62|||2|||334
iKernel|||1|||156|||2|||334
doubleArrayScalarDivideKernel|||1|||166|||2|||334
addKernel|||1|||172|||2|||334
squareKernel|||1|||238|||2|||334
doubleArrayVectorAddKernel|||1|||245|||2|||334
incKernel|||1|||327|||2|||334
ConvLayerForward_Kernel|||1|||1370|||2|||334
.|||3|||2|||3|||335
.|||5|||4|||3|||335
0|||6|||54|||4|||335
t_id|||1|||63|||2|||335
t_id|||6|||65|||2|||335
-=|||2|||76|||4|||335
id|||8|||274|||3|||335
Tau|||5|||282|||3|||335
un_idx|||1|||295|||2|||335
block_id|||1|||376|||2|||335
1024|||2|||387|||4|||335
truth|||3|||487|||4|||335
nx|||6|||496|||4|||335
trans_pos|||5|||538|||2|||335
I|||3|||555|||4|||335
pcount|||4|||595|||3|||335
keyCharPtr|||3|||642|||2|||335
dia|||5|||650|||3|||335
edad|||8|||652|||3|||335
grayscale|||1|||673|||2|||335
start|||2|||696|||4|||335
maxhd|||10|||702|||3|||335
ind_in|||4|||746|||2|||335
d_ind_sub|||4|||748|||0|||335
d_label_sub|||4|||749|||0|||335
nx|||13|||785|||4|||335
Row|||11|||802|||2|||335
sp|||3|||843|||4|||335
neighbors|||4|||885|||4|||335
weights|||5|||897|||4|||335
l|||6|||905|||4|||335
batchOutJump|||4|||999|||2|||335
neighbors|||9|||1008|||4|||335
-=|||15|||1011|||4|||335
d|||13|||1040|||4|||335
d_out_data|||4|||1107|||0|||335
currentFrame|||8|||1157|||3|||335
Nd|||5|||1180|||3|||335
batch|||14|||1186|||4|||335
norm|||6|||1350|||4|||335
d_temp|||5|||1363|||2|||335
2.0|||3|||1581|||2|||335
P|||7|||1609|||3|||335
Q|||13|||1613|||3|||335
min|||11|||1618|||4|||335
data_col|||10|||1652|||2|||335
gt|||1|||1655|||4|||335
gt|||10|||1665|||3|||335
bt|||10|||1666|||3|||335
boxes_for_nms|||14|||1678|||0|||335
boxes_for_nms|||15|||1679|||0|||335
anchor|||14|||1711|||3|||335
dx|||10|||1725|||3|||335

x_average|||3|||376|||53|||337
f_target|||3|||402|||49|||337
%|||14|||551|||69|||337
memWidth|||5|||580|||55|||337
<<=|||1|||959|||62|||337
d_in_data|||3|||1104|||48|||337
113|||2|||1113|||74|||337
canData|||3|||120|||1|||338
id|||6|||272|||2|||338
id|||7|||273|||2|||338
__syncthreads|||2|||298|||0|||338
f_target|||5|||410|||0|||338
dstData|||4|||507|||1|||338
255|||3|||523|||2|||338
__syncthreads|||5|||559|||0|||338
long|||14|||628|||2|||338
keyChar|||3|||643|||1|||338
edad|||12|||655|||1|||338
::|||3|||684|||2|||338
std|||6|||689|||2|||338
__syncthreads|||8|||700|||0|||338
matrix|||5|||724|||2|||338
Row|||1|||793|||2|||338
neighbor|||5|||885|||2|||338
__syncthreads|||10|||962|||0|||338
neighbor|||13|||1008|||2|||338
d|||5|||1036|||2|||338
d|||10|||1038|||2|||338
buffer|||5|||1040|||2|||338
bIndx|||5|||1044|||1|||338
tIndx|||5|||1046|||1|||338
uidx|||3|||1081|||1|||338
uidx|||8|||1093|||1|||338
bx|||1|||1167|||2|||338
forward|||3|||1412|||2|||338
__syncthreads|||12|||1431|||0|||338
uSum|||4|||1458|||1|||338
r_q|||12|||1468|||0|||338
q_q|||12|||1470|||0|||338
outputScore|||6|||1544|||1|||338
outputScore|||8|||1550|||1|||338
frame|||4|||1564|||2|||338
frame|||6|||1585|||2|||338
*|||1|||0|||8|||339
*|||4|||6|||11|||339
;|||7|||8|||9|||339
*|||7|||10|||11|||339
a|||1|||62|||10|||339
score|||1|||389|||7|||339
pos|||6|||539|||7|||339
p|||3|||565|||11|||339
bit_decisions|||1|||571|||6|||339
grayimg|||1|||1108|||7|||339
>|||5|||282|||7|||340
>|||9|||344|||6|||340
(|||2|||1|||2|||341
[|||2|||3|||2|||341
new_arr|||3|||8|||0|||341
[|||10|||13|||2|||341
f3|||3|||42|||1|||341
u|||1|||73|||2|||341
u|||6|||75|||2|||341
u|||7|||76|||2|||341
gid|||1|||123|||2|||341
gid|||6|||125|||2|||341
val|||8|||182|||2|||341
devSpeed|||3|||202|||1|||341
devSteer|||4|||204|||0|||341
dev_parameter|||4|||225|||0|||341
k|||13|||237|||2|||341
unsigned|||7|||239|||2|||341
gid|||15|||242|||2|||341
tx|||1|||258|||2|||341
prA|||4|||274|||1|||341
tact|||3|||297|||1|||341
column|||1|||301|||2|||341
input|||8|||324|||2|||341
++|||5|||325|||2|||341
score|||3|||395|||2|||341
tempval|||4|||407|||1|||341
sum|||10|||418|||2|||341
device_output|||6|||425|||0|||341
counts|||4|||429|||2|||341
count|||7|||442|||2|||341
score|||7|||477|||2|||341
diff|||4|||487|||2|||341
IND|||4|||520|||2|||341
out_image|||4|||524|||0|||341
d_output|||3|||530|||0|||341
bit_stream|||4|||577|||0|||341
bit_stream|||5|||578|||0|||341
circ|||3|||588|||1|||341
p|||15|||604|||2|||341
result|||5|||613|||2|||341
keyIndex|||3|||641|||1|||341
tx|||11|||696|||2|||341
s|||7|||756|||2|||341
idy|||15|||806|||1|||341
reduction|||7|||819|||2|||341
column|||12|||830|||2|||341
channel|||4|||832|||2|||341
channel|||5|||833|||2|||341
i1|||5|||839|||1|||341
ps|||5|||843|||2|||341
offset|||6|||853|||2|||341
abs|||6|||897|||2|||341
mean|||15|||898|||2|||341
cell|||14|||921|||2|||341
!|||4|||954|||2|||341
pb|||8|||967|||2|||341
dcopy|||10|||968|||1|||341
maximum|||6|||977|||2|||341
frontJump|||3|||998|||1|||341
scale|||11|||1060|||2|||341
src|||4|||1098|||2|||341
dst|||8|||1104|||2|||341
gray|||5|||1117|||2|||341
src|||13|||1141|||2|||341
pixel|||1|||1152|||2|||341
pixel|||10|||1154|||2|||341
summ|||5|||1159|||1|||341
currentFrame|||9|||1161|||1|||341
currentFrame|||11|||1164|||1|||341
pValue|||4|||1174|||1|||341
norm_val|||12|||1213|||0|||341
norm_val|||13|||1214|||0|||341
xi|||4|||1245|||2|||341
sr|||4|||1247|||2|||341
sampleIndex|||8|||1263|||1|||341
filtered_Q|||3|||1277|||0|||341
f1|||5|||1331|||1|||341
norm1|||6|||1335|||1|||341
eps|||3|||1361|||2|||341
size_t|||9|||1398|||0|||341
drho|||3|||1438|||1|||341
realPart|||6|||1460|||1|||341
realPart|||7|||1462|||1|||341
r_i|||12|||1467|||0|||341
q_i|||12|||1469|||0|||341
Delta|||3|||1561|||2|||341
dw|||4|||1569|||2|||341
cy|||4|||1571|||2|||341
cx|||4|||1572|||2|||341
zp|||6|||1609|||1|||341
data_im|||8|||1653|||0|||341
rt|||1|||1655|||2|||341
anchorCx|||5|||1713|||1|||341
dw|||14|||1719|||2|||341
dh|||8|||1722|||2|||341
preCx|||7|||1725|||1|||341
temp|||1|||412|||26|||342
b_in|||3|||712|||23|||342
psi|||2|||959|||22|||342
sLength|||1|||1236|||21|||342
acc|||7|||1379|||29|||342
idy|||10|||538|||8|||343
gpu_img_in_y|||10|||1663|||5|||343
imageNum|||1|||683|||16|||344
imageNum|||2|||684|||39|||344
pixelNum|||5|||684|||77|||344
imageNum|||3|||689|||11|||344
pixelNum|||9|||690|||33|||344
devideNum|||1|||1222|||17|||344
devideNum|||3|||1223|||74|||344
priorNum|||4|||1223|||88|||344
devideNum|||4|||1223|||90|||344
devideNum|||5|||1223|||94|||344
devideNum|||6|||1223|||108|||344
devideNum|||7|||1228|||5|||344
devideNum|||9|||1230|||41|||344
devideNum|||10|||1230|||45|||344
devideNum|||11|||1230|||59|||344
devideNum|||14|||1232|||30|||344
devideNum|||15|||1232|||44|||344
classNum|||1|||1535|||39|||344
totalScoreNum|||2|||1536|||47|||344
classNum|||2|||1536|||109|||344
totalScoreNum|||7|||1542|||46|||344
classNum|||5|||1542|||89|||344
totalScoreNum|||8|||1543|||6|||344
classNum|||6|||1544|||55|||344
classNum|||7|||1544|||75|||344
size_block|||4|||812|||80|||345
|||||12|||944|||70|||345
data_j|||2|||1298|||71|||345
__fsqrt_rn|||2|||1363|||68|||345
R|||2|||1109|||111|||346
Q|||2|||1262|||101|||346
r_q|||2|||1455|||96|||346
dx|||7|||1710|||108|||346
f1|||7|||1339|||24|||347
f1|||10|||1352|||24|||347
aR1|||1|||355|||7|||348
-1|||8|||490|||13|||348
Ysize|||4|||590|||8|||348
Ysize|||6|||591|||11|||348
c1|||5|||807|||11|||348
img_size|||4|||1654|||5|||348
minh|||4|||1320|||5|||349
out_h|||2|||1397|||111|||349
in_h|||2|||1397|||137|||349
minh|||9|||1481|||5|||349
minh|||14|||1694|||5|||349
reductionSize|||1|||212|||16|||350
reductionSize|||2|||213|||20|||350
reductionSize|||3|||215|||4|||350
stepSize|||1|||959|||49|||350
stepSize|||2|||959|||61|||350
stepSize|||3|||959|||73|||350
stepSize|||4|||959|||80|||350
stepSize|||6|||963|||21|||350
stepSize|||7|||964|||8|||350
stepSize|||8|||964|||15|||350
stepSize|||9|||965|||7|||350
featureSize|||2|||1223|||110|||350
featureSize|||3|||1223|||116|||350
featureSize|||4|||1230|||61|||350
featureSize|||6|||1232|||46|||350
featureSize|||7|||1232|||52|||350
featureSize|||10|||1235|||30|||350
patchSize|||1|||1297|||15|||350
patchSize|||2|||1298|||83|||350
patchSize|||3|||1298|||85|||350
patchSize|||4|||1298|||99|||350
patchSize|||5|||1298|||101|||350
patchSize|||6|||1298|||110|||350
patchSize|||7|||1298|||112|||350
patchSize|||9|||1302|||40|||350
patchSize|||10|||1302|||54|||350
patchSize|||11|||1302|||56|||350
patchSize|||12|||1302|||65|||350
patchSize|||15|||1307|||12|||350
stepSize|||11|||1427|||65|||350
stepSize|||12|||1427|||77|||350
stepSize|||13|||1427|||89|||350
stepSize|||14|||1427|||96|||350
tIndx|||4|||1043|||101|||351
f2|||3|||1329|||120|||351
i2|||15|||1329|||268|||351
y2|||2|||1556|||170|||351
weight|||10|||1001|||107|||352
data_i|||3|||1298|||97|||352
r_q|||8|||1462|||91|||352
Q|||9|||1603|||110|||352
gpu_img_in_u|||5|||1660|||71|||352
k_x|||6|||402|||51|||353
IND|||3|||515|||70|||353
stride|||8|||551|||73|||353
Row|||3|||793|||70|||353
IJ|||6|||822|||71|||353
my_pixel|||6|||858|||57|||353
pixels_per_image|||9|||861|||56|||353
neighbors|||2|||878|||71|||353
mean|||8|||890|||75|||353
frontPrune|||2|||990|||62|||353
meshStride|||14|||1001|||72|||353
rows|||15|||1074|||69|||353
dim|||14|||1104|||52|||353
>>|||6|||1113|||78|||353
pixel|||6|||1152|||64|||353
filters|||10|||1279|||75|||353
beta1|||3|||1360|||64|||353
beta1_tpower|||3|||1363|||62|||353
imagPart|||2|||1455|||64|||353
w_in|||4|||1515|||48|||353
<<|||2|||1587|||62|||353
zq|||11|||1613|||69|||353
gpu_img_out_b|||1|||1654|||35|||353
anchor|||4|||1704|||75|||353
xq|||5|||1454|||10|||354
Lq|||2|||1455|||77|||354
Lq|||4|||1455|||104|||354
q_q|||2|||1455|||116|||354
r_q|||3|||1455|||136|||354
q_q|||3|||1455|||138|||354
q_q|||4|||1455|||146|||354
r_q|||4|||1455|||150|||354
Lq|||5|||1462|||18|||354
Lq|||7|||1462|||45|||354
r_q|||7|||1462|||77|||354
q_q|||7|||1462|||79|||354
q_q|||8|||1462|||87|||354
r_q|||9|||1466|||14|||354
xq|||8|||1466|||16|||354
r_q|||10|||1466|||54|||354
q_q|||11|||1466|||64|||354
r_q|||11|||1466|||68|||354
xq|||9|||1468|||2|||354
r_q|||13|||1471|||9|||354
r_q|||14|||1472|||9|||354
xq|||10|||1603|||61|||354
xq|||11|||1603|||86|||354
xq|||12|||1603|||124|||354
xq|||13|||1603|||130|||354
yq|||3|||1603|||136|||354
yq|||4|||1603|||142|||354
zq|||3|||1603|||148|||354
zq|||5|||1603|||213|||354
yq|||6|||1603|||241|||354
yq|||8|||1610|||3|||354
yq|||11|||1613|||57|||354
temp|||10|||515|||73|||355
shared_dimensions|||2|||913|||69|||355
featureSize|||5|||1230|||67|||355
v|||2|||1360|||67|||355
x|||3|||2|||4|||356
x|||5|||4|||4|||356
]|||6|||8|||3|||356
*=|||2|||13|||5|||356
*=|||5|||23|||5|||356
blockDim|||10|||34|||4|||356
val|||3|||38|||5|||356
VectorAdd|||1|||44|||2|||356
0|||8|||56|||5|||356
ncols|||3|||60|||4|||356
r|||3|||76|||5|||356
maxThreads|||3|||88|||4|||356
a|||6|||93|||5|||356
initWith|||1|||98|||2|||356
index|||10|||102|||5|||356
num|||4|||104|||5|||356
zeroIndices|||1|||105|||2|||356
tmp|||4|||131|||5|||356
1|||5|||141|||5|||356
intMultiply|||1|||160|||2|||356
logistic|||1|||185|||2|||356
pathPlan|||1|||198|||2|||356
InitReduction|||1|||212|||2|||356
j|||12|||235|||5|||356
&&|||2|||254|||5|||356
2|||2|||260|||5|||356
tx|||7|||261|||3|||356
tx|||9|||264|||3|||356
clearLabel|||1|||270|||2|||356
&&|||4|||304|||5|||356
x_outer_prod|||3|||380|||1|||356
k_x|||1|||402|||3|||356
temp|||7|||419|||5|||356
sx|||3|||443|||5|||356
sy|||3|||444|||5|||356
&&|||11|||450|||5|||356
score|||9|||482|||5|||356
abs|||3|||489|||5|||356
nx|||5|||495|||5|||356
A|||14|||498|||5|||356
filterFFT|||1|||509|||2|||356
width|||11|||521|||5|||356
in_image|||4|||522|||3|||356
%|||15|||557|||5|||356
Xsize|||3|||564|||4|||356
pcountinner|||4|||565|||3|||356
pn|||8|||568|||5|||356
Xsize|||5|||591|||4|||356
matmul|||1|||612|||2|||356
kernelXor|||1|||637|||2|||356
80|||3|||651|||4|||356
g|||1|||674|||5|||356
3|||10|||678|||5|||356
subtractMean|||1|||683|||2|||356
kernelMaximum|||1|||695|||2|||356
jj|||11|||713|||5|||356
ind_out|||1|||743|||3|||356
d_M|||5|||801|||2|||356
mmul|||1|||803|||2|||356
colorConvert|||1|||848|||2|||356
my_pixel|||12|||861|||3|||356
weight|||8|||888|||5|||356
weights|||4|||896|||5|||356
left|||5|||923|||5|||356
dev_a|||4|||932|||3|||356
dcopy|||14|||971|||4|||356
res|||10|||988|||5|||356
diag|||4|||1006|||5|||356
grid_width|||4|||1032|||3|||356
sources_z|||3|||1056|||3|||356
ENDCOM|||2|||1146|||2|||356
pixelsPerFrame|||3|||1154|||4|||356
matrixmul|||1|||1166|||2|||356
INFINITY|||2|||1191|||4|||356
image_c|||10|||1216|||3|||356
num|||9|||1228|||3|||356
sqrt|||2|||1251|||5|||356
sumQ|||5|||1266|||3|||356
v|||9|||1366|||5|||356
h|||13|||1372|||5|||356
xi|||8|||1466|||3|||356
data_col_ptr|||15|||1533|||1|||356
fractal|||1|||1555|||2|||356
yMin|||4|||1571|||4|||356
xMin|||4|||1572|||4|||356
bit7|||4|||1599|||4|||356
w_col_start|||5|||1641|||1|||356
w_col_end|||5|||1642|||1|||356
h_col_start|||5|||1643|||1|||356
h_col_end|||5|||1644|||1|||356
bt|||5|||1656|||5|||356
boxes_for_nms|||10|||1677|||1|||356
anchorW|||12|||1727|||3|||356

A|||1|||136|||9|||358
A|||2|||137|||27|||358
A|||5|||157|||27|||358
A|||6|||159|||11|||358
A|||7|||251|||7|||358
A|||11|||491|||6|||358
pixelNum|||7|||690|||5|||359
pixelNum|||12|||693|||5|||359
priorNum|||5|||1228|||7|||359
devideNum|||12|||1232|||10|||359
priorNum|||10|||1234|||9|||359
val1|||1|||160|||11|||360
x1|||1|||869|||10|||360
tc|||5|||963|||13|||360
vec1|||1|||1382|||10|||360
tc|||11|||1432|||13|||360
vec1|||8|||1440|||10|||360
if|||1|||1|||1|||361
(|||3|||2|||1|||361
tid|||4|||7|||1|||361
(|||7|||12|||1|||361
i|||6|||17|||1|||361
(|||10|||18|||1|||361
(|||13|||22|||1|||361
i|||14|||28|||1|||361
arr|||3|||30|||1|||361
unsigned|||1|||33|||1|||361
return|||4|||36|||1|||361
tid|||11|||50|||1|||361
return|||7|||52|||1|||361
mat|||3|||70|||1|||361
index|||9|||100|||1|||361
a|||12|||103|||1|||361
canData|||4|||121|||0|||361
buf|||3|||130|||1|||361
val|||12|||183|||1|||361
unsigned|||5|||186|||1|||361
m|||7|||234|||1|||361
unsigned|||9|||240|||1|||361
unsigned|||10|||241|||1|||361
tx|||5|||259|||1|||361
unsigned|||12|||271|||1|||361
prA|||6|||275|||0|||361
row|||15|||303|||1|||361
sum|||3|||321|||1|||361
sum|||5|||325|||1|||361
++|||6|||326|||1|||361
tempval|||5|||408|||0|||361
temp|||4|||415|||1|||361
temp|||5|||417|||1|||361
means|||5|||430|||1|||361
labelList|||3|||457|||0|||361
diff|||7|||488|||1|||361
dstData|||5|||508|||0|||361
temp|||11|||518|||1|||361
long|||6|||562|||1|||361
devMat|||6|||582|||0|||361
devMat|||8|||583|||0|||361
col|||11|||616|||1|||361
snrValue|||3|||626|||0|||361
edad|||13|||656|||0|||361
sum|||14|||666|||1|||361
r|||8|||678|||1|||361
::|||5|||685|||1|||361
Pvalue|||9|||801|||0|||361
pg|||5|||845|||1|||361
Isg|||4|||846|||0|||361
offset|||11|||854|||1|||361
grayImage|||4|||856|||0|||361
x1|||4|||876|||0|||361
f|||6|||891|||1|||361
binary|||3|||900|||1|||361
cell|||13|||920|||1|||361
dcopy|||7|||961|||0|||361
pb|||7|||966|||1|||361
dcopy|||12|||969|||0|||361
maximum|||11|||978|||1|||361
maximum|||15|||982|||1|||361
batch|||4|||993|||1|||361
d|||9|||1037|||1|||361
ib|||3|||1057|||1|||361
wfp|||3|||1058|||0|||361
scale|||13|||1061|||1|||361
dst|||12|||1105|||1|||361
grayimg|||4|||1118|||0|||361
newvalue|||8|||1158|||0|||361
by|||3|||1169|||1|||361
e|||7|||1198|||1|||361
real|||5|||1240|||1|||361
distMat|||4|||1313|||0|||361
norm1|||9|||1345|||0|||361
norm1|||10|||1347|||0|||361
count|||14|||1576|||1|||361
--|||3|||1583|||1|||361
xp|||6|||1607|||1|||361
yp|||6|||1608|||1|||361
dx|||9|||1715|||1|||361
dw|||13|||1717|||1|||361
dh|||7|||1718|||1|||361
dw|||15|||1720|||1|||361
dh|||9|||1723|||1|||361
x|||2|||1|||14|||362
x|||8|||6|||14|||362
x|||14|||10|||14|||362
)|||11|||19|||13|||362
int|||15|||26|||11|||362
threadIdx|||13|||40|||14|||362
float|||7|||44|||12|||362
b|||1|||62|||14|||362
r|||1|||72|||10|||362
n|||8|||126|||12|||362
y|||15|||146|||13|||362
C|||1|||156|||14|||362
const|||8|||160|||13|||362
/|||8|||171|||13|||362
0|||13|||182|||17|||362
INCX|||7|||194|||12|||362
reduction|||1|||212|||13|||362
even_inc|||1|||257|||9|||362
OFFX|||1|||266|||12|||362
unsigned|||11|||270|||12|||362
0.85|||2|||274|||13|||362
Tau|||10|||283|||14|||362
outArray|||1|||305|||10|||362
prob|||3|||338|||17|||362
char|||2|||355|||10|||362
&&|||6|||424|||15|||362
sxbeg|||1|||458|||9|||362
sxbeg|||3|||461|||14|||362
IND|||5|||520|||15|||362
char|||7|||525|||9|||362
long|||5|||561|||10|||362
>>|||2|||577|||11|||362
memWidth|||7|||582|||11|||362
3.14159265359|||2|||588|||9|||362
/=|||7|||595|||15|||362
col|||13|||619|||17|||362
input_str_cuda|||1|||637|||10|||362
sin|||4|||661|||17|||362
r|||11|||682|||15|||362
std|||1|||683|||13|||362
>>|||3|||696|||16|||362
maxhd|||6|||699|||14|||362
s|||4|||754|||17|||362
LW|||1|||821|||14|||362
z|||13|||832|||14|||362
colorImage|||1|||848|||12|||362
grayValue|||3|||853|||16|||362
image|||1|||857|||9|||362
x0|||8|||874|||15|||362
-4.|||3|||876|||13|||362
right|||4|||922|||15|||362
dev_b|||5|||933|||11|||362
array_size|||7|||954|||11|||362
w|||1|||1012|||8|||362
filterR|||9|||1040|||13|||362
batch|||7|||1059|||13|||362
4|||9|||1127|||13|||362
group_offset|||6|||1193|||13|||362
norm_val|||7|||1210|||15|||362
minh|||1|||1314|||11|||362
norm|||11|||1357|||15|||362
norm|||12|||1358|||15|||362
v|||1|||1359|||10|||362
beta1_tpower|||4|||1367|||11|||362
in_index|||11|||1412|||13|||362
minh|||6|||1475|||11|||362
bit3|||4|||1599|||12|||362
q_points|||1|||1602|||13|||362
coeff_h_col|||7|||1651|||9|||362
preCy|||8|||1730|||15|||362
preCx|||9|||1731|||15|||362
preCy|||9|||1732|||15|||362
flags|||1|||212|||6|||363
dia|||6|||650|||7|||363
<=|||12|||1035|||8|||363
totalPixels|||14|||1302|||6|||363
gid|||13|||239|||47|||364
ALPHA|||8|||291|||48|||364
width|||3|||452|||50|||364
abs|||1|||484|||51|||364
stride|||5|||551|||50|||364
Col|||8|||797|||48|||364
z|||10|||829|||47|||364
cell|||12|||917|||50|||364
colsB|||2|||1043|||41|||364
wfp|||2|||1053|||49|||364
bands|||2|||1205|||49|||364
data_i|||1|||1298|||47|||364
coeff_w_col|||6|||1649|||28|||364
tmp|||1|||126|||16|||365
tmp|||2|||127|||28|||365
tmp|||6|||1298|||118|||365
tmp|||7|||1298|||125|||365
tmp|||9|||1298|||143|||365
tmp|||10|||1302|||18|||365
tmp|||11|||1302|||73|||365
tmp|||12|||1302|||80|||365
tmp|||13|||1302|||85|||365
tmp|||14|||1302|||98|||365
old_arr|||1|||5|||6|||366
x|||7|||6|||10|||366
*|||5|||7|||10|||366
arrayCount|||1|||9|||9|||366
x|||13|||10|||10|||366
*|||8|||11|||10|||366
<|||5|||16|||11|||366
float|||4|||19|||8|||366
blockDim|||11|||40|||10|||366
float|||6|||44|||8|||366
arrayB|||3|||47|||10|||366
y|||7|||79|||10|||366
y|||9|||83|||10|||366
j|||8|||93|||12|||366
a|||7|||94|||6|||366
a|||10|||98|||9|||366
dim|||7|||111|||6|||366
canData|||1|||115|||6|||366
gid|||8|||125|||12|||366
:|||3|||184|||12|||366
dev_gradient|||3|||224|||8|||366
unsigned|||8|||239|||11|||366
d_in|||8|||243|||8|||366
g_data|||1|||257|||6|||366
id|||9|||274|||10|||366
Tau|||6|||282|||10|||366
++|||4|||323|||12|||366
inner_reps|||3|||331|||10|||366
input|||9|||335|||6|||366
rand|||3|||338|||12|||366
x_average|||4|||380|||6|||366
alpha|||11|||388|||11|||366
f_in|||1|||401|||6|||366
means|||4|||429|||11|||366
alphas|||4|||438|||10|||366
mx|||1|||439|||6|||366
score_factors|||4|||482|||10|||366
:|||10|||490|||12|||366
pcountinner|||8|||568|||10|||366
dec_index|||8|||576|||5|||366
long|||9|||590|||7|||366
++|||13|||617|||12|||366
++|||15|||633|||12|||366
key|||3|||642|||10|||366
keyChar|||4|||644|||5|||366
pupacion|||4|||652|||8|||366
meanImage|||3|||690|||10|||366
0.0|||9|||694|||9|||366
Pvalue|||10|||802|||9|||366
size_block|||6|||818|||10|||366
NI|||3|||825|||11|||366
z|||12|||832|||10|||366
nnz|||8|||842|||8|||366
gp|||3|||843|||12|||366
offset|||12|||855|||8|||366
dt|||4|||876|||10|||366
meshStride|||8|||884|||9|||366
iN|||14|||885|||10|||366
right_columns|||5|||916|||8|||366
result|||15|||917|||10|||366
shared_dimensions|||7|||922|||10|||366
col_b|||5|||929|||8|||366
NI|||7|||939|||11|||366
UN|||4|||941|||10|||366
mask_size|||5|||950|||10|||366
dcopy|||2|||959|||8|||366
d|||6|||1036|||10|||366
idx_x|||7|||1039|||9|||366
Ad|||1|||1042|||6|||366
tIndx|||6|||1048|||9|||366
tIndx|||9|||1051|||9|||366
ns|||10|||1058|||9|||366
spatial|||12|||1069|||12|||366
depth|||6|||1078|||12|||366
depth|||9|||1090|||12|||366
src|||9|||1101|||5|||366
4|||11|||1128|||8|||366
median|||4|||1158|||10|||366
image_size|||11|||1213|||6|||366
xi|||1|||1236|||6|||366
outPixelOffset|||8|||1303|||7|||366
f1|||8|||1341|||10|||366
f1|||11|||1354|||10|||366
v_hat|||6|||1369|||8|||366
depth|||14|||1391|||12|||366
occNo|||6|||1430|||9|||366
boxes|||6|||1504|||10|||366
width_col|||15|||1534|||4|||366
inputScore|||7|||1544|||10|||366
Q|||6|||1602|||10|||366
gpu_img_in_y|||8|||1661|||6|||366
gpu_img_in_y|||9|||1662|||6|||366
conv_length|||2|||86|||33|||367
myId|||4|||186|||32|||367
voxelCount|||2|||213|||34|||367
k|||2|||232|||34|||367
gid|||11|||239|||34|||367
d_in_a|||2|||246|||30|||367
even_inc|||2|||258|||32|||367
diff|||1|||484|||34|||367
char|||5|||515|||33|||367
perimeterRes|||5|||588|||26|||367
indices|||1|||707|||22|||367
indices|||5|||734|||22|||367
col_b|||1|||924|||23|||367
pb|||6|||964|||33|||367
ns|||6|||1053|||33|||367
pValue|||7|||1178|||31|||367
data|||14|||1307|||33|||367
Delta|||1|||1556|||36|||367
alpha|||13|||500|||79|||368
clamp_min|||3|||763|||79|||368
f|||4|||890|||95|||368
shared_dimensions|||3|||913|||84|||368
array_size|||3|||944|||74|||368
bIndx|||3|||1043|||76|||368
ptr_stc_1|||3|||1098|||64|||368
group_offset|||2|||1184|||90|||368
filter|||10|||1262|||84|||368
sample|||3|||1315|||86|||368
0.587|||1|||1415|||66|||368
q_i|||11|||1466|||70|||368
sample|||8|||1476|||86|||368
labels|||3|||1504|||88|||368
ksize|||3|||1512|||69|||368
totalScoreNum|||4|||1536|||86|||368
sample|||13|||1689|||86|||368
filtSig|||2|||1298|||133|||369
filtSig|||4|||1307|||60|||369
minc|||2|||1315|||61|||369
minc|||7|||1476|||61|||369
minc|||12|||1689|||61|||369
INCX|||8|||195|||43|||370
k|||4|||232|||45|||370
/|||14|||239|||43|||370
row|||3|||252|||44|||370
id|||5|||271|||40|||370
row|||13|||301|||43|||370
else|||3|||340|||43|||370
-=|||6|||360|||47|||370
temp|||2|||412|||45|||370
/=|||3|||432|||47|||370
nx|||4|||492|||44|||370
height|||5|||515|||44|||370
pn|||2|||562|||42|||370
height|||13|||727|||44|||370
n_out|||1|||742|||25|||370
ind_out|||3|||743|||36|||370
d_P|||3|||797|||42|||370
RES|||2|||822|||46|||370
colorImage|||7|||853|||40|||370
points|||4|||907|||48|||370
RES|||15|||936|||46|||370
batch|||2|||990|||41|||370
colsA|||5|||1050|||36|||370
d_indptr|||9|||1104|||30|||370
beta|||1|||1134|||31|||370
eachElement|||1|||1135|||39|||370
s|||15|||1223|||42|||370
featureSize|||9|||1234|||37|||370
elem|||7|||1302|||36|||370
minw|||3|||1315|||43|||370
norm1|||8|||1341|||43|||370
d_temp|||7|||1363|||41|||370
psi|||7|||1427|||40|||370
q_q|||1|||1455|||38|||370
minw|||8|||1476|||43|||370
xMid|||1|||1556|||42|||370
w_col|||12|||1649|||26|||370
gpu_img_in_y|||6|||1660|||30|||370
minw|||13|||1689|||43|||370
numBlock|||5|||287|||4|||371
}|||5|||10|||33|||372
}|||6|||10|||34|||372
}|||8|||16|||29|||372
}|||10|||20|||33|||372
Col|||2|||793|||40|||373
Col|||4|||793|||93|||373
Col|||14|||1167|||111|||373
Col|||15|||1167|||130|||373
m_hat|||5|||1367|||1|||374
v_hat|||5|||1368|||1|||374
xMid|||3|||1562|||2|||374
yMid|||3|||1563|||2|||374
bit5|||3|||1596|||2|||374
dstData|||1|||499|||10|||375
srcData|||5|||504|||20|||375
srcData|||9|||507|||13|||375
row|||2|||252|||33|||376
row|||12|||301|||33|||376
++|||7|||328|||34|||376
|||||13|||950|||31|||376
filterR|||7|||1036|||32|||376
Nd|||3|||1176|||34|||376
real|||6|||1244|||37|||376
W_grid|||2|||1371|||34|||376
0.714|||3|||1662|||22|||376
dev_c|||4|||924|||14|||377
currentFrame|||3|||1152|||87|||378
currentFrame|||4|||1152|||101|||378
currentFrame|||5|||1155|||7|||378
currentFrame|||6|||1155|||65|||378
currentFrame|||7|||1155|||79|||378
Tau|||4|||278|||45|||379
d_out|||15|||340|||45|||379
++|||12|||613|||48|||379
maxvd|||13|||702|||46|||379
Pvalue|||1|||793|||47|||379
meshStride|||7|||882|||45|||379
right|||3|||917|||48|||379
f|||14|||1279|||49|||379
q|||12|||1379|||54|||379
val|||7|||179|||44|||380
X|||14|||291|||41|||380
++|||10|||412|||42|||380
data_size|||2|||500|||36|||380
data_size|||8|||541|||36|||380
cos|||6|||661|||47|||380
0.0|||13|||751|||42|||380
IJ|||13|||825|||42|||380
array_size|||5|||950|||35|||380
height_M|||1|||1166|||32|||380
d|||14|||1237|||43|||380
si|||8|||1466|||36|||380
xp|||8|||1613|||43|||380
xp|||12|||1623|||43|||380
gpu_img_in_v|||1|||1654|||20|||380
add|||8|||1688|||36|||380
+=|||2|||3|||7|||381
+=|||11|||71|||8|||381
2|||4|||352|||5|||381
dia|||8|||651|||6|||381
totalPixels|||7|||723|||7|||381
spatial|||10|||1068|||8|||381
spatial|||11|||1069|||8|||381
dim|||15|||1107|||4|||381
data_i|||11|||1310|||6|||381
>|||12|||484|||63|||382
*=|||13|||551|||61|||382
sum|||12|||663|||62|||382
totalPixels|||2|||716|||59|||382
ind_out|||4|||743|||44|||382
s|||6|||754|||66|||382
grayValue|||1|||849|||61|||382
pos|||8|||870|||61|||382
col_a|||2|||925|||56|||382
batchOutJump|||1|||990|||53|||382
bIndy|||10|||1051|||50|||382
ptr_stc_1|||2|||1098|||42|||382
max_coordinate|||3|||1127|||54|||382
beta|||3|||1139|||47|||382
INFINITY|||1|||1184|||62|||382
image_c|||2|||1205|||57|||382
priorNum|||3|||1223|||59|||382
delta|||9|||1352|||62|||382
gpu_img_out_u|||1|||1414|||30|||382
7|||1|||1455|||54|||382
h_index|||2|||1512|||51|||382
pint|||2|||591|||68|||383
p|||12|||601|||64|||383
out|||14|||903|||73|||383
l|||10|||905|||75|||383
MASK_RADIUS|||2|||944|||59|||383
neighbor|||12|||1005|||69|||383
d_indices|||2|||1098|||51|||383
height_M|||2|||1167|||66|||383
pValue|||6|||1176|||65|||383
gpu_img_out_v|||1|||1414|||35|||383
firstIndexToGrab|||5|||1587|||89|||384
firstIndexToGrab|||6|||1587|||106|||384
firstIndexToGrab|||7|||1587|||123|||384
firstIndexToGrab|||8|||1587|||140|||384
firstIndexToGrab|||9|||1587|||157|||384
anchorCy|||1|||1704|||126|||385
preCy|||1|||1704|||251|||385
preCy|||2|||1704|||307|||385
preCy|||3|||1704|||349|||385
preCy|||4|||1710|||211|||385
anchorCy|||4|||1710|||217|||385
preCy|||5|||1710|||267|||385
preCy|||6|||1710|||309|||385
gridDim|||11|||199|||43|||386
numBlock|||4|||285|||44|||386
input|||6|||316|||48|||386
vec|||2|||360|||48|||386
vec|||6|||368|||48|||386
else|||6|||390|||44|||386
&&|||9|||446|||45|||386
else|||10|||472|||46|||386
error|||2|||484|||46|||386
FFT|||2|||510|||41|||386
corrValidCount|||2|||622|||45|||386
|||||5|||628|||43|||386
maxhd|||3|||696|||46|||386
z|||9|||829|||43|||386
ny|||8|||870|||45|||386
#pragma|||1|||1141|||33|||386
height_blk|||2|||1167|||43|||386
1.0e-16|||2|||1210|||34|||386
elem|||15|||1307|||41|||386
<=|||15|||1329|||43|||386
out_w|||1|||1397|||40|||386
pad|||9|||1633|||46|||386

totalScoreNum|||11|||1545|||13|||388
totalScoreNum|||12|||1546|||13|||388
__shared__|||2|||960|||1|||389
minh|||5|||1321|||2|||389
out_h|||3|||1403|||1|||389
in_h|||3|||1409|||1|||389
__shared__|||4|||1428|||1|||389
minh|||10|||1482|||2|||389
xp|||9|||1617|||3|||389
xp|||13|||1627|||3|||389
minh|||15|||1695|||2|||389
canData|||2|||116|||36|||390
srcData|||3|||500|||69|||390
srcData|||4|||500|||74|||390
srcData|||15|||541|||69|||390
locData|||2|||1704|||150|||390
locData|||3|||1704|||166|||390
locData|||7|||1710|||126|||390
locData|||8|||1710|||144|||390
min|||4|||1603|||161|||391
min|||5|||1603|||164|||391
min|||6|||1603|||266|||391
min|||7|||1603|||269|||391
min|||10|||1613|||79|||391
min|||15|||1623|||79|||391
sum|||7|||411|||10|||392
sum|||13|||663|||92|||392
w_col_end|||1|||1633|||94|||393
h_col_end|||1|||1633|||129|||393
h_col_end|||2|||1633|||200|||393
w_col_end|||2|||1633|||215|||393
h_col_end|||4|||1636|||167|||393
w_col_end|||4|||1636|||182|||393
ALPHA|||2|||78|||39|||394
ALPHA|||5|||82|||39|||394
+=|||15|||116|||40|||394
scalar|||2|||167|||39|||394
:|||1|||179|||43|||394
:|||4|||213|||41|||394
g_data|||3|||258|||37|||394
un_idx|||2|||295|||29|||394
++|||1|||316|||43|||394
1024|||1|||383|||40|||394
count|||6|||440|||45|||394
pred|||2|||484|||41|||394
width|||7|||515|||40|||394
2|||14|||580|||34|||394
z|||8|||829|||39|||394
mask|||4|||952|||34|||394
tIndx|||8|||1050|||33|||394
z|||15|||1074|||39|||394
groups|||3|||1184|||41|||394
s|||14|||1223|||38|||394
totalPixels|||10|||1298|||39|||394
elem|||6|||1302|||32|||394
add|||2|||1314|||36|||394
beta1_tpower|||1|||1359|||31|||394
w|||14|||1371|||40|||394
W|||3|||1379|||46|||394
gpu_img_in_b|||1|||1414|||20|||394
gpu_img_out_y|||3|||1419|||22|||394
add|||5|||1475|||36|||394
*|||10|||15|||12|||395
,|||7|||19|||10|||395
,|||11|||32|||10|||395
+|||11|||33|||12|||395
+|||14|||41|||12|||395
b|||3|||65|||10|||395
a|||4|||90|||10|||395
X|||9|||197|||13|||395
gid|||9|||239|||13|||395
OFFY|||3|||269|||12|||395
pow|||5|||293|||13|||395
dims|||4|||315|||10|||395
++|||3|||322|||14|||395
++|||8|||331|||12|||395
0.5|||3|||358|||11|||395
mat|||5|||359|||6|||395
mat|||9|||367|||6|||395
++|||11|||416|||12|||395
==|||12|||426|||12|||395
pred|||1|||483|||9|||395
?|||13|||507|||12|||395
stride|||12|||556|||13|||395
curr_decision|||6|||578|||8|||395
devMat|||7|||582|||9|||395
0.0|||7|||692|||11|||395
indptr|||5|||711|||12|||395
indptr|||10|||738|||12|||395
column|||13|||833|||14|||395
column|||15|||835|||14|||395
RES|||14|||935|||10|||395
in|||1|||989|||11|||395
nt|||4|||1058|||11|||395
samplesLength|||3|||1270|||12|||395
q|||1|||1371|||14|||395
minw|||11|||1688|||8|||395
+=|||8|||41|||22|||396
c|||8|||95|||22|||396
c|||14|||133|||22|||396
lu|||2|||228|||22|||396
dims|||10|||471|||19|||396
*=|||12|||513|||18|||396
std|||2|||683|||18|||396
inv_sub_factor|||3|||746|||16|||396
clamp_max|||7|||768|||16|||396
my_pixel|||2|||858|||18|||396
bIndy|||6|||1048|||18|||396
bIndy|||9|||1051|||18|||396
filters|||8|||1278|||19|||396
gpu_img_in_y|||1|||1654|||10|||396
0x01|||9|||1591|||12|||397
0x01|||10|||1592|||12|||397
0x01|||11|||1593|||12|||397
0x01|||12|||1594|||12|||397
0x01|||13|||1595|||12|||397
0x01|||14|||1596|||12|||397
0x01|||15|||1597|||12|||397
blockIdx|||2|||1|||12|||398
.|||11|||7|||12|||398
int|||12|||19|||11|||398
threadIdx|||7|||20|||12|||398
threadIdx|||9|||27|||12|||398
threadIdx|||12|||34|||12|||398
arrayB|||1|||44|||10|||398
nrows|||3|||60|||13|||398
float|||11|||62|||12|||398
float|||13|||72|||8|||398
float|||15|||77|||10|||398
conv_length|||1|||85|||9|||398
value|||1|||94|||9|||398
rows|||1|||251|||11|||398
prB|||1|||270|||10|||398
B|||7|||491|||10|||398
out_image|||1|||514|||6|||398
in_image|||3|||520|||13|||398
B|||15|||780|||10|||398
points|||6|||911|||15|||398
!|||3|||952|||11|||398
pa|||5|||964|||13|||398
maximum|||13|||980|||15|||398
filter|||7|||1039|||12|||398
erff|||3|||1159|||7|||398
pValue|||9|||1182|||12|||398
q|||13|||1380|||15|||398
pa|||15|||1433|||13|||398
h_index|||4|||1515|||9|||398
h_in|||8|||1526|||7|||398
w_in|||10|||1530|||11|||398
preCx|||8|||1729|||13|||398
0.71|||1|||674|||79|||399
vector|||5|||716|||76|||399
pixels_per_image|||4|||858|||59|||399
l|||4|||903|||80|||399
l|||9|||905|||60|||399
batchOutJump|||2|||990|||66|||399
frontJump|||2|||990|||79|||399
summ|||1|||1152|||69|||399
Row|||14|||1167|||89|||399
learning_rate|||2|||1360|||135|||399
depth|||11|||1383|||91|||399
depth|||12|||1383|||115|||399
gpu_img_out_v|||2|||1415|||100|||399
0.418|||1|||1415|||114|||399
xi|||6|||1455|||85|||399
xMin|||2|||1556|||136|||399
--|||1|||1556|||195|||399
frame|||3|||1556|||219|||399
5|||1|||1587|||125|||399
5|||2|||1587|||131|||399
gt|||3|||1655|||130|||399
gt|||4|||1655|||137|||399
gpu_img_in_v|||5|||1660|||49|||399
x|||10|||7|||9|||400
i|||2|||16|||10|||400
*|||14|||26|||5|||400
blockIdx|||14|||33|||9|||400
blockDim|||13|||41|||9|||400
float|||10|||62|||8|||400
t_id|||7|||65|||7|||400
float|||12|||72|||4|||400
float|||14|||77|||7|||400
INCX|||3|||80|||10|||400
INCX|||6|||84|||10|||400
a|||9|||97|||11|||400
buf|||1|||126|||6|||400
m|||3|||130|||11|||400
val|||14|||184|||11|||400
inputleft|||1|||189|||6|||400
INCY|||3|||197|||10|||400
d_in_a|||4|||250|||5|||400
INCY|||6|||269|||10|||400
INCY|||9|||293|||10|||400
transposed|||3|||304|||10|||400
input|||5|||315|||7|||400
4|||2|||322|||11|||400
inner_reps|||4|||332|||9|||400
f_target|||4|||409|||5|||400
means|||1|||427|||6|||400
&&|||12|||450|||11|||400
score|||4|||471|||7|||400
char|||4|||514|||4|||400
min|||2|||530|||9|||400
srcDiff|||1|||540|||6|||400
devMat|||1|||579|||6|||400
char|||8|||637|||8|||400
320|||2|||650|||9|||400
pupacion|||5|||653|||7|||400
meanImage|||4|||691|||9|||400
totalPixels|||1|||715|||6|||400
availablePixels|||3|||719|||10|||400
totalPixels|||6|||722|||10|||400
height|||14|||730|||11|||400
size_block|||5|||817|||9|||400
size_block|||8|||819|||9|||400
grayImage|||1|||848|||7|||400
weights|||6|||900|||11|||400
l|||7|||905|||10|||400
col_a|||6|||931|||9|||400
col_a|||7|||932|||7|||400
stepSize|||5|||963|||9|||400
in_index|||6|||1025|||7|||400
filter|||4|||1027|||7|||400
filterR|||6|||1035|||9|||400
idx_x|||8|||1040|||8|||400
bIndx|||7|||1050|||8|||400
spatial|||2|||1060|||9|||400
spatial|||14|||1070|||11|||400
d_indptr|||7|||1102|||3|||400
604|||3|||1117|||9|||400
pixel|||11|||1155|||9|||400
priorNum|||6|||1230|||10|||400
priorNum|||11|||1235|||8|||400
xq|||3|||1244|||10|||400
totalPixels|||9|||1297|||6|||400
availablePixels|||6|||1301|||10|||400
patchSize|||14|||1307|||10|||400
add_index|||4|||1327|||7|||400
acc|||10|||1381|||11|||400
size_t|||7|||1396|||4|||400
stepSize|||15|||1432|||9|||400
Lq|||11|||1467|||8|||400
bit5|||4|||1599|||8|||400
rt|||11|||1664|||10|||400
bt|||11|||1666|||10|||400
[|||4|||6|||17|||401
<|||3|||10|||19|||401
i|||4|||16|||21|||401
<|||7|||20|||19|||401
<|||9|||27|||19|||401
<|||11|||40|||19|||401
tasks|||3|||41|||19|||401
>=|||3|||49|||19|||401
offsets|||1|||57|||14|||401
<=|||1|||58|||19|||401
<|||13|||67|||19|||401
>=|||7|||86|||19|||401
for|||5|||116|||19|||401
b|||7|||122|||10|||401
>=|||9|||137|||19|||401
const|||9|||160|||17|||401
val|||11|||182|||22|||401
1|||7|||188|||19|||401
output|||4|||189|||14|||401
>=|||11|||190|||19|||401
>=|||13|||213|||19|||401
odd_inc|||1|||257|||12|||401
id|||2|||271|||19|||401
id|||10|||274|||17|||401
>=|||15|||285|||19|||401
input|||13|||338|||22|||401
length|||7|||339|||13|||401
size_x|||3|||379|||15|||401
jsx|||3|||461|||18|||401
output|||12|||471|||16|||401
delta|||1|||483|||17|||401
nx|||2|||491|||17|||401
srcData|||10|||507|||18|||401
in_image|||1|||514|||11|||401
255|||2|||520|||20|||401
a_in|||3|||712|||18|||401
c_in|||7|||739|||18|||401
nx|||7|||780|||17|||401
Col|||10|||801|||17|||401
r|||12|||811|||13|||401
sp|||1|||837|||14|||401
dt|||3|||874|||20|||401
right_columns|||10|||923|||18|||401
MASK_RADIUS|||1|||944|||17|||401
pb|||5|||964|||19|||401
outputlength|||1|||989|||17|||401
frontJump|||4|||999|||15|||401
cotans|||6|||1000|||18|||401
tIndx|||1|||1043|||16|||401
ns|||9|||1056|||18|||401
image_size|||1|||1204|||13|||401
image_c|||11|||1216|||14|||401
batch|||15|||1278|||16|||401
K|||12|||1379|||22|||401
gpu_img_in_g|||3|||1419|||10|||401
pb|||15|||1433|||19|||401
w_in|||8|||1526|||12|||401
h_in|||9|||1528|||19|||401
minc|||11|||1688|||14|||401
anchorW|||10|||1713|||18|||401
preW|||8|||1729|||17|||401
c2|||3|||804|||80|||402
i2|||1|||838|||17|||402
i2|||3|||838|||52|||402
i2|||11|||1329|||154|||402
f2|||6|||1333|||2|||402
beta2|||2|||1360|||77|||402
y2|||4|||1556|||210|||402
x2|||7|||1578|||25|||402
x2|||9|||1582|||2|||402
bit2|||3|||1593|||2|||402
bt2|||4|||1655|||179|||402
gt2|||3|||1655|||187|||402
u_d|||3|||230|||20|||403
Bd|||3|||1050|||41|||403
Bd|||4|||1051|||40|||403
size2d|||4|||1079|||2|||403
size2d|||11|||1091|||2|||403
Md|||3|||1176|||19|||403
Md|||5|||1179|||3|||403
size3d|||3|||1390|||2|||403
size3d|||7|||1448|||2|||403
s|||3|||751|||89|||404
LPR|||2|||822|||82|||404
left|||2|||913|||80|||404
maximum|||10|||977|||92|||404
batch_offset|||2|||1184|||86|||404
v|||7|||1363|||70|||404
firstIndexToGrab|||4|||1587|||72|||404
data_im|||1|||1511|||11|||405
data_im|||2|||1512|||114|||405
data_im|||3|||1515|||81|||405
data_im|||4|||1525|||5|||405
data_im|||5|||1632|||43|||405
data_im|||6|||1633|||238|||405
data_im|||7|||1636|||205|||405
srcData|||2|||500|||62|||406
height|||9|||526|||69|||406
srcDiff|||2|||541|||62|||406
maxvd|||3|||696|||72|||406
totalPixels|||3|||716|||71|||406
idy|||13|||804|||69|||406
npml|||10|||838|||60|||406
10|||8|||1113|||79|||406
data|||12|||1302|||61|||406
gpu_img_out_y|||2|||1415|||52|||406
imagPart|||12|||1466|||59|||406
h_index|||3|||1512|||58|||406
data_i|||2|||1298|||69|||407
q_i|||1|||1455|||36|||407
r_i|||2|||1455|||83|||407
q_i|||2|||1455|||109|||407
r_i|||3|||1455|||130|||407
q_i|||3|||1455|||132|||407
r_i|||4|||1455|||144|||407
q_i|||4|||1455|||152|||407
r_i|||7|||1462|||71|||407
r_i|||8|||1462|||85|||407
r_i|||11|||1466|||62|||407
element_c|||4|||1138|||1|||408
normM_c|||4|||1220|||0|||408
minc|||5|||1323|||2|||408
out_c|||3|||1405|||1|||408
in_c|||3|||1410|||1|||408
minc|||10|||1484|||2|||408
minc|||15|||1697|||2|||408
if|||5|||16|||8|||409
3000|||2|||322|||9|||409
pb|||10|||969|||7|||409
__fsqrt_rn|||3|||1368|||3|||409
tc|||4|||963|||3|||410
idx_x|||4|||1029|||1|||410
tc|||10|||1432|||3|||410
1|||4|||137|||39|||411
0|||12|||179|||39|||411
dev_gradient|||2|||220|||35|||411
pow|||1|||239|||37|||411
&&|||1|||252|||36|||411
d_acts|||2|||295|||27|||411
&&|||3|||301|||36|||411
&&|||5|||421|||37|||411
output|||13|||472|||38|||411
nx|||3|||492|||36|||411
maxval|||3|||622|||38|||411
80|||1|||646|||35|||411
columns|||2|||849|||36|||411
__restrict__|||3|||902|||30|||411
l|||14|||907|||40|||411
ELEMENT_INDEX|||9|||950|||32|||411
dst|||9|||1104|||25|||411
Melement|||6|||1178|||33|||411
convLength|||1|||1261|||31|||411
r_q|||1|||1455|||34|||411
P|||3|||1603|||39|||411
boxes_before_nms|||12|||1676|||28|||411
col|||5|||254|||6|||412
col|||7|||256|||6|||412
N_mobil|||3|||279|||3|||412
idy|||7|||536|||5|||412
col|||14|||620|||6|||412
N_mobil|||6|||647|||3|||412
idx_y|||6|||1036|||4|||412
filters|||6|||1069|||6|||412
grad_y|||1|||1073|||2|||412
filters|||14|||1287|||6|||412
gpu_img_out_y|||4|||1423|||0|||412
}|||3|||3|||10|||413
}|||7|||13|||11|||413
pg|||2|||838|||86|||414
pg|||4|||843|||24|||414
,|||2|||5|||7|||415
)|||5|||9|||10|||415
float|||2|||15|||11|||415
n|||2|||16|||12|||415
i|||9|||18|||13|||415
,|||8|||26|||7|||415
mat|||1|||66|||6|||415
L|||1|||72|||6|||415
double|||13|||142|||8|||415
B|||4|||156|||10|||415
m|||8|||235|||13|||415
k|||12|||236|||13|||415
N_mobil|||1|||277|||6|||415
++|||9|||332|||11|||415
vecY|||1|||382|||6|||415
means|||2|||428|||12|||415
mat|||13|||431|||6|||415
score_factors|||3|||481|||11|||415
filter|||1|||509|||10|||415
pcountinner|||7|||567|||11|||415
curr_decision|||5|||577|||7|||415
pint|||3|||595|||11|||415
^|||2|||644|||6|||415
vector|||7|||723|||12|||415
d_label|||4|||749|||5|||415
LS|||1|||821|||10|||415
LS|||4|||827|||11|||415
ret|||9|||934|||9|||415
idx_x|||5|||1032|||7|||415
src|||10|||1102|||5|||415
coef|||6|||1107|||9|||415
coef|||12|||1150|||9|||415
width_N|||9|||1180|||10|||415
g|||15|||1193|||11|||415
q|||7|||1372|||13|||415
vec1|||5|||1393|||10|||415
vec1|||15|||1451|||10|||415
imagPart|||14|||1473|||9|||415
5|||3|||1596|||9|||415
6|||3|||1597|||9|||415
7|||5|||1598|||9|||415
dw|||1|||1556|||102|||416
dw|||2|||1556|||130|||416
dw|||3|||1556|||140|||416
dw|||7|||1704|||182|||416
dw|||8|||1704|||219|||416
dw|||10|||1710|||142|||416
dw|||11|||1710|||179|||416
dw|||12|||1710|||184|||416
;|||9|||10|||32|||417
input|||2|||49|||33|||417
return|||9|||58|||31|||417
%|||1|||86|||32|||417
m|||2|||127|||33|||417
devSteer|||2|||199|||30|||417
for|||9|||306|||27|||417
>|||7|||340|||31|||417
j|||13|||360|||33|||417
device_output|||5|||424|||28|||417
my|||2|||440|||35|||417
npml|||1|||458|||24|||417
sxbeg|||2|||459|||30|||417
:|||9|||487|||36|||417
4.0|||1|||585|||29|||417
input|||15|||674|||33|||417
std|||4|||684|||30|||417
depth|||1|||828|||22|||417
x0|||10|||874|||30|||417
meshStride|||1|||877|||25|||417
weight|||6|||885|||30|||417
ELEMENT_INDEX|||8|||950|||28|||417
weight|||14|||1008|||30|||417
filter|||6|||1036|||30|||417
by|||2|||1167|||32|||417
imag|||1|||1237|||32|||417
elem|||14|||1307|||30|||417
gpu_img_in_u|||1|||1654|||15|||417
)|||2|||1|||8|||418
)|||4|||5|||11|||418
)|||8|||15|||14|||418
)|||10|||18|||5|||418
)|||12|||20|||21|||418
)|||13|||22|||5|||418
)|||14|||26|||13|||418
)|||15|||27|||21|||418
f3|||1|||39|||9|||419
bit3|||2|||1587|||179|||419
]|||9|||10|||31|||420
anchorH|||5|||1710|||33|||420
lid|||1|||239|||4|||421
x_outer_prod|||4|||381|||0|||421
max|||2|||442|||4|||421
devMatX|||1|||580|||2|||421
Xsize|||7|||592|||3|||421
d_ch_flag|||5|||611|||0|||421
ind_out|||6|||744|||2|||421
ind_out|||7|||745|||2|||421
r|||14|||815|||4|||421
my_pixel|||1|||858|||2|||421
my_pixel|||11|||860|||2|||421
image_c|||12|||1217|||2|||421
normM1_c|||4|||1221|||0|||421
sampleIndex|||12|||1270|||3|||421
w_out|||4|||1515|||2|||421
rt|||10|||1664|||3|||421
vec_out|||10|||110|||10|||422
d_out|||1|||166|||10|||422
g_out|||3|||331|||16|||422
mat_out|||1|||531|||10|||422
out|||4|||725|||0|||422
n_out|||3|||745|||4|||422
ind_out|||9|||746|||21|||422
ind_out|||12|||748|||2|||422
ind_out|||13|||749|||2|||422
out|||10|||883|||0|||422
out|||12|||888|||0|||422
boxes_out|||1|||1489|||26|||422
boxes_out|||8|||1490|||133|||422
channel_out|||1|||1512|||63|||422
channel_out|||2|||1512|||98|||422
channel_out|||3|||1515|||30|||422
out_image|||3|||520|||22|||423
gp|||1|||837|||18|||423
pixels_per_image|||7|||861|||18|||423
max_coordinate|||5|||1133|||19|||423
sumI|||3|||1262|||82|||424
filtered_I|||2|||1262|||108|||424
sumI|||4|||1262|||113|||424
sumI|||7|||1270|||22|||424
tact|||2|||295|||43|||425
f_target|||2|||402|||44|||425
temp|||3|||412|||62|||425
diff|||3|||484|||62|||425
B|||8|||492|||61|||425
in_image|||2|||515|||59|||425
trans_pos|||1|||532|||56|||425
stride|||7|||551|||60|||425
bit_index|||2|||572|||43|||425
edad|||3|||646|||54|||425
maxvd|||9|||699|||57|||425
size_block|||2|||812|||59|||425
weights|||2|||890|||62|||425
ns|||7|||1053|||58|||425
307|||2|||1113|||66|||425
4|||6|||1120|||58|||425
q_i|||10|||1466|||50|||425
-=|||12|||1001|||106|||426
d|||4|||1028|||96|||426
604|||1|||1109|||113|||426
w|||15|||1371|||111|||426
0.714|||1|||1655|||82|||426
height_col|||6|||1515|||20|||427
data_col|||8|||1649|||18|||427
vec|||10|||1383|||131|||428
vec|||11|||1383|||164|||428
vec|||15|||1441|||131|||428
rt|||4|||1655|||125|||428
gpu_img_out_g|||2|||1655|||181|||428
0|||2|||42|||6|||429
long|||1|||105|||4|||429
>|||3|||184|||7|||429
==|||4|||260|||7|||429
>|||6|||283|||6|||429
heapPtr|||3|||288|||6|||429
==|||8|||323|||7|||429
width|||5|||456|||7|||429
>|||14|||490|||7|||429
stride|||11|||556|||7|||429
&|||9|||730|||7|||429
ps|||12|||847|||7|||429
uidx|||5|||1084|||6|||429
uidx|||10|||1096|||6|||429
&|||11|||1256|||7|||429
scores|||4|||1509|||5|||429
data_im_ptr|||3|||1512|||195|||430
zq|||6|||1603|||253|||430
w_col_start|||2|||1633|||211|||430
w_col|||8|||1636|||198|||430
anchorCy|||2|||1704|||257|||430
%|||3|||258|||20|||431
m|||10|||360|||20|||431
%|||5|||360|||36|||431
m|||13|||368|||20|||431
%|||8|||368|||36|||431
m|||15|||431|||14|||431
%|||11|||432|||36|||431
C|||2|||157|||22|||432
C|||4|||491|||14|||432
C|||5|||492|||51|||432
C|||6|||497|||1|||432
C|||9|||628|||86|||432
C|||11|||780|||14|||432
C|||15|||803|||16|||432
column|||4|||301|||52|||433
right_columns|||3|||913|||47|||433
dpsi|||2|||1427|||47|||433
boxes_for_nms|||13|||1677|||40|||433
pint|||4|||597|||1|||434
images|||9|||692|||2|||434
d_P|||4|||802|||0|||434
rho|||3|||971|||2|||434
d_acts|||5|||299|||0|||435
outArray|||4|||313|||1|||435
valid_mask|||5|||397|||0|||435
valid_mask|||7|||400|||0|||435
f_in|||5|||409|||0|||435
dstDiff|||4|||548|||1|||435
c_in|||4|||714|||0|||435
b_in|||8|||741|||0|||435
ELEMENT_INDEX|||15|||953|||0|||435
si|||4|||1248|||2|||435
sumI|||5|||1266|||1|||435
sumI|||8|||1273|||1|||435
filtered_I|||3|||1276|||0|||435
exp|||4|||1312|||2|||435
atomicAdd|||2|||1413|||1|||435
mult|||3|||1701|||2|||435
anchorW|||9|||1711|||1|||435
anchorCy|||5|||1714|||1|||435
preCy|||7|||1726|||1|||435
preW|||7|||1727|||1|||435
j|||5|||92|||1|||436
gid|||5|||124|||1|||436
devSpeed|||4|||203|||0|||436
j|||11|||233|||1|||436
Col|||5|||795|||1|||436
sumQ|||6|||1268|||0|||436
sumQ|||9|||1275|||0|||436
norm|||5|||1349|||1|||436
drho|||4|||1439|||0|||436
cy|||1|||1556|||124|||437
cy|||2|||1556|||150|||437
cy|||3|||1556|||184|||437
||||1|||1587|||172|||437
OFFX|||2|||267|||47|||438
vecX|||1|||382|||10|||438
vecX|||2|||383|||57|||438
devMatX|||3|||580|||37|||438
devMatX|||6|||581|||1|||438
devMatX|||8|||582|||19|||438
devMatX|||10|||583|||19|||438
a|||11|||99|||43|||439
myId|||5|||186|||40|||439
X|||11|||267|||41|||439
prB|||2|||271|||38|||439
transposed|||2|||301|||41|||439
j|||14|||360|||45|||439
<=|||8|||545|||40|||439
width_N|||6|||1176|||41|||439
sumQ|||2|||1262|||38|||439
xq|||7|||1462|||39|||439
labels_out|||1|||1489|||34|||439
data_im_ptr|||10|||1530|||36|||439
firstIndexToGrab|||2|||1587|||38|||439
gpu_img_in_v|||7|||1662|||25|||439
+=|||3|||4|||6|||440
x|||6|||6|||6|||440
*|||6|||9|||5|||440
x|||12|||10|||6|||440
idx|||10|||14|||7|||440
n|||1|||15|||5|||440
*|||13|||21|||6|||440
float|||5|||44|||4|||440
offsets|||3|||60|||6|||440
float|||9|||62|||4|||440
a|||3|||65|||5|||440
u|||8|||76|||7|||440
return|||14|||88|||6|||440
j|||7|||93|||7|||440
/|||5|||140|||7|||440
unsigned|||4|||185|||4|||440
bool|||1|||212|||4|||440
lr|||4|||225|||5|||440
k|||8|||235|||7|||440
k|||14|||237|||7|||440
col|||6|||255|||7|||440
N_mobil|||2|||278|||4|||440
kComputeActs|||1|||294|||2|||440
upsweep_scan|||1|||350|||2|||440
aRS|||3|||358|||6|||440
block_id|||4|||379|||5|||440
&&|||7|||426|||7|||440
kmeans_average|||1|||427|||2|||440
cluster|||10|||443|||7|||440
cluster|||12|||444|||7|||440
sxz|||3|||461|||6|||440
&&|||15|||467|||7|||440
AddMatrixOnGPU|||1|||491|||2|||440
<=|||6|||496|||7|||440
IND|||8|||522|||5|||440
idy|||6|||535|||6|||440
2|||8|||557|||7|||440
pcount|||8|||598|||5|||440
oddevenSort|||1|||600|||2|||440
N_mobil|||5|||646|||4|||440
totalPixels|||8|||724|||6|||440
MulMatrixOnGPU|||1|||780|||2|||440
0.07|||6|||855|||4|||440
x0|||14|||876|||5|||440
f|||8|||896|||7|||440
right_columns|||8|||918|||5|||440
End|||4|||939|||6|||440
h|||7|||1024|||5|||440
0.3|||3|||1160|||4|||440
real|||8|||1251|||7|||440
0.5|||8|||1395|||5|||440
out_h|||4|||1409|||3|||440
cudaBYUSimplified|||1|||1454|||2|||440
imagPart|||7|||1462|||5|||440
data_im_ptr|||7|||1525|||3|||440
pad|||13|||1638|||7|||440
N|||3|||22|||4|||441
N|||6|||35|||4|||441
N|||9|||75|||4|||441
N|||12|||80|||4|||441
N|||15|||84|||4|||441
image|||8|||861|||39|||442
image|||15|||1109|||49|||442
blockDim|||1|||6|||12|||443
blockDim|||3|||10|||12|||443
gridDim|||4|||79|||12|||443
gridDim|||6|||83|||12|||443
gridDim|||10|||196|||12|||443
gridDim|||15|||208|||12|||443
sample|||5|||1325|||12|||443
sample|||10|||1486|||12|||443
sample|||15|||1699|||12|||443
new_arr|||1|||5|||10|||444
ncols|||1|||57|||10|||444
double|||11|||132|||11|||444
Tau|||1|||277|||10|||444
Tau|||7|||282|||15|||444
f_target|||1|||401|||10|||444
score_factors|||1|||471|||12|||444
col|||12|||618|||18|||444
dev_b|||1|||924|||10|||444
dev_b|||4|||932|||12|||444
depth|||4|||1073|||14|||444
depth|||7|||1085|||14|||444
numPerbatch|||14|||1133|||13|||444
norm_val|||15|||1216|||12|||444
depth|||10|||1382|||13|||444
depth|||15|||1440|||13|||444
size|||5|||137|||20|||445
size|||7|||152|||17|||445
size|||8|||153|||20|||445
size|||11|||161|||20|||445
size|||14|||199|||20|||445
testInt1|||1|||315|||2|||446
twod1|||7|||354|||4|||446
-1|||5|||479|||5|||446
ptr_stc_1|||4|||1102|||1|||446
ptr_stc_1|||11|||1145|||1|||446
f1|||6|||1333|||4|||446
norm1|||11|||1347|||4|||446
dcopy|||5|||959|||115|||447
w|||4|||1013|||120|||447
data_j|||3|||1298|||108|||447
sr|||6|||1455|||111|||447
sr|||7|||1462|||52|||447
{|||2|||1|||9|||448
.|||7|||6|||9|||448
tid|||6|||8|||7|||448
.|||13|||10|||9|||448
double|||5|||66|||4|||448
conv_length|||3|||89|||9|||448
vec_out|||1|||105|||6|||448
double|||9|||132|||4|||448
activate_array_leaky_kernel|||1|||178|||2|||448
devSteer|||3|||202|||8|||448
?|||5|||218|||10|||448
dev_gradient|||4|||225|||7|||448
k|||9|||235|||11|||448
d_in|||5|||238|||6|||448
d_in|||10|||244|||7|||448
id|||12|||275|||9|||448
Tau|||9|||283|||9|||448
sum|||4|||323|||11|||448
g_out|||1|||327|||6|||448
twod|||1|||350|||5|||448
x_average|||6|||381|||5|||448
r_sum|||3|||416|||9|||448
B|||9|||497|||11|||448
srcData|||1|||499|||6|||448
mat_in|||4|||539|||5|||448
maxval|||9|||626|||10|||448
naive_sgemm_kernel|||1|||627|||2|||448
B|||14|||635|||11|||448
&|||7|||642|||9|||448
jj|||7|||711|||10|||448
c_in|||3|||712|||9|||448
convertKinectDisparityInPlace_kernel|||1|||726|||2|||448
b_in|||7|||739|||9|||448
NI|||4|||826|||10|||448
rows|||12|||852|||11|||448
shared_dimensions|||8|||923|||9|||448
NI|||8|||940|||10|||448
maximum|||14|||981|||11|||448
forward_avgpool_layer_kernel|||1|||1012|||2|||448
cuda_GraphSum_forward_kernel|||1|||1097|||2|||448
cuda_GraphSum_backward_kernel|||1|||1140|||2|||448
255|||6|||1161|||10|||448
norm_val|||14|||1214|||5|||448
imag|||8|||1251|||11|||448
v|||10|||1368|||5|||448
xi|||5|||1454|||6|||448
pad|||6|||1521|||7|||448
pad|||7|||1522|||7|||448
pad|||14|||1639|||11|||448
gt|||11|||1665|||10|||448
Kernel_Function_update_sgd|||1|||219|||2|||449
u_d|||1|||227|||16|||449
u_d|||2|||228|||36|||449
mxm_1d|||1|||750|||2|||449
Bd|||1|||1042|||10|||449
Cd|||1|||1042|||14|||449
Cd|||2|||1043|||29|||449
Cd|||3|||1043|||69|||449
Bd|||2|||1043|||109|||449
Cd|||5|||1050|||1|||449
add_sources_d|||1|||1052|||2|||449
size2d|||1|||1074|||67|||449
size2d|||2|||1074|||80|||449
size2d|||3|||1074|||121|||449
size2d|||5|||1080|||7|||449
size2d|||6|||1083|||13|||449
size2d|||7|||1084|||12|||449
size2d|||8|||1086|||67|||449
size2d|||9|||1086|||80|||449
size2d|||10|||1086|||121|||449
size2d|||12|||1092|||7|||449
size2d|||13|||1095|||13|||449
size2d|||14|||1096|||12|||449
Pd|||1|||1166|||14|||449
Md|||2|||1167|||87|||449
Pd|||2|||1167|||121|||449
Pd|||3|||1176|||53|||449
Md|||4|||1178|||4|||449
size2d|||15|||1383|||83|||449
size3d|||1|||1383|||89|||449
size3d|||5|||1441|||89|||449
[|||1|||1|||11|||450
scale|||1|||19|||9|||450
val|||1|||32|||9|||450
const|||4|||105|||8|||450
val|||15|||184|||13|||450
voxelCount|||1|||212|||9|||450
id|||14|||278|||10|||450
numBlock|||6|||288|||11|||450
0.0|||8|||693|||10|||450
d_ind|||4|||748|||5|||450
pb|||4|||964|||11|||450
bIndy|||1|||1043|||9|||450
G|||6|||1117|||11|||450
4|||8|||1127|||9|||450
outPixelOffset|||7|||1302|||8|||450
scale|||15|||1328|||9|||450
pb|||14|||1433|||11|||450
frames|||1|||1555|||10|||450
pad|||11|||1636|||13|||450
gpu_img_in_y|||5|||1660|||7|||450
xq|||14|||1603|||191|||451
xq|||15|||1603|||229|||451
yq|||9|||1613|||12|||451
yq|||10|||1613|||51|||451
yq|||15|||1623|||12|||451
Q|||7|||1603|||88|||452
Q|||10|||1603|||193|||452
Q|||11|||1603|||204|||452
Q|||12|||1603|||215|||452
scaleClamp|||9|||1710|||198|||452
fmaxf|||1|||763|||55|||453
fmaxf|||2|||763|||81|||453
fminf|||3|||766|||19|||453
fmaxf|||5|||767|||22|||453
fminf|||6|||768|||8|||453
powf|||2|||1067|||35|||453
sqrtf|||1|||1098|||61|||453
logf|||1|||1152|||39|||453
0.5f|||4|||1155|||51|||453
0.0f|||6|||1253|||78|||453
-0.055846456f|||1|||1556|||44|||453
old_arr|||2|||6|||21|||454
[|||8|||10|||24|||454
idx|||13|||20|||25|||454
i|||13|||27|||25|||454
blockDim|||12|||40|||24|||454
a|||2|||63|||21|||454
array|||13|||86|||24|||454
gridDim|||7|||99|||23|||454
vec_out|||2|||106|||23|||454
z|||6|||186|||23|||454
1.0f|||1|||295|||19|||454
twod|||5|||354|||23|||454
block_id|||2|||376|||20|||454
device_output|||2|||421|||23|||454
height|||4|||514|||17|||454
IND|||6|||520|||24|||454
circ|||1|||584|||20|||454
circ|||2|||585|||23|||454
pcount|||1|||590|||19|||454
oe_flag|||2|||601|||23|||454
mean|||1|||622|||25|||454
possible_plaintext_str_cuda|||1|||637|||15|||454
pixelNum|||2|||684|||22|||454
jj|||2|||708|||25|||454
vector|||4|||715|||20|||454
jj|||14|||735|||25|||454
d_ind|||1|||742|||11|||454
nx|||15|||786|||26|||454
IJ|||1|||822|||24|||454
IJ|||10|||825|||26|||454
image|||7|||861|||20|||454
cotans|||1|||877|||18|||454
iN|||15|||885|||22|||454
cell|||9|||917|||26|||454
col_a|||5|||930|||22|||454
batch|||1|||990|||25|||454
imageH|||1|||1027|||22|||454
pixel|||12|||1155|||24|||454
image_size|||13|||1216|||18|||454
devideNum|||8|||1230|||25|||454
convLength|||2|||1262|||22|||454
spatial|||15|||1278|||22|||454
data_i|||9|||1307|||24|||454
acc|||9|||1380|||28|||454
xp|||1|||1603|||25|||454
Q|||15|||1613|||25|||454
gpu_img_in_v|||6|||1661|||14|||454
gpu_img_in_u|||6|||1662|||14|||454
sample|||11|||1688|||20|||454
zq|||4|||1603|||154|||455
yq|||5|||1603|||202|||455
yq|||7|||1603|||247|||455
yq|||12|||1615|||0|||455
zq|||12|||1616|||0|||455
=|||3|||7|||2|||456
=|||6|||11|||2|||456
=|||9|||17|||2|||456
=|||12|||21|||2|||456
=|||14|||28|||2|||456
vec_out|||8|||110|||0|||456
d_out|||4|||171|||0|||456
d_out|||8|||244|||0|||456
d_out|||12|||250|||0|||456
g_out|||5|||334|||0|||456
mat_out|||4|||539|||0|||456
i2|||5|||840|||1|||456
f2|||5|||1332|||1|||456
norm2|||6|||1336|||1|||456
boxes_out|||14|||1497|||0|||456
boxes_out|||15|||1498|||0|||456
scores_out|||5|||1501|||0|||456
labels_out|||5|||1502|||0|||456
scores_out|||7|||1509|||0|||456
labels_out|||7|||1510|||0|||456
x2|||5|||1575|||1|||456
x2|||6|||1578|||1|||456
rt2|||5|||1657|||1|||456
double|||6|||66|||8|||457
double|||10|||132|||8|||457
lid|||4|||241|||13|||457
heapPtr|||1|||284|||10|||457
column|||7|||304|||14|||457
*=|||14|||556|||14|||457
column|||14|||834|||15|||457
113|||3|||1117|||13|||457
ptr_src_0|||12|||1146|||8|||457
boxes|||1|||1489|||7|||457
threshold|||3|||1542|||12|||457
h_col|||10|||1648|||7|||457
w_col|||14|||1650|||7|||457
else|||2|||263|||0|||458
else|||5|||347|||0|||458
else|||7|||398|||0|||458
else|||9|||430|||0|||458
else|||11|||480|||0|||458
else|||14|||654|||0|||458
h_out|||5|||1515|||41|||459
xq|||2|||1237|||71|||460
xq|||6|||1455|||98|||460
q_q|||10|||1466|||56|||460
zq|||7|||1603|||259|||460
inputright|||3|||193|||10|||461
lr|||1|||219|||5|||461
FFT|||3|||513|||10|||461
d_output|||1|||525|||6|||461
<=|||14|||1269|||12|||461
totalPixels|||13|||1301|||12|||461
ret|||4|||928|||1|||462
ret|||7|||932|||1|||462
height_col|||13|||1528|||64|||463
h_col|||3|||1633|||203|||463
coeff_w_col|||3|||1636|||146|||463
w_col|||7|||1636|||185|||463
/=|||6|||591|||72|||464
/=|||9|||598|||4|||464
/=|||11|||1013|||119|||464
/=|||12|||1017|||1|||464
/=|||14|||1184|||208|||464
input|||4|||56|||0|||465
device_input|||2|||421|||38|||465
device_input|||3|||421|||43|||465
device_input|||4|||424|||16|||465
device_input|||5|||424|||21|||465
device_input|||6|||426|||8|||465
device_input|||7|||426|||13|||465
d_input|||1|||525|||11|||465
d_input|||3|||526|||65|||465
d_input|||5|||530|||20|||465
preH|||4|||1710|||227|||466
anchorH|||8|||1710|||229|||466
preH|||5|||1710|||271|||466
preH|||6|||1710|||313|||466
anchorH|||10|||1714|||20|||466
anchorH|||11|||1726|||5|||466
preH|||8|||1730|||19|||466
preH|||9|||1732|||19|||466
aR2|||3|||358|||20|||467
h2|||2|||1315|||88|||467
f2|||8|||1341|||25|||467
f2|||11|||1354|||25|||467
h2|||5|||1476|||88|||467
h2|||8|||1689|||88|||467
bit_index|||3|||572|||58|||468
p|||13|||601|||71|||468
image|||4|||858|||61|||468
NJ|||6|||936|||77|||468
neighbor|||9|||1001|||79|||468
w|||2|||1013|||79|||468
<=|||11|||1028|||67|||468
spatial|||3|||1060|||81|||468
eachElement|||5|||1135|||63|||468
out_index|||10|||1315|||75|||468
v|||3|||1360|||72|||468
scores|||3|||1504|||78|||468
pad|||5|||1515|||54|||468
delta|||14|||1556|||65|||468
devMat|||3|||580|||27|||469
distMat|||2|||1298|||138|||469
distMat|||3|||1302|||93|||469
]|||10|||13|||4|||470
test|||1|||48|||2|||470
dim|||4|||69|||4|||470
dim|||6|||71|||4|||470
dim|||9|||114|||4|||470
myId|||1|||186|||3|||470
tx|||8|||262|||2|||470
tx|||10|||265|||2|||470
ns|||3|||461|||4|||470
memWidth|||6|||582|||2|||470
memWidth|||8|||583|||2|||470
size_t|||5|||685|||2|||470
depth|||3|||833|||4|||470
iN|||11|||884|||3|||470
eachElement|||6|||1139|||3|||470
decode|||1|||1703|||2|||470
{|||1|||1|||0|||471
{|||3|||3|||0|||471
{|||4|||6|||0|||471
{|||5|||10|||0|||471
{|||7|||13|||0|||471
{|||8|||16|||0|||471
{|||9|||20|||0|||471
{|||11|||23|||0|||471
{|||12|||27|||0|||471
{|||14|||30|||0|||471
{|||15|||33|||0|||471
realPart|||4|||1455|||159|||472
imagPart|||5|||1455|||167|||472
imageH|||2|||1028|||89|||473
imageH|||3|||1036|||16|||473
anchorH|||1|||1704|||73|||473
anchorH|||2|||1704|||145|||473
anchorH|||3|||1704|||255|||473
preH|||1|||1704|||267|||473
anchorH|||4|||1704|||269|||473
preH|||2|||1704|||311|||473
preH|||3|||1704|||353|||473
anchorH|||6|||1710|||105|||473
anchorH|||7|||1710|||215|||473
cols|||1|||251|||15|||474
cols|||3|||252|||46|||474
cols|||5|||255|||5|||474
cols|||7|||531|||18|||474
cols|||8|||532|||37|||474
cols|||9|||532|||50|||474
cols|||12|||537|||6|||474
cols|||14|||1074|||53|||474
cols|||15|||1074|||71|||474
res|||2|||974|||93|||475
res|||3|||974|||112|||475
res|||4|||977|||52|||475
d_in_data|||2|||1098|||95|||476
coef|||8|||1141|||96|||476
aux|||2|||1205|||115|||476
out_index|||11|||1315|||126|||476
acc|||4|||1371|||139|||476
128|||4|||1419|||92|||476
boxes|||3|||1490|||124|||476
boxes|||4|||1490|||142|||476
boxes|||5|||1490|||160|||476
twod1|||8|||354|||14|||477
aR1|||3|||358|||13|||477
ptr_stc_1|||5|||1103|||9|||477
host_inputArray1|||1|||1134|||7|||477
h1|||3|||1326|||14|||477
h1|||6|||1487|||14|||477
h1|||9|||1700|||14|||477
.|||2|||1|||13|||478
.|||8|||6|||13|||478
x|||11|||7|||13|||478
.|||14|||10|||13|||478
[|||14|||16|||15|||478
y|||5|||18|||16|||478
threadIdx|||11|||33|||13|||478
threadIdx|||14|||41|||13|||478
alpha|||5|||66|||9|||478
gridDim|||3|||78|||13|||478
gridDim|||5|||82|||13|||478
value|||3|||97|||16|||478
nblocks|||3|||119|||14|||478
value|||4|||132|||9|||478
value|||6|||135|||16|||478
b|||12|||145|||16|||478
b|||13|||152|||10|||478
b|||15|||155|||16|||478
B|||6|||159|||16|||478
const|||11|||172|||13|||478
>|||2|||182|||16|||478
gridDim|||9|||195|||13|||478
devSteer|||1|||198|||10|||478
1|||11|||202|||13|||478
gridDim|||14|||207|||13|||478
:|||5|||218|||15|||478
lu|||1|||227|||10|||478
/|||15|||243|||12|||478
d_in_a|||1|||245|||6|||478
0.85|||3|||275|||12|||478
X|||15|||293|||15|||478
unsigned|||15|||355|||9|||478
x_average|||1|||375|||6|||478
my|||1|||439|||10|||478
trans_pos|||3|||536|||13|||478
2|||7|||556|||15|||478
short|||1|||571|||9|||478
areaRes|||1|||584|||11|||478
long|||10|||590|||10|||478
mean|||4|||626|||15|||478
sum|||15|||668|||16|||478
clamp_min|||7|||768|||11|||478
nx|||14|||786|||14|||478
J|||3|||825|||15|||478
cuda_rows_dc_offset_remove_layer_kernel|||1|||828|||2|||478
weight|||5|||885|||14|||478
right|||5|||923|||14|||478
J|||7|||939|||15|||478
weight|||13|||1008|||14|||478
buffer|||1|||1027|||12|||478
d|||7|||1036|||14|||478
colsB|||5|||1048|||12|||478
colsB|||8|||1051|||12|||478
1.0|||2|||1104|||12|||478
4|||12|||1128|||12|||478
1.0|||5|||1147|||12|||478
batch|||12|||1183|||12|||478
group_offset|||7|||1194|||12|||478
bands|||1|||1204|||9|||478
elem|||13|||1307|||14|||478
W_grid|||1|||1370|||8|||478
in|||4|||1586|||12|||478
Q|||14|||1613|||14|||478
val2|||2|||161|||37|||479
val2|||3|||164|||15|||479
aR2|||1|||355|||12|||479
Kernel_Sum_backward_opt2|||1|||411|||2|||479
nxprj2|||1|||509|||13|||479
nxprj2|||2|||510|||39|||479
nxprj2|||4|||510|||54|||479
nxprj2|||5|||513|||8|||479
nxprj2|||6|||513|||14|||479
r2|||1|||803|||25|||479
c2|||2|||804|||36|||479
c2|||4|||804|||89|||479
c2|||6|||808|||35|||479
c2|||9|||810|||38|||479
i2|||4|||838|||56|||479
host_inputArray2|||2|||1135|||61|||479
host_inputArray2|||3|||1139|||25|||479
c2|||11|||1315|||93|||479
w2|||3|||1325|||7|||479
f2|||1|||1329|||34|||479
norm2|||1|||1329|||59|||479
i2|||9|||1329|||112|||479
i2|||10|||1329|||135|||479
norm2|||2|||1329|||150|||479
i2|||12|||1329|||159|||479
norm2|||3|||1329|||171|||479
norm2|||4|||1329|||175|||479
norm2|||5|||1329|||183|||479
i2|||13|||1329|||235|||479
f2|||4|||1329|||243|||479
i2|||14|||1329|||261|||479
norm2|||7|||1339|||69|||479
f2|||9|||1343|||9|||479
f2|||12|||1356|||9|||479
beta2|||1|||1359|||28|||479
beta2|||3|||1360|||86|||479
beta2|||5|||1363|||48|||479
beta2|||6|||1366|||10|||479
beta2|||7|||1366|||19|||479
s2|||1|||1475|||51|||479
c2|||14|||1476|||93|||479
s2|||2|||1476|||136|||479
w2|||6|||1486|||7|||479
x2|||1|||1556|||153|||479
y2|||1|||1556|||155|||479
x2|||2|||1556|||164|||479
x2|||3|||1556|||188|||479
y2|||3|||1556|||190|||479
x2|||4|||1556|||208|||479
y2|||5|||1575|||3|||479
x2|||10|||1584|||10|||479
y2|||10|||1584|||12|||479
bit2|||1|||1587|||67|||479
bit2|||2|||1587|||181|||479
rt2|||1|||1655|||9|||479
bt2|||1|||1655|||13|||479
rt2|||2|||1655|||115|||479
gt2|||2|||1655|||127|||479
bt2|||2|||1655|||139|||479
rt2|||3|||1655|||157|||479
rt2|||4|||1655|||164|||479
bt2|||3|||1655|||172|||479
gt2|||4|||1655|||194|||479
gt2|||5|||1657|||3|||479
rt2|||6|||1660|||79|||479
gt2|||6|||1660|||91|||479
bt2|||6|||1660|||103|||479
rt2|||7|||1660|||121|||479
rt2|||8|||1660|||128|||479
bt2|||7|||1660|||136|||479
bt2|||8|||1660|||143|||479
gt2|||7|||1660|||151|||479
gt2|||8|||1660|||158|||479
rt2|||11|||1667|||13|||479
bt2|||11|||1668|||13|||479
gt2|||11|||1669|||13|||479
w2|||7|||1688|||39|||479
h2|||7|||1688|||42|||479
w2|||9|||1699|||7|||479
data|||1|||0|||9|||480
blockDim|||2|||7|||11|||480
blockDim|||4|||11|||11|||480
threadIdx|||8|||21|||11|||480
threadIdx|||10|||28|||11|||480
sum_array_1Dgrid_1Dblock|||1|||122|||2|||480
m|||1|||126|||9|||480
max|||1|||440|||13|||480
error|||3|||487|||14|||480
O|||1|||550|||10|||480
3|||11|||678|||14|||480
>>=|||2|||698|||14|||480
Isg|||1|||837|||6|||480
out|||5|||877|||6|||480
weights|||1|||889|||6|||480
l|||13|||906|||13|||480
tIndx|||7|||1050|||10|||480
eachElement|||8|||1139|||11|||480
Nd|||1|||1166|||10|||480
convertKinectDisparityToRegularDisparity_kernel|||1|||1252|||2|||480
Q|||1|||1261|||10|||480
frame|||5|||1565|||9|||480
bit4|||4|||1599|||10|||480
locData|||10|||1715|||3|||481
locData|||11|||1716|||3|||481
locData|||12|||1717|||3|||481
locData|||13|||1718|||3|||481
255|||1|||515|||66|||482
idy|||4|||532|||62|||482
curr_decision|||2|||572|||48|||482
col|||9|||613|||68|||482
else|||12|||646|||61|||482
cos|||2|||658|||68|||482
Pvalue|||2|||793|||66|||482
pos|||9|||870|||66|||482
ret|||2|||925|||62|||482
-=|||13|||1005|||64|||482
tIndy|||8|||1050|||53|||482
batch|||9|||1060|||67|||482
G|||4|||1113|||72|||482
4|||10|||1127|||60|||482
host_inputArray3|||5|||1139|||49|||482
d_temp|||2|||1360|||59|||482
out_h|||1|||1397|||61|||482
10|||1|||179|||46|||483
f_in|||2|||402|||34|||483
==|||10|||421|||42|||483
szbeg|||2|||459|||40|||483
<=|||3|||492|||43|||483
rows|||5|||532|||41|||483
curr_decision|||1|||572|||34|||483
areaRes|||2|||585|||36|||483
key|||2|||638|||41|||483
r|||9|||678|||47|||483
outPixelOffset|||3|||720|||43|||483
idy|||12|||804|||40|||483
nnz|||5|||838|||38|||483
cotans|||3|||882|||41|||483
right_columns|||2|||913|||39|||483
shared_dimensions|||5|||917|||43|||483
dev_c|||6|||930|||37|||483
bIndx|||2|||1043|||36|||483
nz|||2|||1053|||43|||483
g|||9|||1184|||44|||483
featureSize|||11|||1235|||36|||483
d_KinectDisparityPitch|||1|||1252|||17|||483
delta|||8|||1352|||45|||483
boxes_before_nms|||15|||1683|||33|||483

g_out|||2|||328|||38|||485
boxes_out|||13|||1496|||34|||485
labels_out|||6|||1504|||83|||485
w_out|||3|||1512|||107|||485
h_out|||8|||1521|||3|||485
w_out|||8|||1522|||3|||485
norm2|||9|||1346|||0|||486
norm2|||10|||1348|||0|||486
x2|||8|||1579|||0|||486
y2|||8|||1580|||0|||486
rt2|||9|||1664|||0|||486
gt2|||9|||1665|||0|||486
bt2|||9|||1666|||0|||486
d_N|||2|||793|||77|||487
iN|||1|||878|||56|||487
iN|||2|||878|||60|||487
iN|||3|||878|||65|||487
iN|||4|||878|||77|||487
iN|||10|||882|||47|||487
iN|||12|||884|||7|||487
width_N|||4|||1167|||128|||487
width_N|||5|||1175|||7|||487
width_N|||10|||1182|||7|||487
a_in|||2|||708|||55|||488
c_in|||6|||735|||55|||488
diff|||13|||1302|||47|||488
acc|||1|||1371|||53|||488
q_i|||6|||1462|||50|||489
width|||4|||455|||4|||490
width|||9|||519|||4|||490
d_in_grad|||4|||1150|||0|||490
expf|||5|||1198|||3|||490
filter|||14|||1273|||3|||490
data_i|||4|||1302|||2|||490
data_i|||8|||1306|||2|||490
si|||9|||1470|||2|||490
d_input|||2|||526|||56|||491
maxval|||4|||622|||58|||491
nx|||9|||781|||58|||491
npml|||8|||838|||50|||491
grayValue|||4|||853|||54|||491
U|||4|||939|||58|||491
tc|||2|||959|||53|||491
rows|||14|||1074|||57|||491
<=|||13|||1262|||54|||491
data|||11|||1302|||50|||491
in|||6|||1587|||53|||491
gpu_img_in_u|||4|||1660|||38|||491
b|||2|||63|||26|||492
value|||2|||95|||32|||492
value|||5|||133|||32|||492
b|||11|||143|||32|||492
b|||14|||153|||32|||492
B|||5|||157|||32|||492
c2|||1|||803|||28|||492
J|||1|||821|||30|||492
cx|||6|||1578|||29|||492
8|||1|||1587|||29|||492
boxes_before_nms|||2|||1671|||28|||492
variance|||1|||1059|||23|||493
variance|||2|||1060|||52|||493
variance|||3|||1060|||102|||493
variance|||4|||1060|||126|||493
variance|||6|||1067|||30|||493
variance|||7|||1069|||16|||493
0.0|||1|||628|||36|||494
0.0|||3|||684|||70|||494
0.0|||4|||684|||82|||494
0.0|||6|||690|||38|||494
x0|||2|||870|||64|||494
x0|||3|||870|||74|||494
x0|||5|||870|||86|||494
x0|||6|||870|||93|||494
x0|||7|||870|||100|||494
x0|||11|||874|||37|||494
x0|||12|||874|||44|||494
x0|||13|||874|||51|||494
1.0|||1|||1098|||59|||494
ptr_src_0|||3|||1098|||66|||494
1.0|||4|||1141|||62|||494
ptr_src_0|||10|||1141|||69|||494
1.0|||7|||1205|||69|||494
1.0|||8|||1210|||29|||494
2.0|||1|||1556|||178|||494
5.0|||1|||1556|||213|||494
2.0|||2|||1578|||15|||494
5.0|||2|||1584|||15|||494
bit0|||2|||1587|||185|||494
[|||6|||8|||1|||495
<|||4|||12|||3|||495
]|||12|||14|||3|||495
<|||6|||18|||3|||495
<|||8|||22|||3|||495
<|||10|||29|||3|||495
==|||2|||54|||3|||495
tid|||14|||55|||3|||495
<=|||2|||60|||3|||495
<|||14|||69|||3|||495
dev_parameter|||3|||224|||1|||495
tx|||6|||260|||3|||495
id|||1|||271|||3|||495
id|||11|||275|||2|||495
id|||13|||276|||2|||495
Tau|||8|||283|||2|||495
==|||6|||288|||3|||495
un_idx|||4|||296|||1|||495
input|||7|||323|||3|||495
sum|||9|||417|||3|||495
counts|||2|||428|||3|||495
<=|||5|||496|||3|||495
idy|||5|||534|||2|||495
curr_decision|||4|||576|||1|||495
dia|||7|||651|||2|||495
r|||4|||674|||3|||495
::|||6|||689|||3|||495
start|||3|||697|||3|||495
jj|||6|||711|||3|||495
matrix|||4|||723|||3|||495
ind_in|||7|||747|||1|||495
Row|||6|||796|||3|||495
reduction|||6|||818|||3|||495
IJ|||9|||825|||2|||495
sp|||4|||844|||3|||495
offset|||15|||856|||2|||495
neighbors|||5|||886|||3|||495
MASK_RADIUS|||3|||946|||1|||495
indexInBatch|||3|||994|||1|||495
batchInJump|||3|||995|||1|||495
indexOutBatch|||3|||996|||1|||495
batchOutJump|||3|||997|||1|||495
neighbors|||10|||1009|||3|||495
idx_y|||4|||1030|||1|||495
grid_width|||3|||1031|||1|||495
buffer|||4|||1039|||3|||495
bIndx|||1|||1043|||2|||495
bIndy|||5|||1045|||1|||495
tIndy|||5|||1047|||1|||495
ib|||4|||1058|||2|||495
R|||5|||1114|||3|||495
numPerbatch|||5|||1125|||1|||495
unroll|||2|||1146|||1|||495
summ|||6|||1160|||2|||495
by|||4|||1172|||3|||495
bx|||4|||1173|||3|||495
Melement|||5|||1178|||2|||495
Melement|||8|||1181|||2|||495
norm_val|||6|||1207|||1|||495
norm_val|||11|||1212|||1|||495
xi|||3|||1244|||3|||495
xq|||4|||1246|||2|||495
data_j|||7|||1304|||1|||495
d_temp|||9|||1364|||1|||495
r|||15|||1415|||3|||495
channel_in|||7|||1519|||1|||495
h_in|||7|||1521|||1|||495
w_in|||7|||1522|||1|||495
Delta|||4|||1565|||3|||495
cx|||5|||1573|||3|||495
cy|||5|||1574|||3|||495
256|||2|||1576|||3|||495
bit4|||3|||1595|||2|||495
bit7|||3|||1598|||2|||495
100000|||2|||1605|||3|||495
scaleClamp|||12|||1721|||2|||495
scaleClamp|||15|||1724|||2|||495
q|||2|||1371|||86|||496
q|||3|||1371|||90|||496
q|||4|||1371|||94|||496
q|||5|||1371|||113|||496
q|||6|||1371|||124|||496
q|||8|||1379|||16|||496
q|||14|||1380|||19|||496
q|||15|||1380|||23|||496
clsIndex|||4|||1132|||10|||497
anchorIndex|||4|||1542|||51|||497
outputIndex|||12|||1544|||66|||497
e|||1|||1184|||126|||498
e|||2|||1184|||156|||498
e|||3|||1184|||175|||498
e|||4|||1197|||2|||498
e|||6|||1197|||51|||498
e|||8|||1199|||2|||498
[|||9|||10|||29|||499
gridDim|||1|||40|||28|||499
0|||4|||49|||30|||499
-=|||1|||73|||30|||499
array|||14|||86|||29|||499
+=|||14|||116|||30|||499
dev_parameter|||2|||220|||28|||499
twod1|||2|||351|||25|||499
0.5|||1|||356|||27|||499
else|||8|||428|||29|||499
devMatX|||2|||580|||24|||499
input_length|||1|||637|||18|||499
0.71|||5|||853|||27|||499
neighbors|||3|||882|||29|||499
l|||2|||903|||30|||499
ELEMENT_INDEX|||1|||944|||24|||499
outputlength|||2|||990|||29|||499
width_N|||8|||1178|||26|||499
devideNum|||13|||1232|||26|||499
f1|||1|||1329|||27|||499
