RES|||4|||772|||55|||0
RES|||8|||774|||40|||0
RES|||9|||774|||52|||0
image|||5|||806|||73|||0
grayValue|||2|||795|||88|||1
coef|||4|||1039|||91|||1
summ|||2|||1090|||77|||1
d_regularDisparityPitch|||3|||1175|||69|||1
filters|||12|||1199|||98|||1
q_i|||15|||1352|||70|||1
labels|||4|||1397|||88|||1
<<|||12|||1473|||73|||1
IJ|||2|||772|||41|||2
IJ|||3|||772|||47|||2
IJ|||4|||772|||52|||2
IJ|||5|||772|||57|||2
IJ|||6|||772|||64|||2
NJ|||2|||772|||71|||2
IJ|||14|||774|||49|||2
NJ|||4|||776|||32|||2
NJ|||6|||884|||70|||2
edad|||2|||594|||37|||3
edad|||3|||594|||47|||3
edad|||4|||594|||56|||3
edad|||5|||597|||14|||3
edad|||6|||597|||24|||3
edad|||7|||597|||33|||3
edad|||11|||600|||12|||3
prB|||2|||246|||33|||4
-=|||6|||324|||40|||4
bid|||15|||384|||38|||4
szbeg|||2|||419|||34|||4
output|||11|||431|||38|||4
idy|||12|||493|||33|||4
pn|||2|||510|||35|||4
curr_decision|||5|||520|||23|||4
memHeight|||5|||528|||28|||4
maxval|||8|||571|||35|||4
char|||15|||584|||33|||4
possible_plaintext_str_cuda|||3|||588|||27|||4
grad|||1|||677|||31|||4
fmin|||1|||704|||37|||4
RES|||2|||772|||39|||4
offset|||7|||799|||36|||4
RES|||15|||884|||39|||4
ELEMENT_INDEX|||8|||896|||32|||4
filter|||12|||1190|||36|||4
128|||1|||1302|||92|||5
128|||2|||1302|||117|||5
128|||3|||1306|||67|||5
128|||4|||1306|||92|||5
128|||5|||1311|||22|||5
128|||6|||1312|||22|||5
128|||7|||1522|||51|||5
128|||8|||1522|||74|||5
128|||9|||1522|||85|||5
128|||10|||1522|||107|||5
128|||11|||1527|||20|||5
128|||12|||1527|||43|||5
128|||13|||1527|||54|||5
128|||14|||1527|||76|||5
128|||15|||1528|||19|||5
4|||4|||584|||27|||6
4|||6|||589|||5|||6
4|||8|||1057|||48|||6
4|||9|||1057|||95|||6
4|||11|||1059|||33|||6
4|||12|||1059|||80|||6
4|||15|||1062|||60|||6
xq|||1|||1156|||9|||7
xq|||3|||1159|||46|||7
Lq|||1|||1340|||23|||7
Lq|||2|||1341|||67|||7
Lq|||3|||1341|||81|||7
r_q|||2|||1341|||86|||7
xq|||7|||1341|||88|||7
Lq|||4|||1341|||94|||7
q_q|||2|||1341|||106|||7
r_q|||3|||1341|||126|||7
q_q|||3|||1341|||128|||7
q_q|||4|||1341|||136|||7
r_q|||4|||1341|||140|||7
r_q|||5|||1343|||9|||7
Lq|||5|||1343|||52|||7
Lq|||6|||1343|||66|||7
xq|||8|||1343|||73|||7
Lq|||7|||1343|||79|||7
q_q|||6|||1343|||91|||7
r_q|||7|||1343|||111|||7
q_q|||7|||1343|||113|||7
q_q|||8|||1343|||121|||7
r_q|||8|||1343|||125|||7
r_q|||10|||1348|||37|||7
xq|||9|||1348|||39|||7
Lq|||10|||1348|||45|||7
q_q|||10|||1348|||57|||7
r_q|||11|||1348|||77|||7
q_q|||11|||1348|||79|||7
q_q|||12|||1348|||87|||7
r_q|||12|||1348|||91|||7
r_q|||13|||1352|||14|||7
q_q|||13|||1352|||34|||7
r_q|||14|||1352|||54|||7
q_q|||14|||1352|||56|||7
r_q|||15|||1352|||68|||7
=|||2|||2|||4|||8
]|||2|||3|||4|||8
+=|||3|||4|||4|||8
0|||4|||8|||4|||8
=|||8|||11|||4|||8
]|||10|||12|||4|||8
*=|||3|||13|||4|||8
=|||11|||16|||4|||8
=|||14|||19|||4|||8
*=|||6|||21|||4|||8
+=|||6|||27|||4|||8
truth|||3|||444|||4|||8
batchOutJump|||6|||934|||2|||8
GraphSum_forward|||1|||1036|||1|||8
truth|||7|||1121|||4|||8
elem|||11|||1224|||4|||8
convLayer_forward|||1|||1261|||1|||8
scaleClamp|||15|||1606|||3|||8
tid|||13|||42|||4|||9
col|||1|||223|||4|||9
tact|||2|||269|||43|||10
f_target|||3|||357|||40|||10
/=|||1|||380|||64|||10
jsz|||2|||419|||38|||10
score|||7|||431|||43|||10
srcDiff|||3|||500|||37|||10
maxval|||9|||571|||40|||10
auto|||2|||817|||45|||10
f|||5|||837|||45|||10
right|||3|||865|||58|||10
▁|||15|||908|||52|||10
uidx|||5|||1013|||40|||10
uidx|||6|||1013|||62|||10
max_coordinate|||4|||1062|||54|||10
in_grad|||4|||1085|||59|||10
pixel|||6|||1090|||41|||10
Q|||4|||1190|||41|||10
dx|||2|||1199|||126|||10
dx|||3|||1202|||105|||10
add|||3|||1231|||35|||10
dpsi|||2|||1314|||59|||10
mult|||1|||1553|||36|||10
dx|||7|||1592|||138|||10
dx|||8|||1592|||234|||10
dx|||9|||1594|||123|||10
dx|||10|||1594|||219|||10
dx|||11|||1596|||108|||10
dx|||12|||1596|||204|||10
curr_decision|||3|||518|||54|||11
0.07|||1|||625|||79|||11
Iss|||2|||784|||69|||11
the|||2|||908|||62|||11
d|||4|||960|||78|||11
ns|||8|||984|||78|||11
d_regularDisparityPitch|||4|||1177|||54|||11
data_j|||6|||1219|||63|||11
forward|||5|||1294|||81|||11
0.299|||1|||1302|||57|||11
0.5|||1|||321|||27|||12
0.5|||4|||322|||33|||12
0.5|||8|||1273|||135|||12
0.5|||10|||1275|||120|||12
n|||1|||14|||4|||13
dim|||6|||60|||4|||13
u|||1|||62|||4|||13
-=|||3|||65|||4|||13
k|||1|||80|||4|||13
A|||3|||126|||4|||13
dsubtract_matrix|||1|||129|||1|||13
myId|||7|||171|||3|||13
myId|||10|||172|||3|||13
id|||12|||249|||3|||13
Tau|||5|||256|||3|||13
upsweep_scan|||1|||315|||1|||13
x_outer_prod|||4|||341|||0|||13
kmeans_average|||1|||379|||1|||13
idy|||8|||493|||3|||13
trans_pos|||7|||497|||2|||13
pcountinner|||6|||513|||2|||13
memWidth|||10|||529|||2|||13
memWidth|||12|||530|||2|||13
compCount|||2|||532|||3|||13
Xsize|||7|||543|||3|||13
pcount|||4|||545|||3|||13
char|||14|||584|||4|||13
keyCharPtr|||4|||586|||2|||13
3|||13|||629|||4|||13
3|||14|||630|||4|||13
3|||15|||631|||4|||13
start|||2|||644|||4|||13
maxhd|||4|||649|||3|||13
jj|||6|||655|||4|||13
ind_in|||4|||688|||2|||13
d_ind_sub|||4|||690|||0|||13
d_label_sub|||4|||691|||0|||13
channel|||5|||779|||4|||13
iN|||11|||831|||3|||13
neighbors|||4|||832|||4|||13
weights|||7|||844|||4|||13
MASK_RADIUS|||1|||891|||2|||13
neighbors|||9|||941|||4|||13
src|||4|||1037|||4|||13
apply_grayscale|||1|||1045|||1|||13
numPerbatch|||5|||1059|||2|||13
element_c|||7|||1074|||2|||13
host_inputArray3|||8|||1079|||0|||13
GraphSum_backward|||1|||1080|||1|||13
currentFrame|||8|||1095|||3|||13
M|||8|||1112|||4|||13
sampleIndex|||9|||1183|||3|||13
filter|||13|||1193|||3|||13
data_i|||4|||1219|||2|||13
data_i|||8|||1223|||2|||13
si|||11|||1356|||2|||13
im_row|||7|||1418|||2|||13
rt|||10|||1531|||3|||13
-|||1|||95|||25|||14
/|||7|||155|||25|||14
3|||3|||216|||21|||14
transposed|||3|||277|||28|||14
input|||12|||299|||29|||14
height|||1|||320|||22|||14
0.5|||3|||322|||26|||14
x_average|||2|||338|||21|||14
height|||5|||409|||29|||14
ns|||1|||418|||20|||14
diff|||6|||444|||29|||14
out_image|||4|||475|||25|||14
devMatX|||8|||528|||20|||14
perimeter|||8|||538|||20|||14
jj|||2|||653|||28|||14
indices|||3|||655|||27|||14
indices|||8|||680|||27|||14
nx|||12|||730|||27|||14
rows|||13|||795|||29|||14
mask_size|||1|||890|||20|||14
imageH|||1|||959|||19|||14
imageW|||11|||968|||25|||14
ns|||5|||984|||29|||14
ib|||5|||990|||25|||14
indices|||13|||1039|||27|||14
out_grad|||5|||1088|||25|||14
pixel|||5|||1090|||26|||14
width_N|||2|||1105|||25|||14
pred|||6|||1118|||29|||14
totalPixels|||11|||1217|||24|||14
r_q|||1|||1341|||24|||14
imagPart|||6|||1343|||18|||14
Lq|||13|||1352|||22|||14
c_im|||3|||1411|||20|||14
threshold|||1|||1423|||22|||14
bit0|||1|||1471|||25|||14
0x01|||9|||1473|||20|||14
c_im|||11|||1508|||20|||14
gpu_img_in_v|||4|||1527|||15|||14
return|||10|||532|||77|||15
Pvalue|||4|||739|||83|||15
right|||2|||860|||81|||15
line|||2|||908|||66|||15
frontJump|||2|||925|||71|||15
it|||2|||984|||86|||15
gray|||1|||1046|||93|||15
gray|||6|||1050|||90|||15
in_grad|||3|||1083|||82|||15
devideNum|||4|||1145|||80|||15
I|||2|||1182|||79|||15
dx|||4|||1204|||91|||15
patchSize|||4|||1217|||72|||15
elem|||10|||1219|||69|||15
q_i|||11|||1348|||73|||15
0.344|||1|||1522|||66|||15
anchorCy|||5|||1596|||86|||15
step|||4|||1620|||91|||15
pos|||1|||489|||39|||16
pos|||2|||489|||64|||16
pos|||3|||493|||17|||16
pos|||4|||493|||42|||16
pos|||6|||495|||28|||16
pos|||10|||817|||56|||16
pos|||11|||817|||61|||16
pos|||13|||817|||76|||16
pos|||14|||817|||83|||16
pos|||15|||817|||90|||16
==|||6|||235|||7|||17
N_mobil|||2|||253|||4|||17
==|||12|||287|||7|||17
-1|||6|||435|||6|||17
N_mobil|||5|||594|||4|||17
init_image_array_CPU|||1|||805|||1|||17
uidx|||11|||1021|||6|||17
w1|||12|||1364|||5|||17
;|||2|||1|||11|||18
*|||3|||5|||8|||18
y|||1|||14|||12|||18
double|||4|||23|||7|||18
*|||12|||38|||8|||18
tid|||15|||42|||12|||18
const|||3|||48|||7|||18
u|||3|||62|||12|||18
conv_length|||3|||77|||10|||18
k|||3|||80|||12|||18
k|||15|||83|||12|||18
const|||4|||94|||7|||18
double|||10|||118|||7|||18
b|||15|||129|||9|||18
B|||5|||144|||9|||18
:|||3|||168|||12|||18
lu|||1|||200|||9|||18
prB|||1|||245|||9|||18
id|||11|||248|||10|||18
id|||13|||249|||10|||18
d_nets|||1|||268|||6|||18
inner_reps|||3|||294|||10|||18
batch|||2|||299|||12|||18
unsigned|||11|||320|||8|||18
mat|||5|||323|||5|||18
%|||8|||326|||12|||18
mat|||9|||330|||5|||18
%|||11|||333|||12|||18
size_x|||2|||338|||10|||18
x_average|||4|||340|||6|||18
score|||1|||346|||6|||18
device_input|||1|||372|||8|||18
counts|||1|||379|||9|||18
%|||14|||392|||12|||18
alphas|||4|||395|||10|||18
src|||1|||404|||6|||18
sxbeg|||3|||421|||9|||18
B|||9|||448|||9|||18
filter|||1|||463|||9|||18
filter|||5|||469|||9|||18
out_image|||1|||470|||5|||18
min|||3|||486|||10|||18
memWidth|||1|||525|||8|||18
circ|||1|||532|||10|||18
keyChar|||6|||592|||5|||18
pupacion|||4|||599|||8|||18
0.21|||3|||632|||10|||18
meanImage|||4|||638|||10|||18
maxvd|||1|||643|||9|||18
jj|||7|||655|||11|||18
vector|||12|||667|||11|||18
Pvalue|||15|||749|||9|||18
LS|||1|||771|||9|||18
channel|||7|||779|||12|||18
my_pixel|||2|||806|||8|||18
l|||8|||852|||12|||18
left|||5|||870|||10|||18
maximum|||12|||915|||12|||18
indexInBatch|||3|||927|||9|||18
filterR|||8|||965|||11|||18
spatial|||15|||1004|||12|||18
K|||10|||1078|||6|||18
0.5f|||6|||1097|||5|||18
pred|||7|||1121|||12|||18
outPixelOffset|||8|||1220|||7|||18
minw|||1|||1231|||7|||18
minw|||5|||1234|||10|||18
Lq|||12|||1352|||9|||18
Lq|||15|||1354|||8|||18
-0.055846456f|||3|||1446|||4|||18
-0.668311119f|||3|||1447|||4|||18
0.975f|||3|||1449|||7|||18
1000000000.0f|||1|||1487|||7|||18
gpu_img_in_y|||8|||1528|||6|||18
gpu_img_in_y|||9|||1529|||6|||18
*=|||4|||18|||20|||19
*=|||7|||71|||23|||19
*=|||8|||73|||19|||19
*=|||9|||179|||23|||19
*=|||10|||181|||19|||19
*=|||11|||299|||41|||19
*=|||12|||302|||22|||19
gpu_img_in_g|||2|||1302|||35|||20
gpu_img_in_g|||3|||1306|||10|||20
gpu_img_out_g|||1|||1521|||29|||20
gpu_img_out_g|||2|||1522|||176|||20
gpu_img_out_g|||3|||1527|||145|||20
numPerbatch|||3|||1057|||74|||21
numPerbatch|||4|||1057|||83|||21
numPerbatch|||6|||1059|||45|||21
numPerbatch|||7|||1059|||59|||21
numPerbatch|||11|||1062|||39|||21
numPerbatch|||12|||1062|||48|||21
g|||2|||625|||33|||22
g|||6|||628|||54|||22
g|||10|||1302|||33|||22
g|||11|||1302|||63|||22
g|||12|||1302|||86|||22
g|||13|||1302|||111|||22
g|||15|||1306|||8|||22
1.0|||2|||502|||20|||23
2.0|||5|||1444|||145|||23
array|||4|||12|||1|||24
array|||10|||20|||1|||24
array|||15|||77|||1|||24
sum|||5|||285|||1|||24
sum|||7|||289|||1|||24
x2|||12|||1463|||0|||24
y2|||12|||1464|||0|||24
rt2|||9|||1531|||0|||24
gt2|||9|||1532|||0|||24
bt2|||9|||1533|||0|||24
k_x|||6|||357|||32|||25
cnt|||5|||449|||54|||25
memWidth|||9|||528|||38|||25
vector|||9|||661|||49|||25
inv_sub_factor|||1|||685|||27|||25
meshStride|||7|||829|||45|||25
mean|||9|||837|||54|||25
print|||1|||906|||49|||25
frontPrune|||3|||927|||39|||25
filterR|||3|||960|||50|||25
colsB|||3|||975|||50|||25
wfp|||3|||988|||49|||25
G|||1|||1046|||54|||25
pixel|||7|||1090|||47|||25
<=|||7|||1182|||44|||25
sample|||4|||1234|||46|||25
d_temp|||8|||1254|||43|||25
gpu_img_out_y|||1|||1301|||24|||25
<=|||10|||1341|||43|||25
Delta|||4|||1444|||34|||25
scaleClamp|||2|||1592|||211|||25
scaleClamp|||4|||1592|||223|||25
scaleClamp|||5|||1592|||228|||25
scaleClamp|||6|||1594|||196|||25
scaleClamp|||7|||1594|||201|||25
scaleClamp|||8|||1594|||208|||25
scaleClamp|||9|||1594|||213|||25
scaleClamp|||10|||1596|||181|||25
scaleClamp|||11|||1596|||186|||25
scaleClamp|||12|||1596|||193|||25
scaleClamp|||13|||1596|||198|||25
f3|||2|||34|||16|||26
-|||8|||172|||15|||26
/=|||9|||545|||15|||26
h_Filter|||6|||971|||12|||26
width_M|||6|||1109|||15|||26
error|||7|||1121|||17|||26
sr|||6|||1340|||13|||26
bit3|||6|||1483|||12|||26
)|||4|||5|||13|||27
=|||6|||8|||17|||27
=|||10|||15|||19|||27
==|||1|||42|||19|||27
offsets|||1|||48|||13|||27
canData|||2|||103|||18|||27
?|||2|||166|||19|||27
z|||5|||169|||16|||27
z|||6|||170|||16|||27
devSpeed|||2|||183|||18|||27
gradient|||1|||197|||12|||27
-=|||4|||198|||19|||27
lr|||3|||199|||19|||27
fabs|||2|||444|||19|||27
nx|||1|||448|||16|||27
dstData|||2|||459|||16|||27
FFT|||3|||466|||16|||27
in_image|||1|||470|||10|||27
dstDiff|||2|||500|||16|||27
edad|||1|||593|||9|||27
images|||9|||638|||17|||27
totalPixels|||4|||663|||16|||27
Start|||5|||774|||18|||27
RES|||12|||776|||16|||27
sp|||1|||783|||13|||27
batchInJump|||6|||934|||13|||27
rowsA|||1|||974|||16|||27
z|||13|||1011|||19|||27
R|||3|||1048|||19|||27
>>|||7|||1054|||17|||27
numPerbatch|||1|||1057|||17|||27
K|||6|||1074|||15|||27
t|||1|||1118|||19|||27
filter|||6|||1181|||16|||27
filters|||9|||1198|||15|||27
powf|||7|||1207|||18|||27
d_temp|||12|||1257|||14|||27
learning_rate|||4|||1260|||13|||27
W|||1|||1261|||16|||27
assert|||1|||1362|||15|||27
scores|||1|||1384|||11|||27
1.402|||3|||1528|||11|||27
0.344|||3|||1529|||11|||27
assert|||5|||1554|||15|||27
j|||2|||276|||22|||28
j|||9|||277|||32|||28
j|||10|||277|||39|||28
k_x|||8|||357|||42|||29
^|||1|||584|||54|||29
r|||11|||625|||70|||29
offset|||3|||795|||65|||29
U|||5|||886|||63|||29
&&|||4|||960|||68|||29
>=|||10|||1011|||67|||29
>=|||15|||1025|||67|||29
dst|||10|||1039|||63|||29
604|||3|||1050|||70|||29
pixel|||8|||1090|||59|||29
]|||1|||1|||19|||30
[|||4|||6|||18|||30
]|||8|||10|||19|||30
+=|||4|||24|||20|||30
a|||2|||39|||20|||30
dim|||3|||57|||20|||30
-=|||1|||62|||20|||30
y|||6|||99|||16|||30
tmp|||1|||113|||15|||30
val|||11|||166|||20|||30
lr|||2|||198|||20|||30
prB|||3|||249|||15|||30
==|||7|||259|||19|||30
char|||3|||320|||14|||30
m|||5|||323|||13|||30
m|||8|||330|||13|||30
L_x|||2|||357|||12|||30
device_input|||4|||376|||16|||30
DIM|||1|||379|||15|||30
bid|||13|||384|||19|||30
m|||14|||404|||14|||30
:|||10|||461|||17|||30
IND|||4|||473|||20|||30
IND|||8|||475|||18|||30
rows|||10|||495|||17|||30
bit_decisions|||3|||520|||11|||30
Zsize|||5|||542|||16|||30
input_length|||2|||584|||16|||30
clamp_min|||7|||710|||13|||30
nx|||5|||725|||17|||30
columns|||1|||794|||17|||30
mean|||14|||840|||20|||30
left_rows|||2|||860|||18|||30
cell|||14|||867|||18|||30
filterR|||14|||971|||14|||30
sources_z|||3|||988|||18|||30
it|||5|||993|||17|||30
spatial|||1|||994|||18|||30
filters|||6|||1002|||20|||30
10|||10|||1054|||18|||30
log|||2|||1093|||17|||30
MeanLogNormalFrame|||4|||1096|||16|||30
minh|||4|||1234|||17|||30
psi|||13|||1320|||17|||30
psi|||14|||1321|||17|||30
psi|||15|||1322|||17|||30
add|||13|||1383|||14|||30
firstIndexToGrab|||1|||1471|||17|||30
q_points|||1|||1486|||16|||30
1.402|||2|||1527|||12|||30
anchor|||8|||1594|||19|||30
anchor|||15|||1596|||19|||30
numElements|||2|||1|||10|||31
double|||2|||5|||7|||31
arrayCount|||2|||10|||10|||31
}|||7|||12|||11|||31
*|||6|||14|||11|||31
i|||9|||16|||11|||31
,|||8|||17|||9|||31
,|||9|||23|||6|||31
,|||12|||28|||9|||31
*|||10|||33|||7|||31
dims|||1|||41|||9|||31
<=|||1|||49|||11|||31
a|||4|||52|||9|||31
mat|||1|||56|||5|||31
u|||8|||63|||11|||31
conv_length|||4|||78|||9|||31
a|||7|||79|||9|||31
a|||15|||89|||8|||31
m|||3|||116|||11|||31
y|||11|||137|||11|||31
end|||2|||150|||11|||31
const|||10|||159|||11|||31
val|||15|||168|||11|||31
myId|||14|||173|||9|||31
devSteer|||3|||186|||8|||31
d_in|||10|||216|||7|||31
d_in_a|||4|||221|||5|||31
g_data|||1|||230|||5|||31
4|||3|||286|||11|||31
d_in|||12|||305|||5|||31
size_x|||3|||339|||9|||31
f_target|||6|||363|||5|||31
counts|||9|||388|||10|||31
mat|||13|||389|||5|||31
count|||8|||401|||11|||31
labelList|||4|||415|||10|||31
sxbeg|||4|||422|||8|||31
pred|||1|||440|||8|||31
nviews|||2|||464|||10|||31
d_output|||1|||481|||5|||31
min|||4|||487|||9|||31
mat_in|||1|||488|||5|||31
rows|||7|||493|||9|||31
mat_in|||5|||498|||5|||31
devMatX|||7|||528|||7|||31
compCount|||1|||531|||6|||31
keyCharPtr|||5|||588|||8|||31
pupacion|||5|||600|||7|||31
pixelNum|||2|||634|||10|||31
imageNum|||3|||636|||10|||31
meanImage|||5|||639|||9|||31
jj|||12|||656|||10|||31
availablePixels|||3|||662|||10|||31
totalPixels|||6|||665|||10|||31
ind_out|||8|||687|||7|||31
h_a|||1|||714|||5|||31
c2|||2|||752|||10|||31
depth|||2|||778|||11|||31
i1|||2|||784|||8|||31
i2|||6|||786|||8|||31
nnz|||10|||788|||8|||31
x1|||4|||823|||10|||31
out|||5|||826|||5|||31
f|||11|||839|||11|||31
weights|||8|||847|||11|||31
l|||13|||853|||11|||31
right_columns|||6|||865|||9|||31
left|||6|||871|||9|||31
host_a|||1|||872|||5|||31
row_a|||3|||874|||9|||31
col_a|||8|||879|||9|||31
col_a|||9|||880|||7|||31
numOfNucl|||3|||908|||9|||31
maximum|||14|||916|||11|||31
>=|||7|||968|||11|||31
rowsA|||2|||975|||10|||31
colsB|||5|||977|||10|||31
colsA|||6|||979|||10|||31
model|||1|||983|||7|||31
604|||4|||1054|||9|||31
clsIndex|||1|||1056|||6|||31
width_N|||8|||1108|||9|||31
priorNum|||9|||1150|||10|||31
priorNum|||14|||1155|||8|||31
xq|||4|||1164|||10|||31
imag|||12|||1171|||11|||31
convertKinectDisparityToRegularDisparity_cpu|||1|||1172|||1|||31
Q|||1|||1181|||9|||31
availablePixels|||6|||1218|||10|||31
beta1|||6|||1256|||10|||31
beta2|||6|||1257|||10|||31
numOfNucl|||6|||1318|||9|||31
Lq|||14|||1353|||8|||31
sample|||8|||1362|||9|||31
boxes|||14|||1398|||9|||31
boxes|||15|||1399|||9|||31
data_im|||1|||1404|||5|||31
inputIndex|||6|||1432|||9|||31
x2|||14|||1468|||10|||31
bit5|||6|||1483|||8|||31
P|||1|||1486|||9|||31
num_points|||4|||1493|||9|||31
gpu_img_in_y|||10|||1530|||5|||31
rt|||11|||1531|||10|||31
gt|||11|||1532|||10|||31
imageW|||3|||960|||80|||32
imageW|||6|||963|||59|||32
imageW|||7|||963|||76|||32
imageW|||10|||965|||62|||32
imageW|||12|||968|||42|||32
anchorW|||1|||1592|||32|||32
anchorW|||2|||1592|||113|||32
anchorW|||3|||1592|||236|||32
preW|||1|||1592|||250|||32
anchorW|||4|||1592|||252|||32
preW|||2|||1592|||280|||32
preW|||3|||1592|||322|||32
anchorW|||6|||1594|||98|||32
anchorW|||7|||1594|||221|||32
preW|||4|||1594|||235|||32
anchorW|||8|||1594|||237|||32
preW|||5|||1594|||265|||32
preW|||6|||1594|||307|||32
anchorW|||10|||1596|||83|||32
anchorW|||11|||1596|||206|||32
preW|||7|||1596|||220|||32
anchorW|||12|||1596|||222|||32
preW|||8|||1596|||250|||32
preW|||9|||1596|||292|||32
j|||3|||276|||26|||33
j|||11|||324|||26|||33
step|||11|||1622|||24|||33
d_input|||3|||482|||51|||34
h_a|||2|||715|||53|||34
nx|||7|||726|||53|||34
f|||13|||840|||57|||34
cell|||2|||860|||51|||34
left|||3|||865|||49|||34
▁|||2|||906|||50|||34
RHO|||4|||908|||47|||34
batchOutJump|||1|||925|||45|||34
ns|||7|||984|||53|||34
>=|||11|||1013|||52|||34
element_c|||2|||1070|||51|||34
!=|||1|||1217|||43|||34
occNo|||5|||1314|||49|||34
0.344|||2|||1527|||35|||34
--|||5|||1697|||55|||34
stdvLogNormalFrame|||2|||1090|||57|||35
currentFrame|||3|||1090|||82|||35
currentFrame|||4|||1090|||96|||35
currentFrame|||7|||1093|||79|||35
currentFrame|||9|||1099|||1|||35
currentFrame|||11|||1102|||1|||35
nxprj2|||1|||463|||12|||36
h2|||4|||1242|||14|||36
s2|||7|||1383|||12|||36
frame|||3|||1442|||205|||37
frame|||6|||1444|||186|||37
boxes_for_nms|||8|||1538|||172|||37
scaleClamp|||3|||1592|||216|||37
L|||2|||62|||16|||38
L|||6|||1157|||117|||38
L|||7|||1159|||102|||38
L|||10|||1341|||161|||38
L|||11|||1343|||146|||38
id|||7|||246|||35|||39
==|||10|||282|||42|||39
scale|||6|||299|||42|||39
valid_mask|||3|||347|||36|||39
width|||6|||409|||42|||39
d_input|||5|||484|||36|||39
-=|||9|||634|||39|||39
d_label|||1|||685|||21|||39
h_a|||3|||717|||38|||39
cell|||10|||865|||36|||39
colsB|||10|||979|||38|||39
>=|||12|||1015|||37|||39
q|||8|||1267|||42|||39
--|||7|||1699|||40|||39
X|||1|||66|||11|||40
X|||4|||70|||11|||40
X|||10|||189|||8|||40
reduction|||1|||193|||12|||40
reduction|||3|||196|||13|||40
u_m|||3|||204|||12|||40
rows|||2|||223|||14|||40
L_x|||3|||359|||8|||40
src|||14|||1038|||13|||40
bit4|||6|||1483|||10|||40
;|||4|||2|||6|||41
100|||2|||3|||6|||41
;|||7|||4|||6|||41
tid|||2|||6|||6|||41
tid|||9|||8|||6|||41
[|||13|||13|||6|||41
alpha|||3|||26|||6|||41
+|||6|||59|||6|||41
cpuAddCorrAndCorrection|||1|||61|||1|||41
r|||3|||64|||6|||41
num|||3|||92|||6|||41
tmp|||3|||116|||6|||41
dmul_Scalar_matrix|||1|||118|||1|||41
vector|||3|||152|||6|||41
flags|||1|||193|||5|||41
while|||1|||201|||6|||41
row|||9|||225|||6|||41
2|||2|||234|||6|||41
base|||4|||250|||5|||41
numBlock|||9|||263|||5|||41
==|||13|||288|||6|||41
twod|||4|||317|||3|||41
0.f|||3|||361|||3|||41
dout|||5|||371|||5|||41
bid|||11|||383|||6|||41
DIM|||12|||388|||5|||41
cluster|||13|||400|||6|||41
-1|||7|||436|||5|||41
trans_pos|||8|||498|||2|||41
return|||7|||506|||6|||41
devMatX|||1|||526|||4|||41
key|||1|||583|||5|||41
keyCharPtr|||8|||591|||3|||41
possible_plaintext_str_cuda|||4|||592|||0|||41
80|||2|||597|||5|||41
outPixelOffset|||4|||668|||4|||41
ind_out|||1|||686|||4|||41
Start|||6|||775|||5|||41
channel|||8|||780|||6|||41
cpu_cross_correlate|||1|||783|||1|||41
ps|||14|||792|||5|||41
0.0f|||6|||893|||3|||41
diag|||3|||938|||6|||41
forward_avgpool_layer|||1|||945|||1|||41
colsB|||11|||981|||5|||41
sources_z|||4|||990|||4|||41
307|||4|||1054|||5|||41
numPerbatch|||14|||1065|||4|||41
sgemm_kernelCPU|||1|||1069|||1|||41
log|||3|||1096|||5|||41
image_size|||11|||1133|||4|||41
powf|||3|||1136|||5|||41
image_size|||15|||1139|||4|||41
num|||9|||1147|||4|||41
samplesLength|||5|||1192|||5|||41
minw|||6|||1235|||5|||41
minc|||6|||1239|||5|||41
gpu_img_out_u|||4|||1311|||0|||41
printf|||4|||1323|||6|||41
w1|||13|||1369|||4|||41
h1|||13|||1370|||4|||41
powf|||11|||1449|||5|||41
y2|||13|||1466|||4|||41
||||15|||1483|||5|||41
8|||6|||1484|||5|||41
max_dist|||12|||1496|||4|||41
bt|||1|||1522|||6|||41

elem|||1|||1217|||50|||43
elem|||2|||1217|||54|||43
elem|||3|||1217|||60|||43
elem|||4|||1217|||76|||43
elem|||5|||1217|||87|||43
elem|||7|||1219|||36|||43
elem|||8|||1219|||42|||43
elem|||9|||1219|||58|||43
elem|||13|||1224|||14|||43
elem|||14|||1224|||30|||43
elem|||15|||1224|||41|||43
tx|||2|||231|||6|||44
tx|||10|||233|||6|||44
tx|||12|||234|||4|||44
<<|||3|||1471|||71|||45
<<|||9|||1473|||22|||45
<<|||11|||1473|||56|||45
UE|||1|||883|||17|||46
UE|||2|||884|||61|||46
UE|||3|||886|||46|||46
bid|||6|||380|||46|||47
counts|||5|||384|||45|||47
cluster|||8|||397|||48|||47
cols|||11|||489|||43|||47
trans_pos|||4|||493|||37|||47
cpuReduce|||2|||505|||47|||47
devMatX|||3|||526|||35|||47
3|||9|||625|||48|||47
jj|||4|||653|||46|||47
inv_sub_factor|||2|||686|||31|||47
c1|||7|||754|||41|||47
neighbors|||2|||827|||44|||47
right_columns|||3|||860|||42|||47
print|||2|||908|||43|||47
meshStride|||14|||936|||45|||47
>=|||5|||963|||45|||47
d|||12|||965|||43|||47
host_inputArray1|||3|||1072|||38|||47
beta1|||2|||1251|||40|||47
gpu_img_in_v|||7|||1529|||25|||47
0.25|||1|||1325|||119|||48
0.25|||2|||1325|||166|||48
0.25|||3|||1327|||104|||48
0.25|||4|||1327|||151|||48
0.25|||5|||1329|||89|||48
0.25|||6|||1329|||136|||48
0.25|||8|||1331|||121|||48
[|||3|||4|||1|||49
[|||12|||13|||1|||49
x|||11|||127|||1|||49
perimeter|||3|||532|||66|||50
g|||3|||625|||77|||50
depth_scale|||2|||670|||67|||50
ps|||2|||784|||65|||50
0.21|||4|||795|||72|||50
U|||2|||884|||73|||50
is|||2|||908|||60|||50
w|||3|||946|||75|||50
source_amplitude|||2|||984|||74|||50
10|||9|||1050|||79|||50
host_inputArray3|||7|||1074|||57|||50
out_grad|||4|||1085|||70|||50
K|||13|||1107|||73|||50
minh|||8|||1362|||67|||50
add|||12|||1380|||65|||50
minh|||14|||1554|||67|||50
255|||1|||471|||53|||51
255|||2|||473|||38|||51
255|||5|||1090|||91|||51
255|||6|||1093|||74|||51
255|||7|||1099|||10|||51
255|||8|||1100|||9|||51
255|||9|||1522|||115|||51
255|||10|||1522|||118|||51
255|||11|||1522|||127|||51
255|||12|||1522|||130|||51
255|||13|||1522|||139|||51
255|||14|||1522|||142|||51
255|||15|||1527|||84|||51
spatial|||8|||999|||43|||52
y|||2|||15|||15|||53
{|||10|||18|||15|||53
{|||13|||24|||15|||53
y|||7|||100|||15|||53
scalar|||3|||157|||11|||53
val|||10|||166|||15|||53
inputright|||1|||174|||9|||53
parameter|||1|||197|||8|||53
parameter|||2|||198|||15|||53
4|||2|||284|||15|||53
valid_mask|||4|||349|||11|||53
f_target|||1|||356|||9|||53
colsA|||10|||982|||13|||53
src|||6|||1037|||14|||53
samplesLength|||1|||1181|||12|||53
sampleIndex|||11|||1183|||11|||53
max_dist|||3|||1487|||169|||54
max_dist|||4|||1487|||172|||54
max_dist|||7|||1491|||146|||54
max_dist|||8|||1491|||149|||54
dh|||1|||1592|||190|||54
dh|||2|||1592|||221|||54
dh|||3|||1592|||226|||54
dh|||4|||1594|||175|||54
dh|||5|||1594|||206|||54
dh|||6|||1594|||211|||54
dh|||7|||1596|||160|||54
dh|||8|||1596|||191|||54
dh|||9|||1596|||196|||54
nxprj2|||9|||468|||5|||55
Xsize|||4|||541|||4|||55
Ysize|||5|||542|||6|||55
i2|||12|||788|||6|||55
mask_size|||2|||891|||4|||55
w2|||6|||1362|||6|||55
h2|||11|||1365|||6|||55
ksize|||13|||1409|||5|||55
bt2|||5|||1524|||5|||55
device_output|||2|||373|||18|||56
device_output|||3|||373|||45|||56
device_output|||5|||376|||28|||56
device_output|||7|||378|||20|||56
d_output|||2|||482|||31|||56
tid|||12|||8|||20|||57
+|||1|||15|||24|||57
y|||5|||16|||24|||57
+|||3|||39|||24|||57
b|||3|||40|||24|||57
+=|||7|||57|||24|||57
100|||4|||124|||24|||57
scalar|||1|||154|||15|||57
const|||12|||159|||24|||57
10|||2|||166|||24|||57
pow|||1|||213|||22|||57
-|||14|||215|||18|||57
else|||2|||234|||20|||57
id|||5|||246|||21|||57
heapPtr|||2|||259|||22|||57
un_idx|||4|||269|||16|||57
>|||7|||306|||22|||57
k_x|||4|||357|||14|||57
==|||15|||376|||20|||57
szbeg|||4|||422|||18|||57
dims|||10|||430|||18|||57
delta|||3|||444|||24|||57
scale|||13|||469|||18|||57
width|||15|||473|||24|||57
2|||15|||528|||17|||57
corrValidCount|||4|||572|||21|||57
keyChar|||3|||588|||20|||57
r|||10|||625|||24|||57
indptr|||2|||653|||23|||57
indptr|||9|||678|||23|||57
inv_sub_factor|||4|||689|||15|||57
colorImage|||8|||801|||20|||57
weights|||4|||840|||24|||57
shared_dimensions|||6|||867|||20|||57
LPR|||5|||883|||21|||57
ELEMENT_INDEX|||7|||896|||20|||57
rho|||1|||905|||19|||57
batch|||8|||927|||18|||57
d|||9|||965|||22|||57
h_Src|||5|||968|||21|||57
ns|||10|||988|||22|||57
variance|||1|||994|||22|||57
dim|||10|||1036|||20|||57
G|||5|||1050|||24|||57
batchSize|||7|||1147|||19|||57
d_regularDisparityPitch|||5|||1180|||15|||57
data_i|||1|||1217|||20|||57
data_j|||10|||1226|||18|||57
0.418|||3|||1312|||14|||57
labels|||1|||1384|||16|||57
8|||1|||1471|||21|||57
P|||15|||1494|||24|||57
preW|||12|||1617|||19|||57
r_q|||6|||1343|||71|||58
q_q|||15|||1352|||64|||58
;|||10|||6|||13|||59
alpha|||1|||23|||8|||59
f3|||1|||33|||8|||59
b|||1|||38|||9|||59
ncols|||2|||49|||12|||59
double|||6|||56|||7|||59
X|||3|||69|||13|||59
X|||6|||73|||13|||59
k|||12|||82|||13|||59
long|||2|||94|||8|||59
-|||3|||98|||9|||59
b|||11|||108|||9|||59
m|||1|||113|||8|||59
x|||10|||126|||13|||59
/|||9|||158|||9|||59
WIDTH|||1|||159|||13|||59
output|||3|||177|||13|||59
Y|||3|||181|||13|||59
devSteer|||1|||182|||9|||59
Z|||3|||192|||13|||59
reductionSize|||2|||194|||12|||59
lu|||2|||201|||13|||59
u_m|||4|||205|||11|||59
Y|||9|||244|||13|||59
heapPtr|||1|||258|||9|||59
Y|||12|||267|||13|||59
dims|||4|||281|||9|||59
3000|||2|||284|||13|||59
char|||2|||320|||9|||59
x_average|||1|||337|||5|||59
bid|||3|||380|||13|||59
my|||1|||396|||9|||59
my|||3|||401|||13|||59
score_factors|||4|||438|||11|||59
cnt|||13|||455|||13|||59
dstData|||1|||458|||9|||59
?|||11|||462|||11|||59
filter|||4|||468|||10|||59
unsigned|||15|||481|||7|||59
idy|||15|||494|||10|||59
pos|||8|||498|||7|||59
dstDiff|||1|||499|||9|||59
p|||3|||512|||11|||59
short|||1|||517|||8|||59
curr_decision|||8|||523|||7|||59
compCount|||6|||534|||11|||59
pint|||3|||545|||11|||59
^|||3|||592|||6|||59
vector|||11|||666|||12|||59
clamp_max|||7|||710|||9|||59
LS|||4|||776|||11|||59
cpu_rows_dc_offset_remove_layer_kernel|||1|||777|||1|||59
nnz|||8|||785|||9|||59
nnx|||4|||787|||9|||59
column|||12|||795|||13|||59
shared_dimensions|||1|||859|||7|||59
in|||1|||924|||10|||59
&&|||7|||968|||13|||59
G|||8|||1054|||11|||59
e|||11|||1074|||9|||59
K|||9|||1077|||7|||59
pixelsPerFrame|||2|||1090|||12|||59
K|||11|||1104|||13|||59
width_M|||9|||1112|||11|||59
D|||1|||1127|||13|||59
imag|||13|||1171|||13|||59
dx|||1|||1198|||9|||59
outPixelOffset|||7|||1219|||8|||59
dot|||5|||1249|||13|||59
q|||7|||1263|||13|||59
print|||4|||1323|||11|||59
xq|||6|||1340|||9|||59
5|||5|||1480|||9|||59
6|||5|||1481|||9|||59
gpu_img_in_y|||5|||1527|||7|||59
step|||10|||1622|||13|||59
twod1|||5|||317|||1|||60
Backwardsub|||1|||883|||1|||60
pred|||8|||1123|||3|||60
bit1|||5|||1476|||2|||60
sum|||1|||282|||17|||61
sum|||3|||284|||2|||61
sum|||4|||284|||31|||61
sum|||11|||614|||81|||61
sum|||12|||616|||17|||61
sum|||13|||616|||36|||61
sum|||14|||616|||66|||61
sum|||15|||618|||2|||61
dims|||2|||42|||10|||62
dims|||3|||43|||9|||62
dims|||5|||282|||10|||62
dims|||6|||283|||9|||62
dims|||8|||347|||10|||62
dims|||9|||348|||9|||62
dims|||11|||431|||10|||62
dims|||12|||432|||9|||62
dims|||14|||1057|||10|||62
nz|||1|||983|||33|||63
nz|||2|||984|||63|||63
nz|||4|||990|||29|||63
nz|||5|||992|||5|||63
a|||3|||40|||19|||64
A|||2|||124|||19|||64
u|||14|||201|||19|||64
x_average|||5|||340|||11|||64
delta|||1|||440|||16|||64
diff|||1|||441|||19|||64
ny|||2|||449|||19|||64
ny|||8|||816|||16|||64
binary|||1|||836|||15|||64
ELEMENT_INDEX|||12|||899|||13|||64
filterR|||15|||972|||13|||64
sources_x|||4|||990|||15|||64
beta|||5|||1079|||13|||64
calloc|||1|||1127|||19|||64
1.0e-16|||2|||1135|||13|||64
beta2_tpower|||4|||1259|||13|||64
nnz|||5|||783|||23|||65
nnz|||6|||784|||10|||65
nnz|||7|||784|||42|||65
sources_z|||2|||984|||38|||65
\n|||1|||906|||55|||66
\n|||2|||906|||63|||66
\n|||3|||906|||77|||66
\n|||5|||908|||49|||66
\n|||7|||908|||71|||66
\n|||8|||908|||72|||66
\n|||9|||1314|||145|||66
\n|||14|||1323|||26|||66
\n|||15|||1323|||40|||66
int|||3|||1|||3|||67
int|||8|||9|||3|||67
int|||10|||10|||3|||67
int|||12|||14|||3|||67
int|||13|||15|||3|||67
bid|||8|||380|||67|||68
trans_pos|||2|||489|||59|||68
keyChar|||2|||584|||53|||68
clamp_max|||5|||707|||55|||68
nx|||8|||726|||67|||68
-4.|||1|||817|||67|||68
result|||3|||860|||63|||68
RHO|||2|||906|||57|||68
in|||3|||927|||52|||68
sr|||2|||1157|||68|||68
filtSig|||4|||1224|||60|||68
0.114|||2|||1306|||40|||68
}|||1|||1|||23|||69
}|||10|||18|||26|||69
}|||13|||24|||24|||69
z|||2|||135|||16|||70
C|||1|||144|||13|||70
C|||2|||145|||16|||70
>|||2|||166|||16|||70
C|||5|||448|||13|||70
cnt|||14|||455|||16|||70
maxval|||7|||571|||15|||70
C|||13|||579|||16|||70
c1|||9|||756|||15|||70
h_Filter|||7|||972|||11|||70
wfp|||1|||983|||11|||70
minh|||1|||1231|||10|||70
r|||14|||628|||47|||71
K|||2|||1070|||45|||71
D|||2|||1127|||45|||71
num_points|||2|||1487|||37|||71
data_size|||2|||459|||10|||72
data_size|||5|||500|||10|||72
Ysize|||4|||541|||7|||72
Zsize|||7|||543|||15|||72
array_size|||1|||890|||17|||72
image_size|||5|||1127|||66|||72
image_size|||8|||1130|||10|||72
image_size|||14|||1138|||15|||72
ksize|||1|||1404|||17|||72
ksize|||8|||1405|||81|||72
ksize|||9|||1405|||88|||72
wsize|||1|||1619|||26|||72
wsize|||3|||1622|||22|||72
wsize|||7|||1659|||32|||72
wsize|||11|||1679|||32|||72
wsize|||13|||1696|||26|||72
wsize|||15|||1699|||22|||72
Y|||2|||179|||17|||73
Y|||8|||242|||17|||73
Y|||11|||265|||17|||73
t_id|||7|||53|||29|||74
j|||13|||324|||43|||74
DIM|||7|||384|||40|||74
scale|||11|||466|||34|||74
:|||12|||500|||36|||74
stride|||3|||505|||43|||74
bit_decisions|||2|||518|||26|||74
2|||14|||526|||32|||74
columns|||3|||795|||43|||74
-4.|||2|||821|||39|||74
points|||4|||854|||43|||74
|||||5|||896|||35|||74
ELEMENT_INDEX|||14|||899|||31|||74
debug|||2|||906|||40|||74
"|||3|||908|||40|||74
neighbors|||8|||938|||39|||74
colsA|||2|||975|||40|||74
ib|||3|||988|||39|||74
e|||1|||1070|||39|||74
M|||6|||1107|||39|||74
bands|||2|||1127|||39|||74
data_j|||9|||1224|||35|||74
beta1_tpower|||1|||1250|||30|||74
drho|||5|||1314|||37|||74
This|||4|||1323|||27|||74
boxes_before_nms|||12|||1540|||29|||74
>>|||1|||518|||42|||75
perimeter|||4|||534|||54|||75
0.21|||1|||625|||65|||75
b_grad|||2|||678|||63|||75
LW|||2|||772|||62|||75
ps|||7|||786|||57|||75
0.71|||4|||795|||61|||75
f|||14|||840|||67|||75
cell|||4|||860|||59|||75
col_a|||3|||873|||57|||75
ELEMENT_INDEX|||2|||891|||52|||75
mask|||3|||896|||53|||75
307|||3|||1050|||66|||75
K|||3|||1070|||57|||75
q_i|||14|||1352|||50|||75
0x01|||2|||1471|||52|||75
Q|||8|||1487|||55|||75
anchor|||4|||1592|||65|||75
anchor|||11|||1594|||65|||75
neighbor|||2|||827|||74|||76
neighbor|||3|||829|||27|||76
neighbor|||9|||936|||52|||76
neighbor|||10|||936|||84|||76
neighbor|||11|||938|||37|||76
neighbor|||12|||938|||69|||76
in_image|||2|||471|||46|||77
out_image|||2|||471|||55|||77
in_image|||3|||473|||31|||77
pixels_per_image|||4|||806|||52|||77
pixels_per_image|||6|||807|||9|||77
pixels_per_image|||8|||808|||37|||77
fbase|||2|||1620|||114|||78
fbase|||4|||1620|||183|||78
fbase|||5|||1620|||237|||78
fbase|||6|||1620|||258|||78
fbase|||7|||1620|||312|||78
fbase|||8|||1620|||333|||78
fbase|||9|||1620|||381|||78
fbase|||10|||1620|||402|||78
fbase|||13|||1622|||147|||78
fbase|||14|||1622|||168|||78
fbase|||15|||1622|||222|||78
count|||2|||175|||12|||79
count|||3|||177|||8|||79
count|||4|||397|||8|||79
count|||5|||397|||44|||79
count|||6|||397|||56|||79
count|||10|||402|||10|||79
count|||11|||403|||10|||79
count|||12|||1442|||144|||79
count|||13|||1442|||180|||79
count|||14|||1442|||187|||79
count|||15|||1442|||222|||79
c|||2|||39|||15|||80
/|||15|||205|||13|||80
num_nodes|||2|||246|||13|||80
outArray|||3|||280|||14|||80
input|||11|||298|||11|||80
DIM|||9|||386|||14|||80
C|||7|||453|||15|||80
d_input|||8|||487|||11|||80
?|||14|||503|||13|||80
long|||5|||509|||9|||80
dec_size|||3|||519|||9|||80
devMat|||9|||527|||11|||80
devMat|||11|||528|||10|||80
sizeof|||2|||534|||13|||80
start|||1|||643|||12|||80
1.175494351e-38F|||3|||646|||3|||80
1.175494351e-38F|||4|||647|||3|||80
clamp_min|||8|||712|||11|||80
J|||4|||775|||14|||80
column|||8|||780|||15|||80
Iss|||1|||783|||9|||80
points|||6|||858|||15|||80
UN|||1|||883|||13|||80
J|||8|||887|||14|||80
maximum|||13|||915|||15|||80
in|||4|||934|||11|||80
h_Src|||1|||959|||9|||80
stdvLogNormalFrame|||1|||1089|||9|||80
pixel|||4|||1090|||14|||80
newvalue|||5|||1093|||12|||80
erf|||3|||1097|||7|||80
sample|||7|||1242|||12|||80
occNo|||11|||1320|||12|||80
occNo|||12|||1321|||12|||80
occNo|||13|||1322|||12|||80
--|||10|||1704|||15|||80
firstIndexToGrab|||9|||1471|||149|||81
new_arr|||2|||6|||17|||82
+=|||10|||100|||19|||82
3|||6|||395|||17|||82
l|||1|||850|||19|||82
End|||5|||886|||18|||82
-0.169|||3|||1311|||10|||82
predictBox|||1|||1591|||15|||82
idx|||1|||1|||4|||83
idx|||5|||2|||3|||83
idx|||8|||3|||3|||83
idx|||10|||10|||4|||83
idx|||15|||11|||3|||83
c|||1|||38|||13|||84
c|||6|||55|||13|||84
c|||8|||80|||16|||84
c|||11|||84|||12|||84
c|||12|||85|||16|||84
c|||15|||108|||13|||84
numBlock|||1|||258|||12|||85
numBlock|||2|||259|||10|||85
numBlock|||3|||259|||27|||85
numBlock|||4|||259|||36|||85
numBlock|||7|||261|||21|||85
numBlock|||8|||262|||11|||85
res|||1|||910|||67|||86
res|||2|||910|||86|||86
res|||3|||910|||105|||86
res|||4|||912|||52|||86
res|||5|||912|||71|||86
res|||6|||912|||90|||86
res|||7|||919|||1|||86
res|||8|||921|||1|||86
shift|||1|||1620|||87|||87
shift|||2|||1620|||116|||87
shift|||3|||1620|||129|||87
shift|||4|||1620|||164|||87
shift|||5|||1620|||185|||87
shift|||6|||1620|||200|||87
shift|||7|||1620|||239|||87
shift|||8|||1620|||260|||87
shift|||9|||1620|||275|||87
shift|||10|||1620|||314|||87
shift|||11|||1620|||335|||87
shift|||12|||1620|||348|||87
shift|||13|||1620|||383|||87
shift|||14|||1620|||404|||87
shift|||15|||1622|||72|||87
x0|||3|||817|||69|||88
x0|||11|||821|||53|||88
5.0|||1|||1442|||199|||88
5.0|||2|||1444|||180|||88
bit0|||2|||1471|||177|||88
c_grad|||2|||678|||72|||89
▁|||6|||906|||60|||89
frontJump|||4|||927|||56|||89
spatial|||4|||995|||77|||89
gray|||3|||1048|||78|||89
summ|||1|||1090|||64|||89
data_i|||6|||1219|||52|||89
q_i|||2|||1341|||99|||89
r_i|||3|||1341|||120|||89
q_i|||3|||1341|||122|||89
r_i|||4|||1341|||134|||89
q_i|||4|||1341|||142|||89
q_i|||6|||1343|||84|||89
r_i|||7|||1343|||105|||89
r_i|||8|||1343|||119|||89
q_i|||8|||1343|||127|||89
q_i|||10|||1348|||50|||89
r_i|||12|||1348|||85|||89
q_i|||12|||1348|||93|||89
/|||10|||164|||38|||90
cols|||3|||223|||38|||90
even_inc|||2|||231|||34|||90
Tau|||3|||253|||33|||90
vector|||7|||277|||37|||90
else|||7|||306|||34|||90
twod|||5|||319|||31|||90
j|||12|||324|||38|||90
else|||10|||347|||34|||90
means|||5|||384|||36|||90
src|||3|||407|||38|||90
diff|||2|||441|||38|||90
temp|||5|||473|||36|||90
curr_decision|||1|||518|||24|||90
circ|||5|||534|||34|||90
p|||15|||552|||38|||90
1.175494351e-38F|||2|||644|||14|||90
pitch|||3|||672|||33|||90
s|||5|||695|||36|||90
tmp|||9|||717|||36|||90
LS|||3|||774|||35|||90
column|||6|||779|||38|||90
colorImage|||5|||799|||34|||90
offset|||13|||801|||31|||90
dt|||3|||821|||36|||90
meshStride|||2|||827|||35|||90
meshStride|||6|||829|||33|||90
NJ|||8|||888|||31|||90
array_size|||2|||891|||27|||90
maximum|||8|||912|||38|||90
colsB|||6|||977|||35|||90
z|||10|||1009|||38|||90
0.f|||4|||1070|||34|||90
log|||1|||1090|||34|||90
stdvLogNormalFrame|||4|||1096|||28|||90
sumQ|||11|||1190|||34|||90
powf|||6|||1204|||37|||90
data_j|||1|||1217|||29|||90
f\t|||4|||1323|||23|||90
Lq|||9|||1348|||32|||90
sr|||10|||1352|||29|||90
pad|||3|||1405|||33|||90
--|||3|||1462|||32|||90
pad|||13|||1502|||33|||90
gt|||6|||1527|||24|||90
n|||3|||16|||9|||91
n|||6|||25|||9|||91
n|||9|||76|||9|||91
n|||12|||81|||9|||91
n|||15|||115|||9|||91
tid|||6|||6|||24|||92
return|||3|||49|||26|||92
k|||6|||80|||28|||92
devSteer|||2|||183|||25|||92
/|||13|||201|||26|||92
d_in|||6|||213|||24|||92
d_out|||9|||217|||13|||92
g_data|||5|||234|||22|||92
INCX|||15|||267|||26|||92
twod1|||8|||319|||22|||92
vecY|||5|||345|||25|||92
DIM|||10|||386|||26|||92
srcDiff|||5|||502|||22|||92
devMatX|||12|||529|||19|||92
devMatX|||14|||530|||19|||92
keyIndex|||1|||584|||23|||92
keyCharPtr|||6|||588|||22|||92
cos|||7|||611|||28|||92
3|||7|||625|||28|||92
meanImage|||3|||636|||25|||92
NJ|||1|||771|||23|||92
IJ|||10|||774|||26|||92
i2|||1|||784|||21|||92
i1|||8|||786|||21|||92
image|||7|||808|||20|||92
iN|||15|||832|||22|||92
points|||5|||856|||28|||92
row_a|||1|||872|||16|||92
debug|||1|||905|||23|||92
batchSize|||1|||1056|||21|||92
e|||6|||1072|||24|||92
currentFrame|||1|||1089|||18|||92
sumQ|||1|||1182|||22|||92
filters|||14|||1202|||28|||92
data_i|||9|||1224|||24|||92
INCY|||12|||1249|||26|||92
q|||13|||1269|||28|||92
boxes_out|||2|||1385|||26|||92
0.00304f|||1|||1442|||24|||92
yMid|||3|||1444|||15|||92
gpu_img_in_v|||6|||1528|||14|||92
step|||2|||1620|||28|||92
int|||1|||0|||3|||93
0|||2|||2|||5|||93
100|||3|||4|||5|||93
;|||13|||8|||5|||93
0|||6|||11|||5|||93
*=|||2|||12|||5|||93
,|||5|||14|||5|||93
0|||8|||16|||5|||93
0|||10|||19|||5|||93
*=|||5|||20|||5|||93
scale|||4|||21|||5|||93
0|||12|||25|||5|||93
alpha|||4|||27|||5|||93
0|||14|||30|||5|||93
set_sorting_offset|||1|||48|||1|||93
+|||7|||60|||5|||93
r|||4|||65|||5|||93
a|||10|||83|||5|||93
a|||14|||88|||5|||93
1|||6|||128|||5|||93
A|||8|||148|||5|||93
*=|||13|||304|||5|||93
d_in|||15|||308|||3|||93
x_outer_prod|||3|||340|||1|||93
f_in|||6|||362|||2|||93
compute_new_means|||1|||396|||1|||93
sx|||4|||402|||5|||93
score|||12|||439|||5|||93
fabs|||3|||446|||5|||93
diff|||9|||447|||5|||93
convertEdgeMaskToFloatCpu|||1|||481|||1|||93
devMatX|||6|||527|||3|||93
/=|||11|||548|||4|||93
corrSum|||4|||572|||4|||93
cpu_sgemm|||1|||574|||1|||93
cpu_matrix_mul|||1|||613|||1|||93
3|||10|||628|||5|||93
SparseMatmul_backward|||1|||677|||1|||93
h_M|||6|||748|||2|||93
channel|||1|||778|||5|||93
channel|||9|||781|||5|||93
ps|||15|||793|||5|||93
my_pixel|||11|||807|||3|||93
my_pixel|||14|||808|||3|||93
binarize_weights|||1|||836|||1|||93
weights|||6|||843|||5|||93
res|||10|||923|||5|||93
frontPrune|||4|||933|||3|||93
diag|||4|||939|||5|||93
colsB|||13|||982|||4|||93
1.|||1|||995|||4|||93
pow|||10|||1006|||5|||93
sampleIndex|||1|||1182|||4|||93
W|||3|||1265|||3|||93
imagPart|||11|||1346|||3|||93
dist|||14|||1497|||3|||93
data_col|||12|||1519|||3|||93
bt|||5|||1523|||5|||93
vec1|||10|||1275|||123|||94
forward|||2|||1287|||134|||94
0.418|||2|||1306|||84|||94
q_i|||7|||1343|||107|||94
P|||6|||1487|||126|||94
indices|||5|||658|||3|||95
indices|||10|||683|||3|||95
indices|||15|||1042|||3|||95
height_col|||4|||1407|||1|||95
width_col|||4|||1408|||1|||95
channels_col|||3|||1409|||1|||95
im_col|||9|||1420|||1|||95
height_col|||14|||1504|||1|||95
width_col|||15|||1505|||1|||95
channels_col|||7|||1506|||1|||95
channels_col|||2|||1405|||59|||96
height_col|||2|||1405|||100|||96
width_col|||2|||1405|||114|||96
im_col|||1|||1405|||130|||96
width_col|||3|||1405|||149|||96
data_col|||2|||1405|||153|||96
im_col|||2|||1405|||170|||96
width_col|||5|||1411|||50|||96
height_col|||6|||1411|||80|||96
width_col|||6|||1411|||85|||96
data_col|||3|||1411|||89|||96
im_col|||4|||1411|||106|||96
width_col|||8|||1416|||44|||96
im_col|||8|||1418|||51|||96
channels_col|||6|||1502|||59|||96
height_col|||12|||1502|||100|||96
width_col|||13|||1502|||114|||96
im_col|||11|||1502|||130|||96
width_col|||14|||1502|||149|||96
im_col|||12|||1502|||173|||96
im_col|||14|||1508|||109|||96
add|||8|||1362|||221|||97
boxes_for_nms|||9|||1538|||195|||97
preCy|||1|||1592|||241|||97
add_100|||1|||0|||1|||98
]|||3|||4|||3|||98
;|||8|||6|||3|||98
]|||12|||13|||3|||98
i|||7|||16|||3|||98
scale_host|||1|||17|||1|||98
memsetCpuInt|||1|||28|||1|||98
t_id|||8|||54|||1|||98
u|||6|||63|||3|||98
u|||9|||64|||3|||98
host_add|||1|||79|||1|||98
A|||4|||127|||3|||98
y|||15|||161|||3|||98
host_add|||2|||207|||1|||98
fill_matrix|||1|||222|||1|||98
row|||13|||228|||3|||98
tx|||15|||235|||3|||98
Tau|||8|||257|||2|||98
un_idx|||7|||270|||1|||98
input|||9|||287|||3|||98
valid_mask|||6|||351|||1|||98
valid_mask|||8|||354|||1|||98
copy_swap|||1|||356|||1|||98
tempval|||4|||360|||2|||98
sum_backward|||1|||365|||1|||98
device_output|||4|||376|||1|||98
cluster|||15|||401|||3|||98
InitCCL|||1|||408|||1|||98
LreluForward|||1|||458|||1|||98
d_output|||4|||486|||1|||98
idy|||7|||491|||2|||98
idy|||13|||494|||2|||98
curr_decision|||7|||522|||1|||98
copyAliasRow|||1|||525|||1|||98
long|||10|||575|||3|||98
long|||14|||577|||3|||98
keyIndex|||3|||588|||2|||98
dia|||7|||598|||2|||98
globalCalculateKernel|||1|||604|||1|||98
start|||3|||645|||3|||98
jj|||11|||656|||3|||98
matrix|||4|||666|||3|||98
ind_in|||7|||689|||1|||98
Pvalue|||1|||739|||2|||98
IJ|||9|||774|||2|||98
sp|||5|||790|||3|||98
neighbors|||5|||833|||3|||98
l|||11|||853|||3|||98
matrix_mult|||1|||859|||1|||98
neighbors|||10|||942|||3|||98
ib|||8|||993|||2|||98
src|||12|||1038|||3|||98
G|||7|||1052|||3|||98
numPerbatch|||9|||1060|||1|||98
CDFfunction|||1|||1089|||1|||98
newvalue|||4|||1093|||2|||98
M|||9|||1113|||3|||98
normalize_img|||1|||1126|||1|||98
xi|||4|||1164|||3|||98
xq|||5|||1166|||2|||98
runFilterCpu|||1|||1181|||1|||98
filter|||15|||1194|||2|||98
distanceMatCalc|||1|||1216|||1|||98
minw|||7|||1236|||2|||98
minh|||7|||1238|||2|||98
eps|||1|||1251|||3|||98
m_hat|||5|||1258|||1|||98
v_hat|||5|||1259|||1|||98
uSum|||4|||1343|||2|||98
inputScore|||8|||1429|||2|||98
cx|||8|||1457|||3|||98
256|||3|||1460|||3|||98
x2|||13|||1466|||2|||98
bit2|||5|||1477|||2|||98
bit3|||5|||1478|||2|||98
bit6|||5|||1481|||2|||98
bit7|||5|||1482|||2|||98
max_dist|||5|||1489|||1|||98
max_dist|||6|||1491|||1|||98
max_dist|||13|||1497|||1|||98
anchorW|||9|||1596|||2|||98
]|||13|||13|||8|||99
+=|||9|||60|||8|||99
rows|||3|||225|||8|||99
width|||7|||412|||8|||99
width|||9|||415|||8|||99
ny|||3|||452|||8|||99
rows|||11|||497|||6|||99
ny|||7|||731|||8|||99
columns|||4|||798|||8|||99
rows|||15|||800|||8|||99
columns|||7|||802|||8|||99
ny|||10|||820|||8|||99
meshStride|||11|||833|||7|||99
elem|||12|||1224|||8|||99
gpu_img_in_r|||4|||1307|||2|||99
:|||4|||194|||32|||100
A|||10|||223|||34|||100
>|||4|||253|||30|||100
:|||7|||444|||34|||100
d_disparity|||3|||672|||29|||100
MeanLogNormalFrame|||3|||1093|||28|||100
delta|||7|||1121|||34|||100
snrValue|||2|||569|||45|||101
snrValue|||3|||571|||30|||101
areaRes|||1|||531|||11|||102
areaRes|||2|||532|||54|||102
areaRes|||3|||534|||47|||102
areaRes|||4|||537|||14|||102
areaRes|||5|||538|||13|||102
b|||6|||55|||23|||103
output|||8|||319|||27|||103
counts|||7|||386|||31|||103
nx|||2|||449|||33|||103
srcData|||3|||459|||28|||103
trans_pos|||3|||493|||27|||103
?|||12|||500|||29|||103
2|||8|||518|||21|||103
N_mobil|||4|||593|||17|||103
|||||1|||594|||29|||103
images|||2|||634|||31|||103
max_vd|||5|||649|||24|||103
RES|||13|||776|||28|||103
0.71|||6|||801|||27|||103
0.21|||7|||803|||24|||103
meshStride|||1|||826|||24|||103
neighbors|||3|||829|||29|||103
col_a|||1|||872|||19|||103
col_a|||7|||877|||27|||103
filterR|||1|||959|||22|||103
>=|||6|||965|||31|||103
sources_x|||3|||988|||29|||103
newvalue|||2|||1090|||29|||103
batchSize|||5|||1144|||25|||103
outPixelOffset|||6|||1217|||26|||103
q_i|||1|||1341|||26|||103
xMid|||1|||1442|||28|||103
gpu_img_in_u|||1|||1521|||14|||103
:|||6|||441|||51|||104
devMat|||13|||528|||36|||104
variance|||4|||995|||109|||104
variance|||6|||999|||51|||104
0.0f|||9|||1177|||31|||104
matDiagAddInplace_cpu|||1|||56|||1|||105
mult_add_into_cpu|||1|||189|||1|||105
set_valid_mask_cpu|||1|||346|||1|||105
matPerRowDivInplace_cpu|||1|||389|||1|||105
envejecer_kernel_cpu|||1|||593|||1|||105
mxm_1d_cpu|||1|||692|||1|||105
softmax_x_ent_cpu|||1|||1117|||1|||105
get_before_nms_data_cpu|||1|||1384|||1|||105
get_boxes_for_nms_cpu|||1|||1537|||1|||105
dist|||1|||1487|||2|||106
dist|||13|||1496|||2|||106
anchorH|||13|||1598|||1|||106
preH|||10|||1614|||1|||106
predictBox|||2|||1592|||263|||107
predictBox|||3|||1592|||282|||107
predictBox|||4|||1592|||303|||107
predictBox|||5|||1592|||324|||107
predictBox|||6|||1594|||248|||107
predictBox|||7|||1594|||267|||107
predictBox|||8|||1594|||288|||107
predictBox|||9|||1594|||309|||107
predictBox|||10|||1596|||233|||107
predictBox|||11|||1596|||252|||107
predictBox|||12|||1596|||273|||107
predictBox|||13|||1596|||294|||107
circ|||6|||534|||67|||108
cos|||3|||605|||82|||108
image|||9|||808|||58|||108
left|||2|||860|||72|||108
indexInBatch|||4|||927|||58|||108
spatial|||5|||995|||81|||108
dst|||5|||1037|||73|||108
307|||2|||1048|||81|||108
numPerbatch|||8|||1059|||68|||108
summ|||4|||1093|||60|||108
filter|||10|||1184|||71|||108
0.5|||11|||1277|||74|||108
gpu_img_out_u|||3|||1306|||45|||108
0.25|||7|||1331|||74|||108
xMid|||4|||1444|||55|||108
anchor|||5|||1592|||80|||108
float|||1|||14|||6|||109
float|||4|||17|||7|||109
float|||10|||52|||7|||109
float|||11|||52|||11|||109
float|||12|||61|||3|||109
float|||13|||61|||7|||109
float|||14|||66|||6|||109
float|||15|||66|||9|||109
myId|||11|||172|||10|||110
N_mobil|||1|||252|||5|||110
un_idx|||2|||269|||8|||110
score_factors|||5|||439|||10|||110
compCount|||8|||535|||10|||110
f|||3|||837|||12|||110
boxes|||10|||1397|||10|||110
frames|||1|||1441|||9|||110
max_vd|||2|||644|||50|||111
fmax|||2|||704|||69|||111
ELEMENT_INDEX|||3|||891|||64|||111
This|||1|||906|||64|||111
h_Src|||2|||960|||76|||111
featureSize|||7|||1150|||67|||111
diff|||10|||1217|||65|||111
drho|||8|||1314|||72|||111
data_im|||4|||1416|||55|||111
firstIndexToGrab|||4|||1471|||64|||111
bit3|||3|||1473|||61|||111
fabs|||1|||441|||36|||112
fabs|||4|||837|||41|||112
dec_index|||10|||520|||13|||113
bit_index|||6|||520|||33|||113
bit_index|||7|||521|||1|||113
in_index|||3|||949|||48|||113
out_index|||13|||952|||1|||113
out_index|||15|||955|||20|||113
in_index|||9|||956|||1|||113
add_index|||5|||1243|||1|||113
col_index|||8|||1418|||36|||113
col_index|||9|||1421|||1|||113
sumI|||1|||1182|||20|||114
filtered_I|||2|||1182|||98|||114
filtered_I|||3|||1184|||83|||114
sumI|||9|||1186|||1|||114
sumI|||10|||1187|||0|||114
sumI|||11|||1190|||22|||114
sumI|||12|||1193|||1|||114
sumI|||13|||1194|||0|||114
filtered_I|||4|||1196|||0|||114
destination|||3|||152|||1|||115
stride|||5|||507|||1|||115
grayImage|||5|||804|||0|||115
out|||8|||829|||1|||115
ib|||7|||992|||1|||115
imag|||9|||1161|||1|||115
sumQ|||10|||1188|||0|||115
sumQ|||13|||1195|||0|||115
]|||7|||8|||21|||116
]|||9|||10|||24|||116
c|||5|||53|||17|||116
pn|||1|||509|||18|||116
pupacion|||3|||597|||19|||116
3|||12|||628|||25|||116
sizeof|||4|||1127|||23|||116
0.331|||3|||1311|||14|||116
tx|||7|||231|||41|||117
tx|||13|||234|||14|||117
tx|||3|||231|||10|||118
tx|||4|||231|||14|||118
tx|||5|||231|||21|||118
tx|||6|||231|||31|||118
tx|||11|||233|||10|||118
g_data|||4|||234|||12|||119
unsigned|||7|||245|||11|||119
numBlock|||6|||261|||12|||119
sxbeg|||1|||418|||8|||119
char|||11|||481|||8|||119
idy|||10|||493|||11|||119
estado|||1|||593|||5|||119
3|||11|||628|||14|||119
max_vd|||8|||651|||9|||119
image|||1|||805|||8|||119
grad|||2|||1008|||10|||119
grad|||9|||1022|||10|||119
<=|||9|||1189|||12|||119
patchSize|||15|||1224|||12|||119
channels|||1|||1404|||8|||119
channels|||9|||1501|||8|||119
temp_diff|||4|||1657|||152|||120
filters_diff|||6|||1657|||216|||120
temp_diff|||6|||1657|||225|||120
temp_diff|||9|||1657|||333|||120
temp_diff|||11|||1659|||76|||120
temp_diff|||13|||1659|||137|||120
k|||8|||81|||7|||121
k|||14|||83|||7|||121
cols|||15|||496|||6|||121
f|||15|||843|||7|||121
sample|||6|||1242|||5|||121
unsigned|||2|||150|||3|||122
unsigned|||4|||169|||3|||122
unsigned|||5|||213|||3|||122
unsigned|||12|||320|||13|||122
unsigned|||13|||321|||23|||122
+=|||2|||3|||5|||123
+=|||5|||26|||5|||123
+=|||14|||107|||4|||123
trans_pos|||1|||489|||49|||124
ind_out|||12|||688|||31|||124
Pvalue|||3|||739|||53|||124
channel|||4|||778|||56|||124
mean|||10|||837|||56|||124
ns|||4|||983|||45|||124
ib|||4|||988|||51|||124
pow|||7|||999|||56|||124
t|||3|||1118|||56|||124
xi|||2|||1157|||54|||124
data_i|||2|||1217|||42|||124
boxes_out|||4|||1385|||48|||124
1.402|||1|||1522|||43|||124
;|||5|||2|||10|||125
sum|||6|||287|||11|||125
my_pixel|||12|||807|||7|||125
pred|||3|||444|||9|||126
RHO|||3|||906|||74|||127
z|||12|||1009|||96|||127
coef|||2|||1037|||108|||127
in|||7|||1039|||93|||127
604|||1|||1046|||100|||127
coef|||10|||1081|||108|||127
coef|||12|||1083|||91|||127
beta2_tpower|||3|||1254|||78|||127
dpsi|||3|||1314|||89|||127
gpu_img_in_u|||2|||1522|||69|||127
circ|||3|||532|||74|||128
maxvd|||3|||644|||54|||128
nx|||10|||726|||86|||128
ps|||3|||784|||74|||128
cell|||5|||860|||78|||128
▁|||8|||906|||67|||128
batchInJump|||2|||925|||69|||128
weight|||10|||936|||80|||128
dst|||6|||1037|||80|||128
max_coordinate|||3|||1059|||74|||128
host_inputArray3|||2|||1070|||72|||128
beta|||3|||1072|||70|||128
currentFrame|||6|||1093|||65|||128
imag|||6|||1159|||87|||128
data_i|||3|||1217|||70|||128
v|||7|||1254|||70|||128
0x01|||3|||1471|||69|||128
P|||11|||1491|||83|||128
top_data|||12|||1622|||86|||128
z|||1|||134|||16|||129
ps|||1|||784|||45|||130
uidx|||3|||1011|||55|||130
uidx|||14|||1025|||55|||130
data_j|||2|||1217|||44|||130
data_j|||3|||1217|||81|||130
0.0|||12|||664|||3|||131
1.0|||7|||1043|||3|||131
1.0|||11|||1087|||3|||131
cpuSimpleCorrelator|||1|||1156|||1|||131
host_inputArray2|||6|||1078|||11|||132
rt2|||11|||1534|||13|||132
bt2|||11|||1535|||13|||132
gt2|||11|||1536|||13|||132
buf|||1|||113|||5|||133
buf|||2|||114|||16|||133
buf|||5|||909|||10|||133
buf|||6|||910|||100|||133
float|||3|||17|||3|||134
float|||8|||41|||3|||134
float|||9|||52|||3|||134
saxpy_serial|||1|||99|||1|||134
vector|||4|||153|||5|||134
sy|||4|||403|||5|||134
pn|||8|||515|||5|||134
memWidth|||6|||528|||3|||134
ind_out|||7|||687|||3|||134
gather_points_kernel|||1|||849|||1|||134
sources_z|||5|||991|||3|||134
>=|||13|||1019|||5|||134
M|||4|||1104|||5|||134
!=|||3|||1223|||3|||134
rgb2yuv_kernel|||1|||1301|||1|||134
bit7|||6|||1483|||4|||134
start|||6|||1490|||5|||134
scaleClamp|||14|||1605|||4|||134
for|||2|||2|||0|||135
for|||4|||8|||0|||135
for|||6|||11|||0|||135
for|||8|||16|||0|||135
for|||10|||19|||0|||135
for|||12|||25|||0|||135
for|||14|||30|||0|||135
value|||5|||118|||8|||136
value|||9|||149|||12|||136
size|||3|||8|||8|||137
size|||12|||105|||8|||137
idy|||1|||489|||7|||137
idy|||14|||494|||6|||137
sin|||5|||611|||8|||137
calloc|||2|||1130|||8|||137
cx|||10|||1466|||6|||137
vec_out|||1|||94|||5|||138
vec_out|||4|||95|||26|||138
vec_out|||6|||97|||6|||138
vec_out|||7|||97|||11|||138
vec_out|||10|||98|||10|||138
d_out|||5|||212|||9|||138
d_out|||6|||213|||17|||138
g_out|||3|||294|||16|||138
d_out|||13|||305|||9|||138
d_out|||15|||306|||36|||138
dout|||1|||365|||9|||138
dout|||3|||368|||21|||138
mat_out|||1|||488|||9|||138
mat_out|||2|||489|||57|||138
mat_out|||3|||493|||35|||138
mat_out|||4|||495|||21|||138
ind_out|||2|||686|||8|||138
n_out|||2|||686|||10|||138
ind_out|||3|||686|||12|||138
ind_out|||4|||686|||28|||138
n_out|||3|||687|||9|||138
ind_out|||9|||687|||11|||138
ind_out|||11|||688|||21|||138
ind_out|||13|||689|||12|||138
H_out|||1|||1262|||17|||138
W_out|||2|||1262|||81|||138
H_out|||4|||1266|||34|||138
scores_out|||1|||1384|||29|||138
boxes_out|||3|||1385|||37|||138
scores_out|||2|||1385|||70|||138
boxes_out|||7|||1385|||105|||138
labels_out|||3|||1385|||169|||138
boxes_out|||10|||1387|||11|||138
boxes_out|||11|||1387|||22|||138
boxes_out|||12|||1387|||33|||138
scores_out|||4|||1387|||55|||138
boxes_out|||14|||1387|||72|||138
labels_out|||5|||1387|||154|||138
labels_out|||6|||1389|||52|||138
labels_out|||8|||1397|||83|||138
}|||2|||1|||24|||139
y|||3|||15|||25|||139
b|||2|||39|||25|||139
alpha|||6|||57|||25|||139
+|||8|||80|||25|||139
vec_out|||3|||95|||21|||139
+|||11|||109|||25|||139
/|||1|||114|||25|||139
-|||4|||130|||25|||139
+|||14|||135|||25|||139
d_in|||2|||155|||21|||139
X|||8|||179|||24|||139
?|||5|||196|||23|||139
==|||4|||231|||25|||139
X|||14|||242|||24|||139
pow|||4|||265|||24|||139
un_idx|||13|||273|||13|||139
j|||8|||277|||25|||139
scale|||5|||298|||21|||139
char|||4|||321|||24|||139
score_thr|||2|||347|||23|||139
r|||6|||366|||25|||139
means|||4|||384|||24|||139
labelList|||3|||413|||24|||139
szbeg|||3|||421|||19|||139
-1|||1|||431|||24|||139
output|||13|||433|||23|||139
B|||11|||453|||25|||139
srcData|||2|||459|||21|||139
scale|||9|||463|||18|||139
scale|||12|||468|||19|||139
255|||3|||475|||23|||139
cols|||9|||488|||17|||139
cols|||13|||493|||21|||139
:|||14|||503|||20|||139
pcountinner|||5|||512|||21|||139
Xsize|||8|||543|||20|||139
100|||9|||560|||24|||139
100|||11|||561|||25|||139
corrValidCount|||3|||571|||22|||139
possible_plaintext_str_cuda|||1|||583|||14|||139
vector|||8|||660|||19|||139
b_grad|||4|||682|||23|||139
d_ind|||1|||685|||10|||139
inv_sub_factor|||3|||688|||16|||139
cotans|||1|||826|||17|||139
meshStride|||10|||832|||20|||139
ELEMENT_INDEX|||13|||899|||17|||139
psi|||4|||908|||22|||139
inputLength|||1|||924|||19|||139
imageW|||1|||959|||16|||139
colsB|||14|||982|||22|||139
depth|||6|||1011|||25|||139
depth|||11|||1025|||25|||139
in|||9|||1044|||25|||139
dims|||13|||1056|||18|||139
host_inputArray3|||9|||1079|||15|||139
minh|||5|||1234|||21|||139
beta2|||7|||1257|||19|||139
0.587|||3|||1310|||14|||139
\n|||13|||1323|||17|||139
r_i|||1|||1341|||22|||139
minh|||11|||1374|||23|||139
minw|||12|||1376|||23|||139
channels|||8|||1422|||13|||139
batchSize|||10|||1424|||25|||139
boxes_before_nms|||11|||1540|||16|||139
batchSize|||14|||1592|||25|||139
RES|||6|||774|||24|||140
RES|||14|||883|||9|||140
firstIndexToGrab|||5|||1471|||81|||141
firstIndexToGrab|||7|||1471|||115|||141
firstIndexToGrab|||8|||1471|||132|||141
firstIndexToGrab|||12|||1473|||32|||141
firstIndexToGrab|||13|||1473|||49|||141
firstIndexToGrab|||14|||1473|||66|||141
firstIndexToGrab|||15|||1473|||83|||141
output|||6|||316|||38|||142
>|||13|||441|||47|||142
filter|||2|||464|||40|||142
pcountinner|||3|||510|||40|||142
dec_index|||5|||518|||28|||142
devMatX|||9|||528|||33|||142
cos|||12|||612|||47|||142
0.0|||3|||636|||41|||142
n_out|||1|||685|||24|||142
fmax|||1|||704|||41|||142
RES|||3|||772|||45|||142
gp|||3|||786|||38|||142
0.71|||5|||799|||41|||142
0.21|||6|||801|||38|||142
▁|||11|||908|||42|||142
indexOutBatch|||1|||925|||38|||142
outputlength|||9|||927|||34|||142
d|||6|||963|||44|||142
nz|||3|||988|||43|||142
source_amplitude|||4|||990|||40|||142
dst|||14|||1041|||40|||142
beta|||1|||1069|||30|||142
e|||2|||1070|||43|||142
realPart|||7|||1343|||35|||142
si|||10|||1352|||36|||142
labels_out|||1|||1384|||33|||142
yMid|||1|||1442|||34|||142
cluster|||9|||397|||53|||143
image|||3|||806|||35|||143
meshStride|||3|||827|||48|||143
imag|||10|||1164|||51|||143
sample|||10|||1362|||45|||143
height_col|||8|||1416|||39|||143
data_col|||11|||1515|||37|||143
my_pixel|||3|||806|||12|||144
my_pixel|||5|||806|||31|||144
my_pixel|||6|||806|||37|||144
my_pixel|||7|||806|||50|||144
my_pixel|||8|||806|||56|||144
my_pixel|||9|||806|||69|||144
my_pixel|||10|||806|||75|||144
my_pixel|||15|||808|||16|||144
im2col_get_pixel|||1|||1405|||158|||144
im2col_get_pixel|||2|||1411|||94|||144
im2col_get_pixel|||3|||1416|||53|||144
im2col_get_pixel|||5|||1422|||5|||144
col2im_add_pixel|||1|||1502|||161|||144
col2im_add_pixel|||2|||1508|||97|||144
col2im_add_pixel|||3|||1513|||56|||144
col2im_add_pixel|||4|||1515|||42|||144
imageH|||2|||960|||16|||145
imageH|||3|||960|||71|||145
imageH|||4|||962|||8|||145
imageH|||5|||963|||50|||145
imageH|||6|||965|||36|||145
imageH|||7|||968|||16|||145
imageH|||8|||970|||8|||145
anchorH|||1|||1592|||63|||145
anchorH|||2|||1592|||135|||145
anchorH|||3|||1592|||245|||145
preH|||1|||1592|||257|||145
anchorH|||4|||1592|||259|||145
preH|||2|||1592|||301|||145
preH|||3|||1592|||343|||145
anchorH|||5|||1594|||48|||145
anchorH|||6|||1594|||120|||145
anchorH|||7|||1594|||230|||145
preH|||4|||1594|||242|||145
anchorH|||8|||1594|||244|||145
preH|||5|||1594|||286|||145
preH|||6|||1594|||328|||145
anchorH|||10|||1596|||105|||145
anchorH|||11|||1596|||215|||145
preH|||7|||1596|||227|||145
anchorH|||12|||1596|||229|||145
preH|||8|||1596|||271|||145
preH|||9|||1596|||313|||145
anchorH|||14|||1600|||20|||145
preH|||11|||1616|||19|||145
preH|||12|||1618|||19|||145
tid|||7|||7|||1|||146
buf|||3|||116|||1|||146
z|||3|||137|||1|||146
z|||7|||172|||1|||146
devSpeed|||4|||187|||0|||146
lu|||3|||204|||1|||146
row|||7|||224|||1|||146
unsigned|||8|||246|||1|||146
prB|||4|||251|||0|||146
bid|||9|||381|||1|||146
cluster|||10|||398|||1|||146
mx|||3|||401|||1|||146
IND|||10|||477|||1|||146
dstDiff|||4|||503|||0|||146
pint|||5|||548|||0|||146
edad|||13|||603|||0|||146
r|||13|||628|||1|||146
images|||8|||638|||1|||146
images|||13|||641|||1|||146
tmp|||14|||720|||1|||146
tmp|||15|||722|||1|||146
Pvalue|||12|||745|||0|||146
Pvalue|||14|||748|||0|||146
pg|||7|||791|||1|||146
weight|||7|||834|||1|||146
rho|||5|||907|||1|||146
maximum|||11|||913|||1|||146
maximum|||15|||917|||1|||146
weight|||15|||943|||1|||146
wfp|||5|||993|||0|||146
coef|||7|||1043|||1|||146
coef|||15|||1087|||1|||146
newvalue|||8|||1096|||0|||146
mul|||1|||1104|||1|||146
t|||7|||1122|||1|||146
D|||8|||1132|||1|||146
D|||10|||1135|||1|||146
real|||9|||1160|||1|||146
sample|||14|||1364|||1|||146
outputScore|||9|||1431|||0|||146
outputScore|||11|||1437|||0|||146
--|||4|||1467|||1|||146
dx|||13|||1601|||1|||146
dh|||10|||1604|||1|||146
dh|||12|||1609|||1|||146
]|||5|||6|||25|||147
output|||10|||431|||28|||147
neighbors|||1|||826|||21|||147
)|||1|||0|||9|||148
)|||6|||8|||12|||148
transposed|||1|||275|||9|||148
v_hat|||6|||1260|||8|||148
top_data|||2|||1620|||101|||149
top_data|||4|||1620|||170|||149
top_data|||5|||1620|||224|||149
top_data|||7|||1620|||299|||149
top_data|||9|||1620|||368|||149
top_data|||10|||1620|||389|||149
top_data|||11|||1620|||407|||149
bottom_data|||5|||1657|||307|||149
bottom_data|||6|||1657|||372|||149
bottom_data|||9|||1659|||219|||149
bottom_data|||10|||1659|||292|||149
bottom_data|||11|||1659|||357|||149
min|||1|||482|||40|||150
result|||2|||860|||38|||150
batchOutJump|||3|||927|||30|||150
ib|||6|||990|||37|||150
long|||9|||574|||15|||151
long|||11|||575|||18|||151
long|||12|||575|||33|||151
long|||15|||577|||18|||151
the|||3|||1314|||159|||151
array|||1|||9|||5|||152
array|||2|||10|||16|||152
array|||3|||10|||21|||152
array|||5|||12|||6|||152
array|||7|||13|||5|||152
array|||8|||17|||5|||152
array|||9|||18|||16|||152
array|||12|||74|||5|||152
array|||13|||75|||16|||152
array|||14|||75|||21|||152
[|||5|||6|||23|||153
2.3|||2|||215|||19|||153
c_grad|||5|||684|||23|||153
npml|||8|||783|||20|||153
sqrt|||3|||1096|||23|||153
log|||5|||1121|||27|||153
-|||13|||213|||34|||154
col|||5|||223|||40|||154
/=|||5|||390|||40|||154
corrValidCount|||2|||569|||37|||154
maxvd|||5|||649|||28|||154
neighbor|||6|||832|||34|||154
shared_dimensions|||4|||865|||34|||154
neighbor|||14|||941|||34|||154
sources_x|||1|||983|||29|||154
wfp|||4|||990|||35|||154
t|||2|||1118|||40|||154
xi|||3|||1159|||39|||154
data_j|||5|||1219|||26|||154
minh|||3|||1232|||36|||154
v|||6|||1254|||34|||154
minw|||11|||1374|||37|||154
,|||4|||9|||6|||155
scale|||3|||20|||6|||155
val|||3|||31|||6|||155
long|||1|||94|||3|||155
A|||7|||147|||6|||155
val|||14|||168|||6|||155
col|||12|||227|||6|||155
col|||15|||229|||6|||155
id|||10|||248|||6|||155
N_mobil|||3|||254|||3|||155
un_idx|||14|||274|||2|||155
scale|||8|||304|||6|||155
>|||12|||350|||6|||155
sx|||3|||401|||6|||155
>|||15|||447|||6|||155
pn|||6|||514|||6|||155
ObjFeatures_circularity|||1|||531|||2|||155
long|||6|||541|||3|||155
/=|||10|||547|||5|||155
maxval|||12|||573|||5|||155
N_mobil|||6|||595|||3|||155
|||||3|||598|||5|||155
indptr|||6|||656|||5|||155
jj|||14|||657|||6|||155
indptr|||13|||681|||5|||155
h_M|||5|||747|||3|||155
f|||10|||839|||6|||155
right_columns|||14|||868|||4|||155
U|||7|||889|||5|||155
outputlength|||10|||928|||5|||155
/=|||15|||958|||4|||155
filters|||7|||1004|||6|||155
t|||8|||1124|||6|||155
gpu_img_out_y|||4|||1310|||0|||155
gpu_img_out_v|||4|||1312|||0|||155
gpu_img_out_g|||4|||1536|||0|||155
output|||1|||174|||13|||156
inputleft|||3|||177|||18|||156
cols|||5|||226|||19|||156
:|||11|||462|||16|||156
key|||3|||588|||16|||156
start|||5|||1487|||14|||156
w|||11|||954|||10|||157
w|||12|||955|||8|||157
channels_col|||4|||1410|||8|||157
height_col|||7|||1415|||8|||157
width_col|||9|||1417|||8|||157
height_col|||10|||1421|||6|||157
channels_col|||8|||1507|||8|||157
ALPHA|||2|||67|||24|||158
ALPHA|||5|||71|||24|||158
value|||2|||85|||26|||158
value|||6|||119|||26|||158
y|||10|||135|||26|||158
u_m|||2|||201|||24|||158
un_idx|||11|||272|||14|||158
indices|||1|||652|||21|||158
image|||2|||806|||16|||158
M|||7|||1109|||24|||158
forward|||1|||1286|||23|||158
?|||15|||670|||62|||159
tmp|||10|||717|||66|||159
Pvalue|||8|||742|||65|||159
c2|||3|||752|||65|||159
grayImage|||3|||799|||63|||159
binary|||2|||837|||74|||159
right_columns|||9|||865|||62|||159
▁|||5|||906|||58|||159
-=|||14|||938|||64|||159
colsB|||4|||975|||68|||159
wfp|||2|||984|||69|||159
src|||10|||1037|||66|||159
G|||6|||1050|||72|||159
I|||3|||1184|||64|||159
r_i|||6|||1343|||58|||159
gt|||2|||1522|||55|||159
--|||6|||1697|||72|||159
boxes|||2|||1385|||96|||160
boxes|||3|||1385|||114|||160
boxes|||4|||1385|||132|||160
boxes|||5|||1385|||150|||160
boxes|||6|||1387|||81|||160
boxes|||7|||1387|||99|||160
boxes|||8|||1387|||117|||160
boxes|||9|||1387|||135|||160
boxes|||11|||1397|||28|||160
boxes|||13|||1397|||64|||160
4.0|||1|||532|||47|||161
x0|||13|||821|||67|||161
2.0|||6|||1462|||15|||161
5.0|||3|||1468|||15|||161
h_b|||4|||719|||32|||162
h_b|||6|||723|||11|||162
col_b|||1|||872|||22|||162
col_b|||11|||880|||16|||162
col_b|||12|||881|||15|||162
tid|||1|||6|||2|||163
tid|||8|||8|||2|||163
index|||9|||32|||2|||163
k|||13|||83|||2|||163
devSteer|||4|||188|||0|||163
squareSerial|||1|||212|||1|||163
g_data|||7|||237|||0|||163
g_data|||9|||240|||0|||163
input|||10|||288|||2|||163
incKernel|||1|||291|||1|||163
tempval|||7|||361|||1|||163
count|||7|||399|||2|||163
addMatrix|||1|||423|||1|||163
pos|||7|||496|||2|||163
long|||13|||576|||2|||163
kernelXor|||1|||583|||1|||163
edad|||12|||602|||1|||163
h_P|||5|||749|||0|||163
neighbor|||5|||832|||2|||163
frontJump|||5|||933|||1|||163
neighbor|||13|||941|||2|||163
pixel|||1|||1090|||2|||163
pixel|||12|||1092|||2|||163
D|||7|||1130|||2|||163
sr|||5|||1167|||2|||163
drho|||2|||1314|||1|||163
realPart|||11|||1346|||1|||163
realPart|||12|||1348|||1|||163
anchorCy|||7|||1600|||1|||163
preCy|||10|||1612|||1|||163
step|||9|||1622|||2|||163
totalPixels|||1|||660|||5|||164
totalPixels|||3|||661|||44|||164
totalPixels|||7|||666|||7|||164
totalPixels|||9|||1216|||5|||164
totalPixels|||15|||1219|||15|||164
get_ev|||1|||5|||1|||165
index|||5|||30|||3|||165
index|||8|||31|||3|||165
==|||3|||45|||3|||165
countRangesGlobal|||1|||123|||1|||165
add_arrays|||1|||134|||1|||165
index|||15|||165|||3|||165
==|||9|||262|||3|||165
rand|||3|||302|||3|||165
score|||3|||349|||3|||165
k_x|||9|||358|||1|||165
is_repeat|||1|||372|||1|||165
counts|||6|||386|||3|||165
score|||8|||433|||3|||165
cnt|||11|||455|||3|||165
cpuConvertToBits|||1|||517|||1|||165
compCount|||5|||533|||2|||165
r|||9|||625|||3|||165
matrixMulHost|||1|||738|||1|||165
gp|||5|||791|||3|||165
fabs|||6|||843|||3|||165
MASK_RADIUS|||3|||892|||1|||165
getRho|||1|||905|||1|||165
R|||7|||1051|||3|||165
summ|||6|||1098|||2|||165
data_j|||7|||1221|||1|||165
d_temp|||9|||1255|||1|||165
getDRho|||1|||1313|||1|||165
Delta|||3|||1444|||3|||165
Delta|||6|||1449|||3|||165
xMin|||5|||1451|||2|||165
yMin|||5|||1452|||2|||165
bit0|||5|||1475|||2|||165
bit5|||5|||1480|||2|||165
gt|||5|||1523|||3|||165
bid|||7|||380|||58|||166
h_Src|||3|||963|||55|||166
4.0|||2|||534|||40|||167
0.0|||6|||638|||38|||167
x0|||9|||821|||41|||167
data_col|||1|||1404|||27|||168
channels_col|||1|||1405|||43|||168
im_col|||6|||1416|||65|||168
channels_col|||5|||1502|||43|||168
++|||4|||8|||11|||169
float|||6|||38|||7|||169
k|||9|||81|||11|||169
b|||9|||82|||11|||169
value|||3|||87|||11|||169
b|||13|||111|||11|||169
value|||7|||121|||11|||169
B|||3|||126|||11|||169
B|||7|||147|||11|||169
value|||11|||152|||11|||169
lr|||1|||197|||4|||169
col|||9|||226|||11|||169
Tau|||9|||257|||9|||169
inner_reps|||4|||295|||9|||169
inputs|||1|||298|||7|||169
x_average|||6|||341|||5|||169
bid|||12|||383|||10|||169
B|||12|||455|||11|||169
dec_index|||7|||519|||7|||169
max_hd|||5|||649|||8|||169
in_index|||10|||957|||7|||169
pixel|||14|||1092|||10|||169
pixel|||15|||1093|||9|||169
height_M|||3|||1106|||9|||169
width_M|||8|||1111|||9|||169
add_index|||6|||1244|||7|||169
inputScore|||10|||1431|||9|||169
bt|||11|||1533|||10|||169
tid|||3|||6|||10|||170
tid|||10|||8|||10|||170
float|||2|||14|||10|||170
A|||1|||123|||8|||170
B|||8|||148|||10|||170
col|||13|||227|||10|||170
even_inc|||4|||236|||6|||170
odd_inc|||4|||239|||6|||170
means|||6|||386|||10|||170
B|||13|||456|||10|||170
devMat|||8|||527|||7|||170
gray|||8|||1055|||9|||170
pixel|||3|||1090|||10|||170
minw|||13|||1378|||9|||170
c|||9|||82|||1|||171
c|||13|||87|||1|||171
result|||6|||867|||1|||171
result|||9|||870|||1|||171
pixel|||11|||1091|||1|||171
=|||4|||6|||21|||172
+=|||12|||103|||22|||172
voxelCount|||3|||196|||21|||172
valid_mask|||1|||346|||13|||172
/=|||6|||392|||23|||172
sizeof|||1|||532|||20|||172
h_result|||1|||714|||13|||172
ny|||4|||725|||20|||172
meshStride|||5|||829|||20|||172
right|||5|||870|||19|||172
z|||14|||1011|||23|||172
perimeter|||2|||532|||61|||173
pcount|||3|||542|||66|||173
d_label_sub|||2|||686|||44|||173
fmin|||2|||704|||64|||173
out|||7|||827|||65|||173
batchOutJump|||2|||925|||58|||173
batchInJump|||4|||927|||54|||173
variance|||7|||999|||75|||173
uidx|||1|||1009|||70|||173
uidx|||12|||1023|||70|||173
coef|||6|||1041|||68|||173
host_inputArray3|||4|||1072|||57|||173
beta|||4|||1074|||55|||173
0x01|||11|||1473|||54|||173
array|||6|||13|||0|||174
array|||11|||21|||0|||174
return|||2|||22|||0|||174
input|||5|||47|||0|||174
C|||4|||148|||0|||174
unsigned|||9|||247|||0|||174
mx|||4|||402|||0|||174
my|||4|||403|||0|||174
delta|||4|||447|||0|||174
C|||9|||456|||0|||174
char|||10|||476|||0|||174
return|||12|||539|||0|||174
return|||13|||540|||0|||174
C|||15|||582|||0|||174
g|||7|||630|||0|||174
images|||11|||639|||0|||174
images|||14|||642|||0|||174
return|||15|||750|||0|||174
RES|||10|||776|||0|||174
binary|||5|||848|||0|||174
res|||9|||922|||0|||174
delta|||8|||1125|||0|||174
real|||11|||1169|||0|||174
neighbor|||7|||833|||1|||175
neighbor|||15|||942|||1|||175
sample|||5|||1234|||53|||176
sample|||11|||1362|||49|||176
sample|||12|||1362|||162|||176
sample|||13|||1362|||169|||176
bit7|||1|||1471|||144|||176
Z|||2|||190|||17|||177
id|||4|||246|||15|||177
jsx|||3|||421|||13|||177
beta1_tpower|||4|||1258|||11|||177
fbase|||11|||1622|||16|||177
max_vd|||3|||644|||52|||178
IJ|||8|||772|||77|||178
U|||3|||884|||78|||178
is|||1|||906|||66|||178
buf|||7|||912|||85|||178
>=|||9|||1009|||82|||178
>=|||14|||1023|||82|||178
604|||2|||1048|||85|||178
Q|||3|||1184|||76|||178
sqrtf|||9|||1199|||85|||178
im_col|||3|||1411|||66|||178
pad|||9|||1418|||55|||178
&|||12|||1471|||68|||178
Q|||9|||1487|||75|||178
im_col|||13|||1508|||66|||178
jsx|||2|||419|||28|||179
totalPixels|||5|||663|||28|||179
sources_z|||1|||983|||23|||179
pixelsPerFrame|||1|||1089|||21|||179
I|||4|||1190|||29|||179
devMatX|||4|||526|||48|||180
images|||4|||634|||59|||180
outPixelOffset|||2|||661|||59|||180
depth_scale|||3|||672|||52|||180
fmax|||4|||707|||52|||180
offset|||9|||799|||56|||180
grayValue|||6|||801|||54|||180
dt|||2|||817|||64|||180
U|||4|||886|||58|||180
frontJump|||1|||925|||52|||180
w|||2|||946|||62|||180
src|||9|||1037|||59|||180
v|||3|||1251|||55|||180
m_hat|||3|||1254|||52|||180
Wk|||4|||1269|||65|||180
data_col|||4|||1416|||48|||180
gpu_img_in_u|||4|||1527|||38|||180
-|||7|||170|||30|||181
perimeter|||9|||538|||25|||181
dia|||4|||594|||30|||181
nnx|||1|||783|||26|||181
0.07|||5|||799|||32|||181
mean|||15|||840|||35|||181
l|||14|||854|||35|||181
4|||10|||1059|||29|||181
filtered_Q|||1|||1181|||27|||181
h2|||7|||1362|||28|||181
anchorH|||9|||1596|||33|||181
3|||1|||213|||38|||182
sum|||2|||282|||46|||182
means|||2|||380|||44|||182
my|||2|||397|||46|||182
diff|||3|||441|||46|||182
cnt|||3|||449|||46|||182
*=|||14|||464|||39|||182
IND|||6|||473|||42|||182
d_input|||2|||482|||42|||182
idy|||5|||489|||41|||182
return|||6|||505|||46|||182
circ|||2|||532|||41|||182
C|||11|||575|||46|||182
keyChar|||4|||588|||32|||182
indices|||2|||653|||44|||182
indices|||7|||678|||44|||182
column|||7|||779|||46|||182
ps|||12|||788|||42|||182
pos|||9|||817|||46|||182
neighbor|||1|||827|||42|||182
result|||5|||865|||40|||182
ELEMENT_INDEX|||9|||896|||36|||182
mask|||4|||899|||34|||182
w|||9|||951|||40|||182
h_Src|||4|||965|||41|||182
z|||15|||1011|||44|||182
grad|||6|||1015|||41|||182
grad|||13|||1029|||41|||182
host_inputArray2|||4|||1074|||32|||182
d_KinectDisparityPitch|||1|||1172|||16|||182
elem|||6|||1219|||32|||182
beta2|||4|||1254|||39|||182
q|||9|||1267|||46|||182
gpu_img_out_y|||3|||1306|||22|||182
col_index|||5|||1416|||34|||182
col_index|||15|||1513|||34|||182
ps|||4|||784|||76|||183
real|||2|||1157|||88|||183
real|||3|||1157|||124|||183
real|||4|||1157|||126|||183
real|||7|||1159|||109|||183
real|||8|||1159|||111|||183
0.587|||1|||1302|||61|||183
yMid|||4|||1444|||63|||183
channels|||14|||1513|||64|||183
e|||4|||1070|||59|||184
e|||5|||1070|||64|||184
e|||8|||1072|||32|||184
e|||9|||1072|||44|||184
e|||10|||1072|||49|||184
e|||12|||1074|||13|||184
e|||14|||1074|||29|||184
e|||15|||1074|||34|||184
srcData|||9|||462|||12|||185
curr_decision|||4|||520|||9|||185
2|||13|||523|||9|||185
maxval|||11|||572|||14|||185
mask|||1|||890|||10|||185
d_in_b|||1|||217|||9|||186
d_in_b|||2|||218|||26|||186
d_in_b|||4|||221|||10|||186
h_b|||1|||714|||9|||186
h_b|||3|||717|||47|||186
h_b|||5|||722|||12|||186
host_b|||1|||872|||9|||186
col_b|||5|||875|||10|||186
col_b|||6|||875|||51|||186
col_b|||8|||876|||9|||186
host_b|||4|||877|||32|||186
host_b|||5|||880|||12|||186
host_b|||6|||881|||11|||186
col_b|||13|||882|||4|||186
gpu_img_in_b|||1|||1301|||19|||186
gpu_img_in_b|||4|||1309|||2|||186
gpu_img_out_b|||3|||1527|||130|||186
boxes_before_nms|||3|||1538|||31|||187
boxes_before_nms|||4|||1538|||44|||187
boxes_for_nms|||2|||1538|||71|||187
boxes_for_nms|||3|||1538|||84|||187
boxes_for_nms|||4|||1538|||97|||187
boxes_for_nms|||5|||1538|||110|||187
boxes_for_nms|||6|||1538|||126|||187
boxes_before_nms|||6|||1538|||135|||187
boxes_for_nms|||7|||1538|||149|||187
boxes_before_nms|||7|||1538|||158|||187
boxes_before_nms|||8|||1538|||181|||187
boxes_before_nms|||9|||1538|||204|||187
boxes_for_nms|||11|||1540|||69|||187
boxes_for_nms|||12|||1540|||82|||187
boxes_for_nms|||13|||1540|||95|||187
boxes_for_nms|||14|||1540|||111|||187
boxes_before_nms|||14|||1540|||120|||187
boxes_for_nms|||15|||1540|||134|||187
boxes_before_nms|||15|||1540|||143|||187
s|||10|||698|||1|||188
s|||11|||700|||1|||188
t_id|||3|||53|||10|||189
t_id|||11|||55|||10|||189
/|||14|||204|||14|||189
outArray|||2|||279|||15|||189
srcData|||6|||461|||13|||189
trans_pos|||5|||495|||13|||189
Zsize|||3|||511|||13|||189
dec_size|||2|||518|||10|||189
memHeight|||1|||525|||11|||189
Zsize|||4|||541|||10|||189
J|||3|||774|||15|||189
sp|||4|||788|||13|||189
J|||7|||886|||15|||189
mask_size|||5|||896|||14|||189
H|||1|||1261|||13|||189
free|||1|||1127|||145|||190
db|||2|||366|||31|||191
meshStride|||13|||935|||28|||191
Wk|||1|||1261|||27|||191
0.114|||3|||1310|||18|||191
xi|||9|||1348|||26|||191
2.3|||1|||213|||35|||192
out|||3|||663|||39|||192
nx|||13|||730|||41|||192
weights|||2|||837|||43|||192
out|||15|||852|||43|||192
totalPixels|||12|||1217|||33|||192
,|||1|||0|||5|||193
,|||2|||5|||6|||193
,|||6|||14|||9|||193
,|||7|||17|||6|||193
,|||10|||23|||9|||193
,|||11|||28|||6|||193
,|||13|||33|||5|||193
,|||14|||38|||6|||193
,|||15|||38|||10|||193
<|||4|||8|||7|||194
index|||6|||30|||7|||194
num|||1|||89|||4|||194
>|||3|||168|||7|||194
pow|||3|||216|||5|||194
>|||6|||257|||6|||194
>|||11|||349|||7|||194
numPerbatch|||13|||1064|||5|||194
numPerbatch|||15|||1067|||5|||194
subsample_ind_and_labels_cpu|||1|||685|||1|||195
nlf_filter_left_backward_cpu|||1|||1656|||1|||195
nlf_filter_down_backward_cpu|||1|||1676|||1|||195
d_out|||14|||306|||26|||196
W_out|||1|||1262|||26|||196
assert|||2|||1362|||24|||196
assert|||6|||1554|||24|||196
pcountinner|||7|||514|||11|||197
d_ind|||4|||690|||5|||197
d_label|||4|||691|||5|||197
channel|||3|||778|||13|||197
frames|||3|||1443|||13|||197
of|||3|||1314|||141|||198
minh|||9|||1362|||137|||198
5|||2|||1471|||123|||198
dist|||3|||1487|||167|||198
dist|||4|||1487|||174|||198
dist|||7|||1491|||144|||198
dist|||8|||1491|||151|||198
dist|||10|||1494|||125|||198
dist|||11|||1494|||132|||198
void|||1|||0|||0|||199
void|||2|||5|||0|||199
void|||3|||9|||0|||199
void|||4|||14|||0|||199
void|||5|||17|||0|||199
void|||6|||23|||0|||199
void|||7|||28|||0|||199
void|||8|||33|||0|||199
void|||9|||38|||0|||199
void|||10|||41|||0|||199
void|||11|||48|||0|||199
void|||12|||52|||0|||199
void|||13|||56|||0|||199
void|||14|||61|||0|||199
void|||15|||66|||0|||199
const|||8|||159|||3|||200
myId|||13|||173|||2|||200
g_data|||6|||236|||1|||200
g_data|||8|||239|||1|||200
id|||1|||246|||3|||200
id|||15|||250|||2|||200
tact|||3|||272|||2|||200
ELEMENT_INDEX|||6|||894|||1|||200
ELEMENT_INDEX|||11|||899|||1|||200
>=|||8|||970|||3|||200
powf|||8|||1209|||2|||200
sqrtf|||12|||1210|||2|||200
data_i|||7|||1220|||1|||200
r_i|||9|||1345|||1|||200
r_i|||13|||1352|||1|||200
minw|||9|||1362|||151|||201
scores|||3|||1387|||149|||201
6|||1|||1471|||134|||201
6|||2|||1471|||140|||201
6|||3|||1473|||119|||201
rt|||4|||1522|||120|||201
square|||1|||9|||1|||202
mat|||3|||59|||1|||202
C|||3|||147|||1|||202
C|||8|||455|||1|||202
C|||14|||581|||1|||202
height|||10|||473|||10|||203
height|||15|||484|||10|||203
g|||5|||628|||10|||203
curr_decision|||6|||520|||39|||204
devMatX|||5|||526|||57|||204
0.07|||2|||628|||56|||204
nx|||15|||730|||60|||204
sp|||2|||784|||47|||204
gp|||2|||784|||55|||204
Iss|||3|||786|||52|||204
colorImage|||3|||795|||63|||204
cell|||12|||865|||60|||204
outputlength|||5|||925|||49|||204
>=|||4|||960|||66|||204
model|||4|||990|||55|||204
307|||1|||1046|||96|||204
d_KinectDisparityPitch|||2|||1173|||49|||204
exp|||1|||1217|||100|||204
psi|||7|||1314|||54|||204
psi|||9|||1314|||114|||204
print|||3|||1314|||139|||204
line|||3|||1314|||163|||204
DRHO|||4|||1323|||37|||204
labels|||2|||1385|||174|||204
xMin|||3|||1444|||53|||204
yMin|||4|||1444|||93|||204
xMin|||4|||1444|||103|||204
channel|||11|||1471|||186|||204
P|||3|||1487|||66|||204
P|||5|||1487|||106|||204
P|||7|||1487|||146|||204
P|||10|||1491|||63|||204
P|||12|||1491|||103|||204
P|||13|||1491|||123|||204
mult|||2|||1554|||103|||204
labelList|||2|||409|||44|||205
labelList|||5|||417|||0|||205
tmp|||4|||117|||5|||206
80|||3|||598|||4|||206
h_a|||5|||722|||3|||206
host_a|||5|||880|||3|||206
sqrt|||6|||1171|||5|||206
sumQ|||9|||1186|||3|||206
sqrt|||9|||1259|||3|||206
xi|||10|||1352|||3|||206
xq|||11|||1354|||2|||206
for|||1|||1|||1|||207
for|||5|||10|||1|||207
for|||7|||15|||1|||207
for|||9|||18|||1|||207
for|||11|||24|||1|||207
for|||13|||29|||1|||207
for|||15|||34|||1|||207
N|||1|||17|||11|||208
N|||2|||18|||10|||208
N|||4|||28|||11|||208
N|||5|||29|||10|||208
N|||7|||61|||12|||208
N|||8|||62|||10|||208
N|||11|||67|||12|||208
N|||12|||69|||8|||208
N|||14|||71|||12|||208
N|||15|||73|||8|||208
dec_index|||3|||518|||12|||209
bit_index|||1|||518|||17|||209
dec_index|||4|||518|||19|||209
bit_index|||2|||518|||33|||209
dec_index|||8|||519|||11|||209
dec_index|||9|||520|||4|||209
bit_index|||5|||520|||18|||209
out_index|||1|||946|||37|||209
out_index|||2|||946|||47|||209
out_index|||3|||946|||87|||209
in_index|||2|||946|||92|||209
out_index|||7|||949|||66|||209
in_index|||4|||949|||71|||209
out_index|||8|||949|||77|||209
in_index|||5|||951|||34|||209
out_index|||11|||951|||52|||209
in_index|||8|||955|||25|||209
add_index|||1|||1232|||82|||209
add_index|||2|||1232|||113|||209
add_index|||3|||1234|||67|||209
add_index|||4|||1234|||98|||209
in_index|||11|||1287|||71|||209
in_index|||12|||1287|||145|||209
in_index|||13|||1287|||151|||209
in_index|||14|||1290|||48|||209
add_index|||7|||1362|||183|||209
add_index|||9|||1374|||69|||209
add_index|||11|||1376|||55|||209
add_index|||13|||1378|||41|||209
col_index|||1|||1405|||139|||209
col_index|||2|||1405|||155|||209
col_index|||4|||1411|||91|||209
col_index|||6|||1416|||50|||209
col_index|||11|||1502|||139|||209
col_index|||12|||1502|||158|||209
col_index|||14|||1508|||94|||209
h_Dst|||2|||960|||93|||210
h_Dst|||3|||963|||72|||210
h_Dst|||5|||968|||38|||210
d_acts|||2|||269|||31|||211
d_acts|||3|||269|||38|||211
d_acts|||5|||272|||19|||211
q|||2|||1262|||128|||212
q|||3|||1262|||132|||212
q|||4|||1262|||136|||212
q|||6|||1262|||173|||212
q|||10|||1267|||50|||212
q|||12|||1267|||87|||212
in_image|||5|||478|||3|||213
gpu_matrix_transpose|||1|||488|||1|||213
pixels_per_image|||5|||806|||71|||213
(|||1|||0|||2|||214
(|||4|||5|||2|||214
*|||4|||9|||4|||214
i|||1|||15|||4|||214
(|||13|||17|||2|||214
i|||13|||24|||4|||214
==|||2|||44|||4|||214
t_id|||1|||53|||2|||214
t_id|||9|||55|||2|||214
y|||14|||160|||4|||214
cols|||8|||229|||4|||214
%|||6|||235|||4|||214
==|||8|||261|||4|||214
kComputeActs|||1|||268|||1|||214
%|||9|||328|||4|||214
%|||12|||335|||4|||214
k_x|||1|||357|||2|||214
k_x|||10|||359|||2|||214
%|||15|||394|||4|||214
circ|||4|||534|||3|||214
dia|||5|||597|||3|||214
g|||4|||626|||4|||214
indices|||4|||657|||4|||214
indices|||9|||682|||4|||214
f|||1|||837|||4|||214
l|||6|||852|||4|||214
h_Src|||7|||972|||2|||214
1.|||2|||996|||3|||214
size2d|||13|||1016|||2|||214
indices|||14|||1041|||4|||214
d_temp|||5|||1254|||2|||214
size3d|||9|||1281|||2|||214
g|||14|||1303|||4|||214
cpuBYUSimplified|||1|||1340|||1|||214
xi|||11|||1353|||2|||214
getTopkNum|||1|||1423|||1|||214
inputScore|||6|||1428|||3|||214
2.0|||7|||1465|||2|||214
P|||14|||1494|||4|||214
dist|||15|||1498|||2|||214
bt|||10|||1533|||3|||214
dy|||8|||1612|||3|||214
median|||1|||1089|||5|||215
median|||2|||1090|||39|||215
median|||3|||1093|||22|||215
median|||4|||1096|||10|||215
int|||7|||7|||0|||216
error|||4|||446|||0|||216
temp|||11|||479|||0|||216
result|||8|||868|||0|||216
result|||10|||871|||0|||216
error|||8|||1124|||0|||216
1.0f|||6|||273|||6|||217
0.0f|||10|||1179|||6|||217
0.0f|||15|||1437|||9|||217
weight|||1|||827|||54|||218
weight|||2|||827|||70|||218
weight|||3|||829|||39|||218
weight|||4|||829|||55|||218
weight|||5|||832|||14|||218
weight|||6|||832|||30|||218
weight|||9|||936|||64|||218
weight|||11|||938|||49|||218
weight|||12|||938|||65|||218
weight|||13|||941|||14|||218
weight|||14|||941|||30|||218
input_str_cuda|||2|||584|||55|||219
right_columns|||4|||860|||67|||219
This|||2|||908|||58|||219
/=|||14|||951|||65|||219
coef|||14|||1085|||68|||219
sample|||3|||1232|||68|||219
drho|||7|||1314|||67|||219
drho|||10|||1314|||102|||219
drho|||11|||1314|||172|||219
drho|||12|||1314|||177|||219
drho|||13|||1314|||182|||219
0.714|||2|||1527|||46|||219
10|||1|||164|||39|||220
counts|||2|||380|||37|||220
sx|||2|||397|||39|||220
C|||6|||449|||39|||220
srcData|||4|||459|||33|||220
width|||13|||471|||39|||220
compCount|||4|||532|||35|||220
column|||2|||778|||39|||220
Iss|||4|||788|||35|||220
column|||14|||795|||39|||220
mean|||8|||837|||39|||220
batch|||5|||925|||33|||220
filterR|||13|||968|||32|||220
G|||3|||1048|||39|||220
t|||6|||1121|||39|||220
D|||14|||1138|||35|||220
batchSize|||6|||1145|||34|||220
real|||10|||1164|||37|||220
filters|||15|||1202|||39|||220
<=|||11|||1343|||28|||220
Q|||14|||1491|||32|||220
0.714|||3|||1529|||22|||220
host_c|||2|||873|||72|||221
host_c|||3|||875|||57|||221
host_c|||4|||877|||42|||221
element_c|||1|||1070|||32|||221
element_c|||3|||1070|||83|||221
element_c|||4|||1072|||17|||221
element_c|||5|||1072|||36|||221
element_c|||6|||1072|||68|||221
element_c|||9|||1074|||53|||221
element_c|||10|||1075|||1|||221
element_c|||11|||1077|||1|||221
element_c|||13|||1079|||11|||221
minc|||1|||1231|||13|||221
minc|||2|||1232|||43|||221
minc|||3|||1232|||47|||221
minc|||4|||1234|||28|||221
minc|||5|||1234|||32|||221
minc|||7|||1240|||2|||221
minc|||8|||1362|||80|||221
minc|||9|||1362|||123|||221
minc|||13|||1554|||80|||221
minc|||14|||1554|||130|||221
minc|||15|||1554|||264|||221
data|||1|||0|||8|||222
data|||2|||1|||16|||222
data|||5|||28|||5|||222
data|||6|||29|||16|||222
data|||10|||1217|||68|||222
data|||11|||1217|||79|||222
data|||12|||1219|||50|||222
data|||13|||1219|||61|||222
data|||14|||1224|||22|||222
data|||15|||1224|||33|||222
*|||1|||0|||7|||223
numElements|||3|||2|||9|||223
)|||7|||9|||9|||223
arrayCount|||3|||11|||9|||223
scale|||1|||17|||8|||223
arr|||1|||23|||5|||223
val|||1|||28|||8|||223
tasks|||2|||34|||10|||223
nrows|||1|||48|||5|||223
t_id|||2|||53|||6|||223
t_id|||10|||55|||6|||223
alpha|||7|||59|||10|||223
L|||1|||61|||5|||223
b|||10|||83|||10|||223
value|||4|||88|||10|||223
b|||14|||112|||10|||223
/|||2|||116|||10|||223
value|||8|||122|||10|||223
double|||13|||129|||7|||223
-|||5|||132|||10|||223
x|||13|||134|||8|||223
y|||12|||138|||10|||223
end|||3|||151|||10|||223
value|||12|||153|||10|||223
length|||2|||155|||10|||223
?|||3|||168|||10|||223
myId|||2|||170|||8|||223
X|||7|||178|||8|||223
voxelCount|||1|||193|||8|||223
-|||12|||205|||10|||223
length|||5|||218|||10|||223
const|||14|||222|||8|||223
X|||13|||241|||8|||223
num_nodes|||3|||248|||8|||223
un_idx|||9|||271|||6|||223
tact|||6|||274|||5|||223
input|||6|||281|||6|||223
inputs|||3|||301|||10|||223
input|||14|||302|||10|||223
length|||8|||306|||10|||223
vecY|||1|||342|||5|||223
score_thr|||3|||349|||8|||223
k_x|||2|||357|||6|||223
k_x|||11|||359|||6|||223
r|||7|||368|||10|||223
device_input|||6|||378|||8|||223
DIM|||5|||384|||9|||223
/=|||4|||388|||9|||223
cluster|||11|||399|||10|||223
cluster|||14|||400|||10|||223
sxz|||1|||418|||5|||223
ns|||2|||419|||10|||223
score|||5|||430|||6|||223
:|||8|||447|||10|||223
rows|||9|||494|||8|||223
bit_decisions|||1|||517|||5|||223
devMatX|||11|||529|||6|||223
malloc|||2|||534|||9|||223
compCount|||9|||536|||9|||223
4.0|||3|||537|||7|||223
long|||7|||541|||6|||223
100|||10|||561|||10|||223
100|||14|||563|||10|||223
maxval|||10|||572|||9|||223
input_length|||3|||587|||8|||223
key|||4|||590|||8|||223
320|||3|||598|||8|||223
-=|||11|||638|||9|||223
max_hd|||7|||650|||7|||223
max_vd|||7|||651|||7|||223
floorf|||2|||688|||7|||223
>=|||2|||707|||9|||223
fmin|||5|||709|||8|||223
fmin|||7|||712|||8|||223
c2|||5|||753|||9|||223
depth|||3|||779|||10|||223
i2|||10|||787|||7|||223
nnz|||11|||789|||7|||223
colorImage|||11|||803|||6|||223
meshStride|||12|||834|||7|||223
weights|||9|||848|||10|||223
left_rows|||3|||864|||8|||223
right_columns|||10|||866|||8|||223
shared_dimensions|||8|||869|||8|||223
col_a|||10|||881|||6|||223
d|||14|||968|||10|||223
colsB|||8|||978|||9|||223
ns|||14|||990|||8|||223
spatial|||2|||995|||9|||223
depth|||7|||1013|||10|||223
depth|||12|||1027|||10|||223
coef|||5|||1041|||10|||223
image|||14|||1045|||7|||223
in_grad|||1|||1080|||5|||223
coef|||13|||1085|||10|||223
log|||6|||1124|||10|||223
num|||6|||1145|||10|||223
uLength|||3|||1158|||9|||223
sampleIndex|||2|||1182|||8|||223
w2|||4|||1242|||7|||223
drho|||3|||1314|||8|||223
r_i|||5|||1343|||7|||223
Lq|||11|||1351|||9|||223
minc|||11|||1374|||9|||223
minh|||12|||1376|||9|||223
inputScore|||1|||1423|||6|||223
batchSize|||11|||1426|||10|||223
data_im|||12|||1520|||2|||223
rt2|||1|||1522|||9|||223
batchSize|||15|||1594|||10|||223
anchorCx|||8|||1611|||7|||223
anchorCy|||8|||1612|||7|||223
diff|||11|||1217|||93|||224
diff|||12|||1217|||95|||224
diff|||15|||1219|||77|||224
dy|||2|||1592|||243|||224
dy|||3|||1594|||139|||224
dy|||4|||1594|||228|||224
dy|||5|||1596|||124|||224
dy|||6|||1596|||213|||224
index|||1|||29|||4|||225
index|||10|||164|||4|||225
twod1|||1|||316|||2|||225
i1|||5|||785|||3|||225
i1|||10|||789|||3|||225
w1|||11|||1363|||3|||225
val|||7|||164|||35|||226
maximum|||7|||912|||35|||226
v|||5|||1254|||29|||226
Zsize|||6|||542|||27|||227
array_size|||3|||891|||71|||227
image_size|||4|||1127|||49|||227
image_size|||6|||1127|||108|||227
image_size|||7|||1127|||118|||227
ksize|||4|||1405|||47|||227
ksize|||6|||1405|||70|||227
ksize|||7|||1405|||78|||227
ksize|||10|||1405|||90|||227
img_size|||5|||1522|||26|||227
wsize|||2|||1620|||37|||227
wsize|||5|||1656|||36|||227
wsize|||9|||1676|||36|||227
wsize|||14|||1697|||37|||227
anchorIndex|||3|||1424|||146|||228
xMin|||2|||1442|||122|||228
pic|||3|||1444|||184|||228
6|||4|||1473|||125|||228
rt|||3|||1522|||113|||228
fbase|||3|||1620|||162|||228
++|||8|||16|||12|||229
++|||10|||19|||12|||229
++|||12|||25|||12|||229
++|||14|||30|||12|||229
d_in_a|||3|||220|||6|||229
iN|||14|||832|||10|||229
row_a|||2|||873|||10|||229
width_N|||5|||1107|||10|||229
width_N|||12|||1114|||10|||229
data_size|||3|||460|||9|||230
data_size|||6|||501|||9|||230
Xsize|||2|||510|||10|||230
array_size|||4|||895|||9|||230
mask_size|||6|||898|||9|||230
max_size|||3|||1253|||9|||230
ksize|||14|||1409|||7|||230
img_size|||4|||1521|||4|||230
wsize|||8|||1662|||9|||230
wsize|||12|||1682|||9|||230
twod1|||6|||319|||8|||231
aImg1|||1|||320|||6|||231
-1|||3|||433|||9|||231
-1|||10|||447|||11|||231
r1|||1|||751|||18|||231
c1|||5|||754|||10|||231
c1|||8|||755|||9|||231
c1|||11|||758|||9|||231
i1|||6|||785|||7|||231
x1|||1|||816|||10|||231
-1|||13|||1062|||17|||231
w1|||4|||1243|||7|||231
beta1|||4|||1254|||19|||231
vec1|||1|||1270|||9|||231
vec1|||14|||1283|||10|||231
w1|||5|||1361|||7|||231
h1|||5|||1361|||10|||231
w1|||14|||1369|||9|||231
h1|||14|||1370|||9|||231
;|||11|||6|||26|||232
t_id|||13|||55|||20|||232
+=|||15|||124|||30|||232
scalar|||2|||155|||26|||232
val|||6|||164|||30|||232
myId|||5|||170|||25|||232
INCX|||8|||179|||28|||232
flags|||2|||194|||28|||232
:|||5|||196|||28|||232
3|||2|||215|||22|||232
col|||4|||223|||30|||232
tx|||14|||234|||24|||232
INCX|||11|||242|||28|||232
Tau|||2|||253|||26|||232
tact|||1|||269|||21|||232
4|||1|||282|||30|||232
valid_mask|||2|||347|||26|||232
tempval|||1|||357|||19|||232
DIM|||6|||384|||28|||232
jsz|||3|||421|||23|||232
score|||9|||433|||28|||232
>|||14|||444|||30|||232
cnt|||10|||453|||30|||232
*=|||15|||466|||24|||232
pn|||5|||512|||26|||232
devMatX|||2|||526|||22|||232
input_length|||1|||583|||17|||232
dia|||3|||594|||26|||232
0.07|||3|||632|||24|||232
indices|||6|||677|||21|||232
h|||7|||717|||28|||232
Isg|||4|||788|||26|||232
my_pixel|||4|||806|||18|||232
iN|||1|||827|||29|||232
MASK_RADIUS|||4|||896|||24|||232
array_size|||6|||899|||20|||232
psi|||5|||908|||27|||232
<=|||4|||963|||28|||232
filters|||2|||995|||29|||232
spatial|||7|||999|||30|||232
variance|||9|||1002|||30|||232
uidx|||7|||1015|||25|||232
width_N|||11|||1112|||26|||232
priorNum|||1|||1144|||22|||232
L|||5|||1156|||24|||232
filterLength|||3|||1184|||24|||232
data|||9|||1216|||22|||232
d_temp|||1|||1251|||23|||232
pad|||1|||1404|||23|||232
end|||4|||1486|||26|||232
P|||8|||1491|||23|||232
pad|||11|||1501|||23|||232
step|||1|||1620|||17|||233
step|||5|||1620|||133|||233
step|||6|||1620|||204|||233
step|||7|||1620|||279|||233
step|||8|||1620|||352|||233
step|||12|||1622|||76|||233
step|||13|||1622|||118|||233
step|||14|||1622|||189|||233
step|||15|||1622|||264|||233
devMat|||7|||526|||51|||234
devMat|||12|||528|||23|||234
distMat|||2|||1217|||111|||234
distMat|||3|||1219|||93|||234
c2|||10|||758|||29|||235
i2|||9|||787|||3|||235
w2|||9|||1362|||64|||235
w2|||12|||1364|||3|||235
s2|||6|||1380|||63|||235
x2|||4|||1442|||194|||235
x2|||5|||1444|||120|||235
y2|||5|||1444|||122|||235
y2|||6|||1444|||137|||235
y2|||11|||1462|||27|||235
bt2|||3|||1522|||167|||235
bt2|||4|||1522|||174|||235
gt2|||4|||1522|||189|||235
gt2|||6|||1527|||91|||235
gt2|||8|||1527|||158|||235
width_col|||1|||1405|||26|||236
height_col|||3|||1405|||144|||236
im_col|||5|||1416|||25|||236
im_col|||7|||1418|||11|||236
data_col|||5|||1418|||34|||236
width_col|||11|||1421|||11|||236
im_col|||10|||1422|||17|||236
width_col|||12|||1502|||26|||236
height_col|||13|||1502|||144|||236
data_col|||8|||1502|||156|||236
data_col|||9|||1508|||92|||236
im_col|||15|||1513|||25|||236
dim|||2|||57|||10|||237
dim|||8|||100|||10|||237
dim|||12|||1037|||103|||237
dim|||13|||1037|||114|||237
dim|||15|||1039|||86|||237
offset|||8|||799|||45|||238
offset|||14|||801|||42|||238
anchor|||10|||1594|||50|||238
}|||6|||10|||27|||239
x|||8|||124|||28|||239
cols|||2|||223|||28|||239
3000|||1|||282|||28|||239
cpuReduce|||3|||508|||27|||239
width_M|||1|||1104|||22|||239
max_size|||1|||1250|||21|||239
gpu_img_in_u|||6|||1529|||14|||239
(|||3|||2|||1|||240
int|||6|||6|||1|||240
(|||6|||8|||1|||240
(|||9|||11|||1|||240
(|||12|||16|||1|||240
(|||15|||19|||1|||240
input|||4|||46|||1|||240
L|||3|||64|||1|||240
canData|||4|||107|||0|||240
A|||12|||228|||1|||240
prA|||6|||250|||0|||240
tempval|||8|||362|||0|||240
dstData|||4|||462|||0|||240
p|||4|||514|||1|||240
mean|||5|||572|||1|||240
snrValue|||4|||573|||0|||240
Dot|||1|||759|||1|||240
ps|||13|||790|||1|||240
Isg|||5|||792|||0|||240
image|||6|||808|||1|||240
auto|||5|||823|||1|||240
x1|||5|||825|||0|||240
binary|||4|||847|||1|||240
batch|||10|||928|||1|||240
grad|||7|||1020|||1|||240
grad|||14|||1034|||1|||240
grayimg|||5|||1055|||0|||240
anchorIndex|||9|||1433|||0|||240
classIndex|||9|||1434|||0|||240
anchorIndex|||11|||1439|||0|||240
classIndex|||11|||1440|||0|||240
t_id|||6|||53|||24|||241
:|||1|||164|||36|||241
if|||13|||282|||36|||241
else|||4|||299|||36|||241
output|||5|||316|||29|||241
x_average|||3|||338|||26|||241
k_x|||15|||360|||20|||241
cluster|||6|||397|||36|||241
memWidth|||8|||528|||25|||241
keyCharPtr|||2|||584|||29|||241
totalPixels|||2|||661|||32|||241
c_grad|||4|||682|||32|||241
Pvalue|||2|||739|||34|||241
offset|||1|||795|||36|||241
colorImage|||9|||801|||29|||241
colorImage|||13|||803|||26|||241
right_columns|||2|||860|||32|||241
cell|||9|||865|||32|||241
right_columns|||12|||867|||30|||241
!|||2|||896|||30|||241
psi|||3|||906|||33|||241
d|||11|||965|||34|||241
h_Filter|||5|||968|||30|||241
variance|||2|||995|||35|||241
image|||15|||1046|||36|||241
data_i|||5|||1219|||24|||241
gpu_img_in_r|||2|||1302|||28|||241
debug|||4|||1313|||29|||241
numOfNucl|||5|||1314|||31|||241
q_i|||13|||1352|||27|||241
data_im|||7|||1501|||27|||241
channel|||15|||1620|||35|||241
k_x|||7|||357|||37|||242
idy|||6|||489|||55|||242
curr_decision|||2|||518|||38|||242
clamp_min|||5|||707|||50|||242
shared_dimensions|||5|||865|||53|||242
NJ|||7|||886|||55|||242
RHO|||1|||906|||53|||242
▁|||14|||908|||50|||242
meshStride|||15|||936|||58|||242
d|||8|||963|||57|||242
ib|||1|||984|||59|||242
gray|||5|||1050|||63|||242
diff|||13|||1219|||47|||242
r_i|||14|||1352|||48|||242
minw|||8|||1362|||54|||242
im2col_get_pixel|||4|||1418|||39|||242
0.975f|||2|||1444|||38|||242
minw|||15|||1554|||54|||242
0.499|||1|||1302|||88|||243
0.499|||2|||1302|||105|||243
0.499|||3|||1306|||63|||243
0.499|||4|||1306|||80|||243
m|||4|||117|||10|||244
m|||6|||324|||10|||244
m|||9|||331|||10|||244
m|||12|||390|||10|||244
*|||2|||5|||4|||245
*|||7|||17|||4|||245
*|||9|||28|||4|||245
*|||14|||41|||4|||245
N|||10|||66|||4|||245
N|||13|||70|||4|||245
char|||1|||320|||4|||245
reference|||5|||417|||5|||245
p|||6|||549|||5|||245
corrSum|||3|||571|||5|||245
convolution_cpu_1d|||1|||890|||1|||245
filterR|||11|||967|||5|||245
before_nms_boxes|||5|||1063|||2|||245
pixel|||2|||1090|||6|||245
pixel|||13|||1092|||6|||245
k_adam_kernel|||1|||1250|||1|||245
uSum|||10|||1360|||5|||245
xMid|||6|||1451|||4|||245
yMid|||6|||1452|||4|||245
yuv2rgb_kernel|||1|||1521|||1|||245
gpu_img_out_r|||4|||1534|||0|||245
h_offset|||4|||1411|||59|||246
w_offset|||4|||1411|||68|||246
w_offset|||5|||1412|||1|||246
h_offset|||5|||1413|||1|||246
w_offset|||7|||1418|||13|||246
h_offset|||8|||1419|||3|||246
w_offset|||8|||1420|||3|||246
h_offset|||12|||1508|||59|||246
w_offset|||12|||1508|||68|||246
w_offset|||13|||1509|||1|||246
h_offset|||13|||1510|||1|||246
w_offset|||15|||1515|||13|||246
dw|||1|||1442|||88|||247
dw|||2|||1442|||116|||247
dw|||3|||1442|||126|||247
dw|||4|||1444|||69|||247
dw|||5|||1444|||97|||247
dw|||6|||1444|||107|||247
dw|||8|||1455|||8|||247
dw|||9|||1456|||8|||247
dw|||10|||1592|||172|||247
dw|||11|||1592|||209|||247
dw|||12|||1592|||214|||247
dw|||13|||1594|||157|||247
dw|||14|||1594|||194|||247
dw|||15|||1594|||199|||247
max_hd|||1|||644|||7|||248
maxhd|||2|||644|||29|||248
max_hd|||2|||644|||34|||248
max_hd|||3|||644|||36|||248
maxhd|||3|||644|||38|||248
max_hd|||6|||649|||10|||248
maxhd|||7|||650|||11|||248
else|||13|||380|||55|||249
fmin|||4|||707|||47|||249
ps|||6|||786|||48|||249
colorImage|||2|||795|||54|||249
out|||14|||850|||58|||249
points|||3|||852|||58|||249
right_columns|||13|||867|||48|||249
of|||1|||906|||51|||249
neighbors|||7|||936|||54|||249
h_Filter|||4|||965|||50|||249
colsB|||7|||977|||53|||249
0.299|||2|||1306|||32|||249
P|||2|||1487|||46|||249
reference|||2|||409|||49|||250
IND|||2|||471|||48|||250
bit_stream|||5|||520|||31|||250
100|||12|||561|||50|||250
mean|||4|||571|||45|||250
images|||7|||636|||44|||250
b_grad|||3|||680|||46|||250
h_result|||4|||719|||42|||250
colorImage|||6|||799|||43|||250
colorImage|||10|||801|||40|||250
l|||9|||852|||50|||250
l|||15|||854|||50|||250
col_a|||5|||875|||42|||250
DEBUG|||1|||906|||47|||250
maximum|||2|||910|||50|||250
beta2_tpower|||1|||1250|||33|||250
d_temp|||7|||1254|||41|||250
occNo|||9|||1319|||43|||250
P|||9|||1491|||43|||250
gpu_img_in_y|||6|||1527|||30|||250
anchor|||3|||1592|||49|||250
d_in_b|||3|||220|||11|||251
h_b|||2|||715|||62|||251
col_b|||2|||873|||25|||251
host_b|||2|||873|||62|||251
col_b|||3|||873|||66|||251
col_b|||4|||873|||76|||251
host_b|||3|||875|||47|||251
col_b|||7|||875|||61|||251
col_b|||9|||877|||36|||251
col_b|||10|||877|||46|||251
gpu_img_in_b|||2|||1302|||42|||251
gpu_img_out_b|||1|||1521|||34|||251
gpu_img_out_b|||2|||1522|||161|||251
gpu_img_out_b|||4|||1535|||0|||251
2|||11|||520|||25|||252
sin|||1|||605|||42|||252
learning_rate|||2|||1251|||118|||252
x0|||7|||817|||95|||253
.|||1|||906|||76|||253
dim|||11|||1037|||94|||253
dst|||11|||1039|||95|||253
G|||2|||1046|||102|||253
0.3|||1|||1090|||79|||253
c_im|||14|||1513|||70|||253
fbase|||12|||1622|||99|||253
-=|||2|||64|||5|||254
%|||5|||234|||5|||254
compute_array_square|||1|||278|||1|||254
pcountinner|||4|||512|||3|||254
dec_index|||6|||519|||3|||254
SparseMatmul_forward|||1|||652|||1|||254
i2|||5|||786|||4|||254
batch|||11|||930|||3|||254
batch|||12|||932|||3|||254
h_Src|||6|||971|||3|||254
t|||9|||1125|||5|||254
h2|||12|||1366|||4|||254
channels|||4|||1409|||3|||254
y2|||9|||1459|||3|||254
firstIndexToGrab|||10|||1473|||2|||254
channels|||12|||1506|||3|||254
gt2|||5|||1524|||3|||254
||||1|||1471|||164|||255
||||2|||1471|||166|||255
||||3|||1471|||168|||255
||||4|||1471|||170|||255
||||5|||1471|||172|||255
||||6|||1471|||174|||255
||||7|||1471|||176|||255
||||8|||1473|||149|||255
||||9|||1473|||151|||255
||||10|||1473|||153|||255
||||11|||1473|||155|||255
||||12|||1473|||157|||255
||||13|||1473|||159|||255
||||14|||1473|||161|||255
2|||9|||518|||40|||256
mean|||2|||569|||60|||256
possible_plaintext_str_cuda|||2|||584|||48|||256
h_result|||3|||717|||57|||256
column|||4|||778|||65|||256
weights|||5|||840|||65|||256
l|||4|||850|||65|||256
l|||10|||852|||65|||256
shared_dimensions|||2|||860|||57|||256
cell|||11|||865|||55|||256
RHO|||5|||908|||51|||256
ns|||12|||988|||58|||256
spatial|||3|||995|||64|||256
gpu_img_out_u|||1|||1301|||29|||256
0.587|||2|||1306|||36|||256
frame|||5|||1444|||40|||256
gpu_img_in_v|||2|||1522|||46|||256
u_d|||1|||200|||15|||257
u_d|||2|||201|||27|||257
u_d|||3|||204|||15|||257
size2d|||1|||1009|||48|||257
size2d|||2|||1009|||61|||257
size2d|||3|||1009|||98|||257
size2d|||4|||1011|||33|||257
size2d|||5|||1011|||46|||257
size2d|||6|||1011|||83|||257
size2d|||7|||1013|||18|||257
size2d|||8|||1013|||31|||257
size2d|||9|||1013|||68|||257
size2d|||11|||1015|||16|||257
size2d|||12|||1015|||53|||257
size2d|||14|||1017|||7|||257
size2d|||15|||1020|||13|||257
size3d|||1|||1271|||86|||257
size3d|||2|||1271|||108|||257
size3d|||3|||1273|||71|||257
size3d|||4|||1273|||93|||257
size3d|||5|||1275|||56|||257
size3d|||6|||1275|||78|||257
size3d|||7|||1277|||41|||257
size3d|||8|||1277|||63|||257
size3d|||11|||1325|||86|||257
size3d|||12|||1325|||108|||257
size3d|||13|||1327|||71|||257
size3d|||14|||1327|||93|||257
size3d|||15|||1329|||56|||257
++|||1|||1|||13|||258
++|||5|||10|||13|||258
scalar|||4|||158|||10|||258
++|||2|||2|||12|||259
++|||6|||11|||12|||259
++|||7|||15|||13|||259
++|||9|||18|||13|||259
++|||11|||24|||13|||259
++|||13|||29|||13|||259
++|||15|||34|||13|||259
data|||4|||4|||0|||260
data|||8|||32|||0|||260
buf|||4|||117|||0|||260
B|||4|||128|||0|||260
lu|||4|||205|||0|||260
A|||13|||229|||0|||260
else|||3|||238|||0|||260
heap|||4|||263|||0|||260
else|||6|||304|||0|||260
else|||9|||312|||0|||260
else|||12|||353|||0|||260
FFT|||5|||469|||0|||260
p|||5|||515|||0|||260
s|||12|||701|||0|||260
inline|||1|||725|||0|||260
auto|||3|||819|||0|||260
auto|||6|||824|||0|||260
U|||6|||889|||0|||260
buf|||8|||923|||0|||260
D|||9|||1133|||0|||260
D|||12|||1136|||0|||260
free|||2|||1143|||0|||260
imag|||11|||1170|||0|||260
do|||3|||1461|||0|||260
rt|||9|||1528|||0|||260
dh|||13|||1610|||0|||260
d_in|||4|||158|||5|||261
d_in|||9|||215|||14|||261
d_in|||11|||216|||13|||261
g_in|||2|||292|||36|||261
g_in|||5|||297|||5|||261
d_in|||13|||306|||18|||261
f_in|||1|||356|||5|||261
vec|||1|||323|||10|||262
vec|||2|||324|||41|||262
vec|||3|||326|||24|||262
vec|||5|||330|||10|||262
vec|||6|||331|||41|||262
vec|||7|||333|||24|||262
vec|||10|||1271|||112|||262
vec|||11|||1271|||145|||262
vec|||12|||1273|||97|||262
vec|||13|||1273|||130|||262
vec|||14|||1275|||82|||262
vec|||15|||1275|||115|||262
getCanBusData|||1|||102|||1|||263
locData|||14|||1601|||3|||263
locData|||15|||1602|||3|||263
IND|||3|||471|||57|||264
height|||14|||482|||55|||264
3.14159265359|||1|||532|||49|||264
c_grad|||3|||680|||55|||264
d_label|||3|||688|||34|||264
IJ|||15|||774|||54|||264
0.21|||5|||799|||52|||264
cell|||3|||860|||55|||264
host_a|||2|||873|||53|||264
▁|||3|||906|||52|||264
d|||1|||960|||57|||264
filterR|||10|||965|||52|||264
source_amplitude|||3|||988|||54|||264
z|||11|||1009|||59|||264
grad|||5|||1013|||56|||264
grad|||12|||1027|||56|||264
v|||2|||1251|||50|||264
dpsi|||6|||1319|||53|||264
boxes_before_nms|||13|||1540|||42|||264
&|||2|||518|||55|||265
offset|||4|||795|||76|||265
f|||7|||837|||86|||265
|||||4|||891|||67|||265
▁|||7|||906|||65|||265
in|||2|||925|||67|||265
variance|||3|||995|||85|||265
dim|||14|||1039|||77|||265
0.3|||2|||1093|||62|||265
powf|||1|||1127|||77|||265
v_hat|||3|||1254|||66|||265
r_i|||15|||1352|||62|||265
data_im|||10|||1513|||58|||265
gpu_img_in_y|||3|||1522|||61|||265
gpu_img_in_v|||5|||1527|||49|||265
anchor|||12|||1594|||83|||265

<|||1|||1|||9|||267
<|||5|||10|||9|||267
<|||7|||15|||9|||267
<|||9|||18|||9|||267
<|||11|||24|||9|||267
<|||13|||29|||9|||267
<|||15|||34|||9|||267
mat|||4|||60|||0|||268
c|||10|||83|||0|||268
c|||14|||88|||0|||268
mat|||8|||329|||0|||268
mat|||12|||336|||0|||268
db|||5|||371|||0|||268
pn|||9|||516|||0|||268
circ|||9|||538|||0|||268
Iss|||5|||793|||0|||268
K|||15|||1116|||0|||268
dx|||6|||1215|||0|||268
v|||8|||1257|||0|||268
pic|||4|||1469|||0|||268
dist|||12|||1495|||0|||268
gt|||9|||1529|||0|||268
bt|||9|||1530|||0|||268
>>|||4|||1046|||108|||269
grayimg|||2|||1046|||111|||269
sqrt|||4|||1157|||122|||269
sqrt|||5|||1159|||107|||269
add|||5|||1234|||96|||269
sqrt|||7|||1251|||89|||269
DRHO|||1|||1314|||143|||269
add|||9|||1374|||107|||269
bit6|||1|||1471|||127|||269
0x01|||15|||1473|||122|||269
Q|||13|||1487|||155|||269
bt|||8|||1527|||113|||269
ncols|||3|||51|||8|||270
+=|||8|||59|||9|||270
y|||13|||159|||9|||270
vec|||4|||329|||9|||270
vec|||8|||336|||9|||270
r|||8|||369|||9|||270
>=|||3|||708|||8|||270
columns|||6|||801|||9|||270
h_Dst|||1|||959|||5|||270
<=|||6|||967|||8|||270
pixelsPerFrame|||3|||1092|||8|||270
vec|||9|||1270|||5|||270
0.5|||13|||1283|||7|||270
DEBUG|||4|||1323|||9|||270
vec_out|||2|||95|||16|||271
d_out|||1|||154|||9|||271
d_out|||2|||155|||16|||271
d_out|||10|||218|||16|||271
ind_out|||10|||688|||13|||271
mat|||6|||324|||32|||272
mat|||7|||326|||15|||272
mat|||10|||331|||32|||272
mat|||11|||333|||15|||272
mat|||14|||390|||32|||272
mat|||15|||392|||15|||272
n|||2|||15|||10|||273
n|||5|||24|||10|||273
n|||8|||75|||10|||273
n|||11|||80|||10|||273
n|||14|||114|||10|||273
npml|||1|||418|||23|||274
npml|||3|||419|||40|||274
npml|||5|||421|||25|||274
npml|||10|||784|||12|||274
npml|||11|||784|||23|||274
npml|||12|||784|||29|||274
Ysize|||1|||509|||7|||275
Zsize|||1|||509|||10|||275
Zsize|||2|||510|||14|||275
Xsize|||3|||511|||9|||275
Ysize|||3|||511|||11|||275
Ysize|||8|||543|||10|||275
array_size|||7|||901|||11|||275
image_size|||1|||1126|||9|||275
image_size|||9|||1131|||8|||275
image_size|||12|||1134|||8|||275
img_size|||1|||1301|||4|||275
img_size|||3|||1305|||8|||275
ksize|||11|||1407|||10|||275
ksize|||12|||1408|||10|||275
img_size|||6|||1526|||8|||275
t_id|||14|||55|||25|||276
val|||8|||164|||37|||276
0.85|||1|||246|||31|||276
un_idx|||12|||272|||21|||276
input|||13|||299|||37|||276
tempval|||2|||357|||23|||276
dout|||2|||366|||36|||276
device_input|||2|||373|||33|||276
else|||14|||384|||35|||276
nnz|||1|||418|||26|||276
score_factors|||3|||433|||33|||276
:|||9|||459|||32|||276
idy|||4|||489|||33|||276
rows|||8|||493|||31|||276
memWidth|||3|||526|||27|||276
perimeter|||7|||537|||26|||276
dia|||2|||593|||20|||276
320|||1|||594|||32|||276
cos|||11|||612|||37|||276
3|||8|||625|||37|||276
max_vd|||6|||649|||26|||276
vector|||10|||663|||33|||276
ny|||5|||726|||35|||276
Pvalue|||7|||742|||35|||276
h_N|||4|||744|||31|||276
nnx|||2|||784|||27|||276
ps|||5|||786|||28|||276
pg|||6|||788|||33|||276
J|||5|||883|||33|||276
UN|||3|||886|||34|||276
debug|||3|||908|||34|||276
batchInJump|||1|||925|||31|||276
outputlength|||8|||927|||27|||276
ns|||11|||988|||33|||276
before_nms_boxes|||1|||1056|||26|||276
K|||7|||1074|||27|||276
s|||15|||1145|||32|||276
d_KinectDisparity|||1|||1172|||13|||276
d_KinectDisparity|||3|||1175|||30|||276
sampleIndex|||13|||1184|||30|||276
!=|||2|||1219|||25|||276
h1|||1|||1231|||28|||276
INCY|||11|||1246|||35|||276
q_q|||1|||1341|||28|||276
height_col|||9|||1418|||25|||276
c_im|||8|||1422|||19|||276
-0.668311119f|||2|||1444|||17|||276
firstIndexToGrab|||2|||1471|||30|||276
bit1|||3|||1473|||27|||276
rt|||2|||1522|||32|||276
mul_Scalar_matrix|||1|||84|||1|||277
myId|||1|||170|||4|||277
unsigned|||10|||320|||3|||277
IND|||7|||475|||5|||277
devidecountInnerCPU|||1|||509|||1|||277
Xsize|||5|||542|||4|||277
cpu_matrix_mult|||1|||714|||1|||277
MulMatrixOnCPU|||1|||725|||2|||277
i1|||1|||784|||4|||277
i1|||9|||788|||4|||277
cotans|||5|||834|||3|||277
cotans|||10|||943|||3|||277
dot|||1|||1246|||5|||277
H|||3|||1264|||3|||277
w1|||6|||1362|||4|||277
h1|||11|||1365|||4|||277
data_size|||4|||499|||16|||278
ns|||15|||990|||19|||278
image_size|||2|||1127|||21|||278
dx|||5|||1212|||23|||278
data|||3|||3|||1|||279
add|||1|||14|||1|||279
arr|||3|||26|||1|||279
data|||7|||31|||1|||279
f3|||4|||37|||0|||279
add|||2|||159|||1|||279
val|||13|||167|||1|||279
tx|||8|||232|||1|||279
means|||9|||388|||1|||279
sxz|||4|||422|||0|||279
output|||14|||435|||1|||279
diff|||7|||445|||1|||279
cnt|||6|||451|||1|||279
FFT|||4|||468|||1|||279
char|||9|||475|||1|||279
temp|||10|||476|||1|||279
grayscale|||1|||624|||1|||279
column|||15|||796|||1|||279
cell|||7|||863|||1|||279
drho|||14|||1315|||0|||279
drho|||15|||1316|||0|||279
uSum|||9|||1359|||0|||279
rt|||5|||1523|||1|||279
rt|||6|||1527|||1|||279
dy|||7|||1602|||1|||279
d_temp|||10|||1256|||12|||280
d_temp|||11|||1257|||12|||280
vector|||1|||149|||9|||281
vector|||6|||276|||38|||281
100|||1|||1|||21|||282
]|||4|||6|||20|||282
old_arr|||3|||8|||18|||282
i|||5|||15|||22|||282
nrows|||3|||51|||20|||282
t_id|||4|||53|||14|||282
INCX|||2|||67|||21|||282
ALPHA|||3|||69|||20|||282
INCX|||5|||71|||21|||282
ALPHA|||6|||73|||20|||282
x|||5|||100|||22|||282
vector|||2|||150|||22|||282
val|||12|||166|||22|||282
myId|||4|||170|||18|||282
count|||1|||174|||16|||282
Z|||1|||189|||16|||282
X|||11|||190|||22|||282
gradient|||2|||198|||22|||282
col|||2|||223|||22|||282
%|||4|||231|||22|||282
prA|||2|||246|||19|||282
id|||14|||249|||17|||282
Y|||10|||264|||18|||282
d_acts|||4|||272|||12|||282
inner_reps|||1|||291|||15|||282
rand|||1|||298|||18|||282
rand|||2|||299|||22|||282
output|||7|||319|||18|||282
x_outer_prod|||2|||338|||16|||282
vecX|||3|||345|||20|||282
>|||10|||347|||22|||282
else|||15|||386|||21|||282
cluster|||3|||397|||22|||282
width|||8|||413|||22|||282
jsx|||1|||418|||14|||282
ny|||1|||448|||19|||282
cnt|||8|||453|||22|||282
srcData|||7|||461|||18|||282
nviews|||1|||463|||15|||282
width|||11|||470|||13|||282
dec_size|||1|||517|||13|||282
memHeight|||4|||528|||15|||282
memWidth|||13|||530|||15|||282
sin|||3|||609|||22|||282
indptr|||1|||652|||17|||282
jj|||8|||655|||20|||282
pitch|||5|||675|||17|||282
clamp_min|||1|||703|||14|||282
clamp_max|||9|||713|||15|||282
Pvalue|||10|||744|||20|||282
Start|||2|||772|||21|||282
colorImage|||12|||803|||15|||282
dt|||1|||816|||19|||282
dt|||4|||823|||20|||282
fabs|||5|||840|||22|||282
points|||1|||849|||18|||282
left|||1|||859|||14|||282
right|||6|||871|||18|||282
End|||2|||884|||21|||282
|||||6|||899|||16|||282
outputlength|||2|||925|||21|||282
batchInJump|||3|||927|||16|||282
frontJump|||6|||934|||15|||282
colsB|||9|||979|||20|||282
spatial|||11|||1002|||22|||282
MeanLogNormalFrame|||1|||1089|||13|||282
delta|||5|||1117|||16|||282
si|||1|||1156|||17|||282
d_KinectDisparity|||4|||1177|||15|||282
Q|||5|||1193|||20|||282
minw|||2|||1232|||21|||282
dot|||2|||1246|||22|||282
img_size|||2|||1302|||20|||282
DRHO|||3|||1323|||15|||282
q_q|||5|||1343|||13|||282
xq|||10|||1352|||16|||282
add|||7|||1361|||17|||282
Delta|||1|||1442|||22|||282
firstIndexToGrab|||11|||1473|||15|||282
gpu_img_in_y|||1|||1521|||9|||282
boxes_before_nms|||2|||1538|||18|||282
anchorW|||14|||1599|||18|||282
preW|||11|||1615|||17|||282
bottom_data|||12|||1666|||15|||282
offset|||2|||795|||56|||283
offset|||15|||801|||51|||283
1.0|||1|||500|||35|||284
1.0|||3|||503|||19|||284
0.0|||1|||634|||56|||284
0.0|||4|||636|||53|||284
0.0|||5|||638|||26|||284
0.0|||7|||640|||11|||284
0.0|||8|||641|||10|||284
0.0|||9|||642|||9|||284
0.0|||10|||661|||20|||284
x0|||2|||817|||59|||284
x0|||5|||817|||81|||284
x0|||8|||821|||31|||284
x0|||10|||821|||46|||284
x0|||14|||823|||15|||284
x0|||15|||823|||25|||284
1.0|||4|||1037|||52|||284
1.0|||5|||1039|||35|||284
1.0|||6|||1041|||12|||284
1.0|||8|||1081|||52|||284
1.0|||9|||1083|||35|||284
1.0|||10|||1085|||12|||284
2.0|||1|||1090|||54|||284
2.0|||2|||1093|||37|||284
2.0|||3|||1096|||25|||284
bit0|||3|||1473|||10|||284
dec_index|||1|||518|||4|||285
dec_index|||2|||518|||8|||285
bit_index|||4|||520|||2|||285
dec_index|||12|||522|||5|||285
bit_index|||8|||523|||2|||285
bit_index|||9|||524|||2|||285
out_index|||9|||951|||2|||285
out_index|||14|||953|||2|||285
in_index|||7|||955|||2|||285
col_index|||10|||1422|||2|||285
old_arr|||2|||6|||22|||286
;|||15|||8|||22|||286
i|||12|||16|||26|||286
nrows|||2|||49|||24|||286
a|||6|||55|||18|||286
b|||8|||80|||26|||286
b|||12|||109|||26|||286
m|||2|||114|||26|||286
B|||2|||124|||26|||286
B|||6|||145|||26|||286
index|||14|||164|||26|||286
INCX|||9|||181|||24|||286
flags|||3|||196|||24|||286
2.3|||3|||216|||18|||286
col|||3|||223|||26|||286
INCX|||12|||244|||24|||286
INCY|||7|||264|||21|||286
width|||1|||320|||19|||286
x_outer_prod|||1|||337|||12|||286
vecX|||2|||343|||24|||286
dims|||7|||346|||16|||286
cluster|||4|||397|||26|||286
jsz|||1|||418|||17|||286
pred|||2|||441|||26|||286
nxprj2|||6|||466|||20|||286
height|||12|||481|||18|||286
d_input|||9|||487|||20|||286
srcData|||12|||500|||22|||286
:|||13|||502|||21|||286
return|||8|||508|||26|||286
Xsize|||6|||542|||21|||286
maxval|||1|||568|||16|||286
maxval|||2|||569|||25|||286
pupacion|||1|||593|||13|||286
g|||8|||632|||22|||286
-=|||10|||636|||24|||286
max_vd|||1|||644|||12|||286
maxvd|||4|||649|||19|||286
indptr|||8|||677|||17|||286
h_M|||4|||744|||22|||286
c1|||1|||751|||21|||286
offset|||12|||801|||22|||286
pixels_per_image|||7|||808|||18|||286
f|||12|||840|||26|||286
right|||1|||859|||18|||286
cell|||15|||867|||22|||286
UE|||4|||888|||22|||286
occNo|||2|||906|||23|||286
spatial|||12|||1002|||26|||286
max_coordinate|||6|||1068|||19|||286
featureSize|||1|||1144|||19|||286
sLength|||1|||1156|||20|||286
distMat|||1|||1216|||18|||286
sample|||1|||1231|||19|||286
d_temp|||6|||1254|||21|||286
dpsi|||8|||1320|||22|||286
dpsi|||9|||1321|||22|||286
dpsi|||10|||1322|||22|||286
realPart|||6|||1343|||16|||286
w2|||5|||1361|||20|||286
outputIndex|||1|||1423|||19|||286
bit0|||6|||1483|||18|||286
scaleClamp|||1|||1591|||21|||286
y|||4|||16|||14|||287
y|||8|||101|||14|||287
y|||9|||134|||12|||287
/|||8|||157|||10|||287
/|||12|||168|||14|||287
parameter|||3|||199|||14|||287
inputs|||2|||299|||14|||287
max_hd|||8|||650|||9|||287
ps|||9|||788|||11|||287
t_id|||5|||53|||19|||288
?|||4|||194|||27|||288
%|||7|||324|||29|||288
%|||10|||331|||29|||288
%|||13|||390|||29|||288
jsz|||4|||422|||22|||288
bit_stream|||4|||520|||16|||288
out|||1|||660|||23|||288
depth_scale|||1|||669|||17|||288
before_nms_boxes|||3|||1059|||23|||288
r_i|||10|||1348|||24|||288
im_row|||10|||1422|||15|||288
batchSize|||13|||1591|||24|||288
const|||6|||108|||15|||289
const|||11|||159|||19|||289
top_data|||3|||1620|||149|||290
top_data|||8|||1620|||320|||290
top_data|||14|||1622|||155|||290
bottom_data|||3|||1657|||161|||290
bottom_data|||4|||1657|||234|||290
bottom_data|||7|||1659|||85|||290
bottom_data|||14|||1666|||149|||290
bottom_data|||15|||1666|||222|||290

++|||3|||6|||15|||292
float|||7|||38|||11|||292
myId|||3|||170|||12|||292
A|||11|||226|||15|||292
&|||6|||524|||9|||292
b_grad|||1|||677|||9|||292
113|||4|||1054|||13|||292
q_q|||9|||1345|||7|||292
index|||3|||29|||12|||293
index|||7|||30|||11|||293
index|||12|||164|||12|||293
inputLength|||4|||930|||5|||294
IJ|||11|||774|||32|||295
coef|||3|||1039|||33|||295
coef|||11|||1083|||33|||295
double|||14|||129|||11|||296
w|||4|||946|||103|||297
w|||5|||949|||41|||297
w|||7|||949|||82|||297
w|||8|||951|||27|||297
numElements|||1|||0|||4|||298
float|||5|||38|||3|||298
probability|||4|||303|||7|||298
outputlength|||6|||927|||6|||298
un_idx|||5|||269|||33|||299
temp|||2|||471|||51|||299
3.14159265359|||2|||534|||42|||299
temp|||13|||550|||53|||299
keyCharPtr|||3|||584|||43|||299
0.71|||2|||628|||49|||299
pitch|||2|||670|||48|||299
tmp|||6|||715|||51|||299
LS|||2|||772|||50|||299
▁|||1|||906|||48|||299
maximum|||3|||910|||53|||299
sources_x|||2|||984|||49|||299
uidx|||8|||1015|||47|||299
coef|||1|||1037|||50|||299
channels|||2|||1405|||45|||299
channels|||10|||1502|||45|||299
w2|||10|||1362|||164|||300
y2|||1|||1442|||141|||300
y2|||3|||1442|||176|||300
x2|||8|||1444|||175|||300
bit2|||1|||1471|||59|||300
bt2|||2|||1522|||134|||300
rt2|||3|||1522|||152|||300
gt2|||3|||1522|||182|||300
bt2|||6|||1527|||103|||300
rt2|||8|||1527|||128|||300
gt2|||7|||1527|||151|||300
dout|||4|||370|||6|||301
out|||4|||668|||0|||301
ind_out|||5|||686|||36|||301
ind_out|||6|||686|||46|||301
out|||10|||830|||0|||301
out|||12|||835|||0|||301
H_out|||2|||1262|||68|||301
boxes_out|||5|||1385|||59|||301
labels_out|||2|||1385|||77|||301
boxes_out|||6|||1385|||87|||301
boxes_out|||8|||1385|||123|||301
boxes_out|||9|||1385|||141|||301
scores_out|||3|||1385|||159|||301
boxes_out|||13|||1387|||44|||301
labels_out|||4|||1387|||62|||301
boxes_out|||15|||1387|||90|||301
scores_out|||5|||1387|||144|||301
scores_out|||6|||1389|||45|||301
scores_out|||8|||1397|||73|||301
ALPHA|||8|||265|||33|||302
ALPHA|||9|||267|||29|||302
colsA|||3|||975|||59|||302
colsA|||5|||977|||44|||302
colsA|||7|||979|||29|||302
colsA|||9|||981|||14|||302
memWidth|||4|||526|||40|||303
maxval|||4|||569|||50|||303
d_ind_sub|||2|||686|||34|||303
0.07|||4|||795|||52|||303
image|||8|||808|||39|||303
binary|||3|||840|||55|||303
▁|||13|||908|||46|||303
sr|||3|||1159|||53|||303
learning_rate|||1|||1250|||36|||303
psi|||11|||1319|||48|||303
last|||4|||1323|||33|||303
dist|||2|||1487|||43|||303
gpu_img_out_r|||1|||1521|||24|||303
c|||4|||52|||5|||304
c|||7|||79|||5|||304
heapPtr|||4|||262|||6|||304
anchorH|||15|||1612|||5|||304
im_row|||1|||1405|||121|||305
im_row|||2|||1405|||168|||305
im_row|||3|||1411|||57|||305
im_row|||4|||1411|||104|||305
im_row|||5|||1416|||16|||305
im_row|||6|||1416|||63|||305
im_row|||8|||1418|||49|||305
im_row|||11|||1502|||121|||305
im_row|||12|||1502|||171|||305
im_row|||13|||1508|||57|||305
im_row|||14|||1508|||107|||305
im_row|||15|||1513|||16|||305
idx|||3|||1|||12|||306
idx|||4|||1|||18|||306
idx|||7|||2|||11|||306
idx|||12|||10|||12|||306
idx|||13|||10|||18|||306
idx|||14|||10|||23|||306
availablePixels|||1|||660|||8|||307
availablePixels|||2|||661|||11|||307
availablePixels|||4|||1216|||8|||307
availablePixels|||5|||1217|||11|||307
pow|||5|||267|||20|||308
jj|||1|||653|||21|||308
jj|||13|||656|||19|||308
pow|||9|||1004|||21|||308
bottom_data|||1|||1656|||10|||308
filters_diff|||1|||1656|||40|||309
filters_diff|||2|||1657|||86|||309
temp_diff|||2|||1657|||91|||309
filters_diff|||3|||1657|||117|||309
temp_diff|||3|||1657|||124|||309
filters_diff|||4|||1657|||145|||309
filters_diff|||5|||1657|||184|||309
temp_diff|||5|||1657|||193|||309
filters_diff|||7|||1657|||257|||309
temp_diff|||7|||1657|||266|||309
filters_diff|||8|||1657|||289|||309
temp_diff|||8|||1657|||298|||309
filters_diff|||9|||1657|||324|||309
filters_diff|||10|||1657|||354|||309
temp_diff|||10|||1657|||363|||309
filters_diff|||11|||1659|||71|||309
filters_diff|||12|||1659|||102|||309
temp_diff|||12|||1659|||109|||309
filters_diff|||13|||1659|||130|||309
filters_diff|||14|||1659|||169|||309
temp_diff|||14|||1659|||178|||309
filters_diff|||15|||1659|||201|||309
temp_diff|||15|||1659|||210|||309
+|||9|||82|||10|||310
+|||10|||83|||9|||310
+|||12|||111|||10|||310
+|||13|||112|||9|||310
+|||15|||137|||10|||310
un_idx|||6|||269|||40|||311
DIM|||4|||380|||60|||311
B|||15|||575|||64|||311
d_ind|||2|||686|||39|||311
h_P|||3|||742|||56|||311
NJ|||3|||774|||56|||311
colorImage|||7|||799|||54|||311
ELEMENT_INDEX|||10|||896|||50|||311
indexOutBatch|||4|||927|||45|||311
K|||14|||1109|||58|||311
xq|||2|||1157|||61|||311
si|||3|||1159|||62|||311
exp|||3|||1224|||54|||311
.|||4|||1323|||39|||311
sr|||9|||1348|||52|||311
double|||1|||5|||3|||312
(|||5|||6|||5|||312
&&|||8|||970|||5|||312
add_sources_d|||1|||983|||1|||312
size2d|||10|||1015|||3|||312
b|||4|||52|||13|||313
b|||7|||79|||13|||313
vecX|||1|||342|||9|||313
devMatX|||13|||530|||10|||313
3.14159265359|||4|||538|||8|||313
totalPixels|||10|||1217|||13|||313
preCx|||11|||1615|||13|||313
arr|||4|||27|||0|||314
if|||3|||45|||0|||314
while|||2|||203|||0|||314
if|||6|||235|||0|||314
if|||9|||257|||0|||314
if|||12|||262|||0|||314
variance|||8|||1000|||0|||314
variance|||11|||1006|||0|||314
variance|||12|||1007|||0|||314
assert|||3|||1365|||0|||314
assert|||4|||1366|||0|||314
while|||5|||1468|||0|||314
assert|||7|||1557|||0|||314
assert|||8|||1558|||0|||314
for|||3|||6|||4|||315
operacionCPU|||1|||200|||1|||315
un_idx|||1|||269|||2|||315
un_idx|||8|||271|||2|||315
AddMatrixOnCPU|||1|||448|||1|||315
IND|||12|||480|||2|||315
devidecountCPU|||1|||541|||1|||315
edad|||8|||599|||3|||315
h_a|||6|||723|||2|||315
host_a|||6|||881|||2|||315
R|||5|||1050|||4|||315
sr|||11|||1355|||2|||315
gt|||1|||1522|||4|||315
gt|||10|||1532|||3|||315
pixelNum|||13|||639|||4|||316
filters|||8|||1005|||5|||316
anchor|||14|||1596|||4|||316
height|||2|||321|||12|||317
height|||3|||322|||11|||317
height|||4|||408|||17|||317
height|||6|||413|||9|||317
height|||8|||470|||16|||317
height|||9|||471|||25|||317
height|||11|||474|||9|||317
height|||13|||482|||25|||317
%|||1|||75|||24|||318
char|||5|||322|||23|||318
memWidth|||2|||526|||18|||318
gp|||4|||788|||21|||318
source_amplitude|||1|||983|||17|||318
nt|||1|||983|||41|||319
nt|||2|||984|||80|||319
nt|||3|||984|||84|||319
nt|||4|||988|||60|||319
nt|||5|||988|||64|||319
nt|||6|||990|||46|||319
nt|||7|||990|||50|||319
)|||2|||1|||14|||320
new_arr|||1|||5|||9|||320
new_arr|||3|||8|||13|||320
)|||8|||10|||14|||320
ncols|||1|||48|||9|||320
double|||11|||118|||10|||320
10|||3|||168|||15|||320
indptr|||5|||655|||13|||320
indptr|||12|||680|||13|||320
h_N|||1|||738|||9|||320
iN|||6|||829|||14|||320
!|||3|||899|||11|||320
sumQ|||12|||1193|||13|||320
aImg2|||3|||322|||35|||321
nxprj2|||2|||464|||25|||321
nxprj2|||3|||464|||35|||321
nxprj2|||4|||464|||44|||321
nxprj2|||5|||466|||10|||321
nxprj2|||7|||466|||29|||321
nxprj2|||8|||467|||9|||321
nxprj2|||10|||468|||14|||321
nxprj2|||12|||469|||13|||321
c2|||1|||751|||27|||321
c2|||4|||752|||74|||321
c2|||6|||754|||50|||321
c2|||8|||756|||35|||321
c2|||11|||758|||38|||321
i2|||2|||784|||25|||321
i2|||4|||784|||40|||321
i2|||7|||786|||14|||321
i2|||8|||786|||23|||321
i2|||11|||787|||13|||321
host_inputArray2|||1|||1069|||11|||321
host_inputArray2|||3|||1072|||47|||321
host_inputArray2|||5|||1077|||12|||321
h2|||1|||1231|||41|||321
w2|||2|||1232|||63|||321
c2|||13|||1232|||75|||321
c2|||15|||1242|||19|||321
beta2|||1|||1250|||27|||321
beta2|||2|||1251|||60|||321
beta2|||3|||1251|||69|||321
s2|||1|||1361|||32|||321
h2|||6|||1362|||21|||321
w2|||8|||1362|||59|||321
h2|||8|||1362|||72|||321
h2|||9|||1362|||77|||321
w2|||13|||1369|||6|||321
w2|||14|||1369|||11|||321
h2|||13|||1370|||6|||321
h2|||14|||1370|||11|||321
w2|||15|||1374|||50|||321
h2|||15|||1374|||57|||321
s2|||4|||1376|||91|||321
s2|||5|||1378|||77|||321
x2|||1|||1442|||139|||321
y2|||4|||1442|||196|||321
x2|||6|||1444|||131|||321
y2|||7|||1444|||157|||321
y2|||8|||1444|||177|||321
y2|||10|||1462|||7|||321
bit2|||2|||1471|||173|||321
bit2|||6|||1483|||14|||321
gt2|||1|||1522|||11|||321
bt2|||1|||1522|||13|||321
rt2|||2|||1522|||110|||321
gt2|||2|||1522|||122|||321
rt2|||6|||1527|||79|||321
rt2|||7|||1527|||121|||321
bt2|||7|||1527|||136|||321
bt2|||8|||1527|||143|||321
rt2|||10|||1534|||6|||321
bt2|||10|||1535|||6|||321
gt2|||10|||1536|||6|||321
<<|||1|||1471|||37|||322
<<|||2|||1471|||54|||322
<<|||4|||1471|||88|||322
<<|||5|||1471|||105|||322
<<|||6|||1471|||122|||322
<<|||7|||1471|||139|||322
<<|||8|||1471|||156|||322
<<|||10|||1473|||39|||322
<<|||13|||1473|||90|||322
<<|||14|||1473|||107|||322
<<|||15|||1473|||124|||322
weight|||8|||835|||5|||323
the|||1|||906|||68|||324
/=|||13|||949|||79|||324
pow|||6|||995|||90|||324
grad|||3|||1009|||86|||324
grad|||10|||1023|||86|||324
113|||2|||1048|||89|||324
d_regularDisparity|||3|||1175|||65|||324
occNo|||6|||1314|||79|||324
xi|||7|||1341|||75|||324
bit7|||2|||1471|||163|||324
bit7|||3|||1473|||129|||324
bit7|||4|||1473|||148|||324
anchor|||6|||1592|||98|||324
anchor|||7|||1592|||118|||324
anchor|||13|||1594|||103|||324
IJ|||13|||774|||42|||325
i|||3|||15|||12|||326
int|||15|||17|||10|||326
i|||15|||24|||12|||326
rows|||1|||222|||10|||326
reference|||1|||408|||9|||326
pcountinner|||8|||515|||10|||326
dt|||5|||825|||10|||326
UN|||4|||888|||10|||326
height_M|||2|||1105|||10|||326
width_M|||10|||1113|||10|||326
▁|||10|||906|||71|||327
.|||2|||908|||70|||327
filterR|||4|||960|||87|||327
uidx|||2|||1009|||92|||327
uidx|||13|||1023|||92|||327
K|||12|||1105|||88|||327
1.0e-16|||1|||1127|||84|||327
0.114|||1|||1302|||65|||327
xMin|||1|||1442|||72|||327
bit3|||1|||1471|||76|||327
0x01|||12|||1473|||71|||327
P|||4|||1487|||86|||327
output|||4|||315|||11|||328
r|||5|||365|||12|||328
width|||5|||409|||15|||328
truth|||1|||440|||12|||328
d_disparity|||1|||669|||5|||328
columns|||2|||795|||15|||328
<=|||5|||965|||14|||328
D|||15|||1141|||15|||328
d_regularDisparity|||5|||1180|||11|||328
stride|||15|||1243|||12|||328
threshold|||4|||1428|||12|||328
Q|||7|||1486|||13|||328
[|||1|||1|||17|||329
size|||1|||5|||12|||329
]|||6|||8|||16|||329
[|||8|||10|||17|||329
]|||14|||15|||18|||329
=|||12|||16|||18|||329
index|||4|||29|||18|||329
*|||15|||48|||12|||329
offsets|||2|||49|||17|||329
size|||7|||52|||16|||329
size|||8|||53|||12|||329
u|||4|||62|||18|||329
INCX|||1|||66|||14|||329
INCX|||3|||69|||17|||329
INCX|||4|||70|||14|||329
INCX|||6|||73|||17|||329
n|||10|||79|||16|||329
k|||4|||80|||18|||329
+=|||11|||101|||18|||329
double|||8|||113|||13|||329
const|||7|||144|||15|||329
end|||1|||149|||16|||329
Y|||1|||178|||15|||329
INCY|||3|||181|||17|||329
Y|||4|||189|||12|||329
X|||12|||192|||18|||329
reduction|||2|||194|||17|||329
-=|||5|||199|||18|||329
u_d|||4|||205|||14|||329
if|||4|||231|||18|||329
Y|||7|||241|||15|||329
INCY|||6|||244|||17|||329
num_nodes|||1|||245|||13|||329
Tau|||7|||256|||15|||329
heap|||3|||261|||16|||329
INCX|||13|||264|||14|||329
INCY|||9|||267|||17|||329
d_acts|||1|||268|||10|||329
un_idx|||3|||269|||12|||329
j|||1|||276|||18|||329
probability|||1|||298|||14|||329
input|||15|||302|||18|||329
aRS|||2|||321|||17|||329
x_average|||7|||341|||10|||329
alpha|||9|||342|||12|||329
vecY|||2|||343|||17|||329
score|||2|||347|||18|||329
device_output|||1|||372|||12|||329
bid|||4|||380|||17|||329
counts|||4|||384|||17|||329
alphas|||1|||389|||10|||329
sx|||1|||396|||14|||329
sy|||3|||401|||18|||329
szbeg|||1|||418|||11|||329
score|||6|||431|||18|||329
data_size|||1|||458|||12|||329
in_image|||4|||475|||16|||329
d_input|||1|||481|||10|||329
d_output|||3|||484|||16|||329
cols|||10|||489|||17|||329
srcData|||11|||499|||13|||329
srcDiff|||4|||502|||15|||329
2|||6|||505|||18|||329
pn|||4|||512|||16|||329
pn|||7|||514|||16|||329
memWidth|||7|||528|||12|||329
malloc|||1|||532|||16|||329
&|||8|||588|||15|||329
input_str_cuda|||4|||592|||7|||329
edad|||9|||599|||13|||329
sin|||6|||611|||18|||329
imageNum|||1|||633|||13|||329
maxhd|||5|||649|||12|||329
pitch|||1|||669|||8|||329
d_disparity|||5|||675|||13|||329
d_ind_sub|||1|||685|||5|||329
fmax|||7|||712|||13|||329
IJ|||1|||772|||17|||329
Start|||7|||775|||17|||329
pixels_per_image|||2|||806|||10|||329
right_columns|||1|||859|||10|||329
shared_dimensions|||9|||870|||14|||329
End|||7|||887|||17|||329
0.0f|||5|||891|||11|||329
w|||1|||945|||13|||329
out_index|||5|||949|||16|||329
nt|||9|||993|||15|||329
max_coordinate|||1|||1056|||11|||329
newvalue|||9|||1097|||9|||329
height_M|||1|||1104|||16|||329
truth|||5|||1117|||12|||329
1.0e-16|||3|||1136|||12|||329
sr|||1|||1156|||13|||329
real|||1|||1157|||17|||329
sr|||4|||1164|||17|||329
data_j|||4|||1219|||11|||329
h1|||4|||1243|||14|||329
Y|||13|||1245|||15|||329
w|||15|||1250|||13|||329
0.299|||3|||1310|||10|||329
0.499|||6|||1312|||10|||329
drho|||4|||1314|||15|||329
uSum|||1|||1341|||17|||329
q_i|||5|||1343|||11|||329
pad|||2|||1405|||16|||329
totalScoreNum|||12|||1430|||14|||329
pic|||1|||1441|||15|||329
channel|||10|||1470|||14|||329
pad|||12|||1502|||16|||329
1.772|||3|||1530|||10|||329
boxes_before_nms|||1|||1537|||6|||329
anchorW|||5|||1594|||17|||329
filtered_I|||1|||1181|||23|||330
sumI|||2|||1182|||24|||330
sumI|||3|||1182|||72|||330
sumI|||4|||1182|||103|||330
sumI|||5|||1184|||5|||330
sumI|||6|||1184|||9|||330
sumI|||7|||1184|||57|||330
sumI|||8|||1184|||88|||330
sumI|||14|||1196|||5|||330
g|||1|||625|||5|||331
g|||9|||1302|||5|||331
?|||1|||164|||34|||332
heap|||2|||259|||31|||332
j|||4|||276|||33|||332
0.f|||1|||357|||21|||332
3|||5|||392|||32|||332
mx|||2|||397|||34|||332
rows|||5|||489|||31|||332
devMat|||5|||526|||25|||332
images|||10|||638|||29|||332
jj|||15|||657|||34|||332
d_label_sub|||1|||685|||15|||332
clamp_min|||4|||707|||26|||332
J|||1|||771|||29|||332
Start|||3|||772|||33|||332
column|||5|||779|||34|||332
nnz|||9|||786|||25|||332
col_a|||4|||875|||30|||332
z|||9|||1009|||34|||332
R|||1|||1046|||34|||332
K|||4|||1072|||30|||332
width_M|||4|||1107|||30|||332
error|||6|||1118|||34|||332
uLength|||1|||1156|||27|||332
filtSig|||1|||1216|||25|||332
f\t|||3|||1323|||21|||332
length|||1|||154|||12|||333
length|||7|||305|||12|||333
grayImage|||2|||795|||83|||334
ELEMENT_INDEX|||5|||891|||82|||334
mask|||2|||891|||85|||334
▁|||9|||906|||69|||334
rho|||4|||906|||82|||334
maximum|||5|||910|||107|||334
maximum|||10|||912|||92|||334
/=|||12|||946|||100|||334
scale|||15|||995|||114|||334
gray|||2|||1046|||120|||334
gray|||4|||1048|||105|||334
max_coordinate|||2|||1057|||89|||334
beta|||2|||1070|||85|||334
in_grad|||2|||1081|||99|||334
out_grad|||2|||1081|||110|||334
newvalue|||3|||1090|||72|||334
pixel|||9|||1090|||84|||334
pixel|||10|||1090|||98|||334
bands|||3|||1127|||98|||334
imag|||3|||1157|||128|||334
imag|||7|||1159|||113|||334
imag|||8|||1159|||115|||334
d_regularDisparityPitch|||2|||1173|||84|||334
v|||4|||1251|||91|||334
beta2_tpower|||2|||1251|||99|||334
eps|||2|||1251|||103|||334
learning_rate|||3|||1254|||97|||334
Wk|||2|||1262|||165|||334
forward|||3|||1290|||111|||334
forward|||4|||1292|||97|||334
gpu_img_out_u|||2|||1302|||70|||334
-0.169|||1|||1302|||80|||334
0.331|||1|||1302|||84|||334
0.0813|||1|||1302|||113|||334
0.331|||2|||1306|||59|||334
gpu_img_out_v|||3|||1306|||70|||334
0.0813|||2|||1306|||88|||334
dpsi|||4|||1314|||119|||334
printf|||3|||1314|||134|||334
DEBUG|||3|||1314|||137|||334
\t|||1|||1314|||147|||334
f\t|||1|||1314|||149|||334
f\t|||2|||1314|||151|||334
This|||3|||1314|||155|||334
is|||3|||1314|||157|||334
last|||3|||1314|||161|||334
DRHO|||2|||1314|||165|||334
.|||3|||1314|||167|||334
sr|||7|||1341|||101|||334
si|||7|||1341|||108|||334
sr|||8|||1343|||86|||334
si|||8|||1343|||93|||334
scores|||2|||1385|||164|||334
labels|||3|||1387|||159|||334
channels|||3|||1405|||166|||334
channels|||5|||1411|||102|||334
xMid|||2|||1442|||74|||334
yMin|||1|||1442|||80|||334
yMin|||2|||1442|||112|||334
256|||1|||1442|||146|||334
do|||1|||1442|||148|||334
--|||1|||1442|||181|||334
while|||3|||1442|||184|||334
<=|||13|||1442|||198|||334
pic|||2|||1442|||203|||334
256|||2|||1444|||127|||334
--|||2|||1444|||162|||334
while|||4|||1444|||165|||334
<=|||14|||1444|||179|||334
0x01|||4|||1471|||86|||334
bit4|||1|||1471|||93|||334
0x01|||5|||1471|||103|||334
0x01|||6|||1471|||120|||334
0x01|||7|||1471|||137|||334
0x01|||8|||1471|||154|||334
bit6|||2|||1471|||165|||334
bit4|||2|||1471|||169|||334
bit3|||2|||1471|||171|||334
8|||2|||1471|||184|||334
0x01|||13|||1473|||88|||334
5|||3|||1473|||102|||334
0x01|||14|||1473|||105|||334
bit6|||3|||1473|||112|||334
bit4|||4|||1473|||154|||334
bit3|||4|||1473|||156|||334
8|||4|||1473|||169|||334
channel|||12|||1473|||171|||334
Q|||10|||1487|||95|||334
Q|||11|||1487|||115|||334
channels|||11|||1502|||169|||334
channels|||13|||1508|||105|||334
0.714|||1|||1522|||77|||334
gpu_img_in_v|||3|||1522|||80|||334
bt|||2|||1522|||89|||334
gpu_img_in_y|||4|||1522|||94|||334
1.772|||1|||1522|||99|||334
gpu_img_in_u|||3|||1522|||102|||334
bt|||3|||1522|||137|||334
bt|||4|||1522|||144|||334
gpu_img_out_r|||2|||1522|||146|||334
1.772|||2|||1527|||68|||334
gpu_img_in_u|||5|||1527|||71|||334
rt|||8|||1527|||89|||334
bt|||7|||1527|||106|||334
gpu_img_out_r|||3|||1527|||115|||334
minh|||15|||1554|||144|||334
add|||15|||1554|||224|||334
h_P|||2|||739|||74|||335
uidx|||4|||1011|||77|||335
uidx|||15|||1025|||77|||335
int|||2|||0|||6|||336
old_arr|||1|||5|||5|||336
;|||9|||6|||9|||336
;|||14|||8|||9|||336
arrayCount|||1|||9|||8|||336
]|||11|||12|||9|||336
N|||3|||19|||9|||336
*|||8|||23|||4|||336
N|||6|||30|||9|||336
tasks|||3|||35|||9|||336
a|||1|||38|||5|||336
const|||1|||41|||7|||336
double|||5|||56|||3|||336
dim|||4|||58|||9|||336
alpha|||8|||60|||9|||336
N|||9|||63|||9|||336
%|||2|||77|||9|||336
a|||11|||84|||5|||336
vec_out|||9|||98|||5|||336
dim|||7|||99|||5|||336
dim|||9|||101|||9|||336
canData|||1|||102|||5|||336
/|||3|||117|||9|||336
100|||5|||126|||9|||336
-|||6|||133|||9|||336
myId|||8|||171|||7|||336
cols|||4|||226|||9|||336
even_inc|||5|||237|||5|||336
odd_inc|||5|||240|||5|||336
prA|||7|||250|||7|||336
3000|||3|||286|||9|||336
>|||8|||308|||7|||336
2|||4|||316|||6|||336
width|||3|||322|||9|||336
m|||7|||325|||9|||336
j|||14|||326|||9|||336
m|||10|||332|||9|||336
score_thr|||4|||350|||7|||336
bid|||2|||380|||9|||336
BID|||3|||383|||8|||336
DIM|||8|||385|||8|||336
means|||8|||387|||9|||336
m|||13|||391|||9|||336
mx|||1|||396|||5|||336
ns|||3|||420|||9|||336
nx|||3|||453|||9|||336
width|||14|||472|||9|||336
idy|||9|||493|||7|||336
srcData|||13|||502|||7|||336
Xsize|||1|||509|||4|||336
2|||12|||521|||5|||336
malloc|||3|||535|||8|||336
100|||7|||560|||8|||336
100|||13|||562|||9|||336
C|||10|||574|||5|||336
&|||9|||590|||7|||336
keyIndex|||6|||591|||5|||336
dia|||6|||597|||7|||336
-=|||12|||639|||8|||336
floorf|||3|||689|||6|||336
s|||13|||702|||9|||336
fmin|||6|||710|||7|||336
fmin|||8|||713|||7|||336
ny|||6|||730|||9|||336
h_M|||1|||738|||5|||336
channel|||2|||778|||9|||336
column|||11|||795|||9|||336
rows|||14|||799|||9|||336
iN|||12|||831|||7|||336
meshStride|||9|||832|||8|||336
neighbor|||8|||835|||9|||336
weights|||1|||836|||5|||336
MASK_RADIUS|||5|||899|||5|||336
|||||7|||901|||7|||336
mask|||6|||903|||7|||336
numOfNucl|||1|||905|||5|||336
batch|||13|||945|||4|||336
w|||13|||956|||7|||336
w|||14|||958|||7|||336
imageW|||8|||964|||8|||336
imageW|||14|||972|||6|||336
ns|||9|||988|||9|||336
depth|||8|||1014|||9|||336
depth|||13|||1028|||9|||336
src|||15|||1039|||8|||336
batchSize|||4|||1061|||9|||336
M|||3|||1071|||9|||336
K|||8|||1076|||9|||336
currentFrame|||5|||1093|||7|||336
width_N|||13|||1116|||7|||336
D|||11|||1135|||8|||336
num|||8|||1146|||9|||336
devideNum|||12|||1148|||5|||336
batchSize|||8|||1149|||9|||336
xi|||1|||1156|||5|||336
real|||13|||1171|||9|||336
sampleIndex|||10|||1183|||7|||336
sumQ|||5|||1184|||7|||336
filterLength|||4|||1189|||7|||336
I|||5|||1193|||8|||336
sumQ|||14|||1197|||5|||336
totalPixels|||14|||1219|||6|||336
data_i|||10|||1226|||7|||336
filtSig|||5|||1229|||8|||336
gpu_img_in_r|||3|||1306|||3|||336
numOfNucl|||4|||1313|||5|||336
0.25|||9|||1337|||7|||336
minc|||12|||1375|||8|||336
minh|||13|||1377|||8|||336
minw|||14|||1379|||8|||336
ksize|||15|||1411|||6|||336
batchSize|||12|||1427|||9|||336
totalScoreNum|||11|||1429|||6|||336
0.00304f|||2|||1444|||5|||336
8|||3|||1473|||6|||336
end|||6|||1490|||9|||336
wsize|||4|||1625|||7|||336
b|||5|||53|||27|||337
jj|||3|||653|||37|||337
sp|||3|||786|||30|||337
d|||5|||963|||36|||337
q|||5|||1262|||162|||338
q|||11|||1267|||76|||338
q|||15|||1269|||36|||338
<|||3|||6|||11|||339
-|||11|||204|||11|||339
id|||3|||246|||11|||339
long|||4|||509|||6|||339
devMat|||2|||526|||8|||339
maxval|||6|||571|||10|||339
maxval|||13|||573|||10|||339
320|||2|||597|||9|||339
filterR|||12|||967|||9|||339
q_i|||9|||1345|||5|||339
height_col|||1|||1405|||9|||339
width_col|||7|||1416|||9|||339
data_col|||7|||1501|||5|||339
height_col|||11|||1502|||9|||339
width|||2|||321|||10|||340
width|||12|||471|||10|||340
ALPHA|||1|||66|||7|||341
ALPHA|||4|||70|||7|||341
prA|||5|||249|||8|||341
ALPHA|||7|||264|||7|||341
pixelNum|||6|||635|||9|||341
imageNum|||4|||637|||9|||341
rowsA|||3|||976|||9|||341
colsA|||8|||980|||9|||341
M|||2|||1070|||10|||341
devideNum|||7|||1147|||6|||341
priorNum|||11|||1151|||9|||341
M|||10|||1261|||7|||341
totalScoreNum|||8|||1428|||7|||341
base|||5|||1620|||24|||342
base|||6|||1620|||103|||342
base|||7|||1620|||151|||342
base|||8|||1620|||172|||342
base|||9|||1620|||226|||342
base|||10|||1620|||247|||342
base|||11|||1620|||301|||342
base|||12|||1620|||322|||342
base|||13|||1620|||370|||342
base|||14|||1620|||391|||342
base|||15|||1620|||409|||342
End|||1|||883|||30|||343
End|||3|||884|||33|||343
End|||4|||886|||6|||343
End|||6|||887|||5|||343
RES|||5|||772|||67|||344
idx|||2|||1|||8|||345
idx|||6|||2|||7|||345
idx|||11|||10|||8|||345
allAddInplace_cpu|||1|||23|||1|||346
matColMeanDiv_cpu|||1|||113|||1|||346
doubleArrayScalarDivide_cpu|||1|||154|||1|||346
activate_array_leaky_cpu|||1|||163|||1|||346
Function_update_sgd_cpu|||1|||197|||1|||346
doubleArrayVectorAdd_cpu|||1|||217|||1|||346
matVecRowSubInplace_cpu|||1|||323|||1|||346
matVecColAddInplace_cpu|||1|||330|||1|||346
convertFloatToRGBA_cpu|||1|||470|||1|||346
cudaKernel_estimateSnr_cpu|||1|||568|||1|||346
convertKinectDisparityInPlace_cpu|||1|||669|||1|||346
fabsf_clamp_cpu|||1|||703|||1|||346
colLog2SumExp2_cpu|||1|||909|||1|||346
nlf_down_forward_cpu|||1|||1619|||1|||346
nlf_up_forward_cpu|||1|||1696|||1|||346
filters|||4|||998|||8|||347
D|||13|||1136|||7|||347
"|||7|||1323|||8|||347
bit6|||4|||1473|||150|||347
bit6|||6|||1483|||6|||347
DIM|||3|||380|||48|||348
3|||4|||390|||49|||348
sy|||2|||397|||51|||348
cnt|||4|||449|||51|||348
pupacion|||2|||594|||42|||348
sum|||10|||614|||51|||348
images|||3|||634|||47|||348
depth_scale|||4|||674|||37|||348
clamp_min|||2|||704|||43|||348
c1|||3|||752|||45|||348
i1|||4|||784|||38|||348
grayValue|||1|||795|||50|||348
pixels_per_image|||3|||806|||33|||348
col_a|||2|||873|||45|||348
array_size|||5|||896|||39|||348
▁|||12|||908|||44|||348
frontJump|||3|||927|||37|||348
d|||7|||963|||48|||348
imageW|||9|||965|||45|||348
e|||3|||1070|||47|||348
width_M|||2|||1105|||45|||348
delta|||6|||1118|||51|||348
W_out|||4|||1266|||47|||348
the|||4|||1323|||31|||348
batchSize|||9|||1423|||41|||348
inputIndex|||4|||1428|||42|||348
indexInBatch|||5|||929|||1|||349
indexOutBatch|||5|||931|||1|||349
c_im|||5|||1414|||1|||349
bit4|||5|||1479|||2|||349
c_im|||13|||1511|||1|||349
else|||1|||231|||37|||350
tact|||4|||272|||24|||350
j|||5|||276|||40|||350
0.5|||2|||321|||34|||350
f_target|||5|||360|||23|||350
==|||14|||373|||37|||350
bid|||5|||380|||39|||350
cluster|||7|||397|||41|||350
delta|||2|||441|||41|||350
cnt|||2|||449|||41|||350
memHeight|||2|||526|||30|||350
d_ind|||3|||688|||24|||350
h_M|||3|||742|||37|||350
IJ|||12|||774|||37|||350
left|||4|||867|||35|||350
printf|||2|||908|||38|||350
filters|||5|||999|||41|||350
K|||1|||1069|||24|||350
sqrt|||2|||1093|||35|||350
image_size|||3|||1127|||37|||350
dot|||3|||1246|||39|||350
ksize|||3|||1405|||35|||350
frame|||4|||1444|||21|||350
step|||3|||1620|||39|||350
L|||4|||65|||0|||351
z|||4|||138|||0|||351
destination|||4|||153|||0|||351
z|||8|||173|||0|||351
sum|||8|||290|||0|||351
output|||15|||436|||0|||351
r|||15|||629|||0|||351
image|||10|||809|||0|||351
image|||11|||811|||0|||351
image|||12|||813|||0|||351
image|||13|||815|||0|||351
grad|||8|||1021|||0|||351
grad|||15|||1035|||0|||351
currentFrame|||10|||1100|||0|||351
currentFrame|||12|||1103|||0|||351
L|||8|||1171|||0|||351
L|||12|||1360|||0|||351
residual|||1|||935|||1|||352
=|||1|||1|||5|||353
=|||7|||10|||5|||353
=|||9|||15|||5|||353
=|||13|||18|||5|||353
=|||15|||24|||5|||353
2|||3|||235|||5|||353
2|||7|||507|||5|||353
yMin|||6|||1455|||4|||353
xMin|||6|||1456|||4|||353
num|||4|||93|||5|||354
num|||10|||1148|||3|||354
maxhd|||1|||643|||5|||355
real|||12|||1171|||7|||355
r_q|||9|||1345|||3|||355
scores|||5|||1402|||5|||355
cotans|||2|||827|||56|||356
cotans|||3|||829|||41|||356
cotans|||4|||832|||16|||356
cotans|||6|||935|||17|||356
cotans|||7|||936|||66|||356
cotans|||8|||938|||51|||356
cotans|||9|||941|||16|||356
cy|||1|||1442|||110|||357
cy|||2|||1442|||136|||357
cy|||3|||1442|||170|||357
cy|||4|||1444|||91|||357
cy|||5|||1444|||117|||357
cy|||6|||1444|||151|||357
cy|||8|||1458|||3|||357
cy|||9|||1462|||21|||357
cy|||10|||1465|||8|||357
x|||1|||14|||8|||358
x|||2|||15|||20|||358
x|||3|||16|||19|||358
x|||6|||101|||21|||358
x|||14|||135|||21|||358
x|||15|||137|||6|||358
vec_out|||5|||97|||1|||359
d_out|||3|||157|||1|||359
d_out|||7|||215|||1|||359
d_out|||11|||220|||1|||359
col|||6|||224|||3|||359
col|||7|||226|||3|||359
transpositionCPU|||1|||275|||1|||359
g_out|||4|||296|||1|||359
Blend_CPU|||1|||320|||1|||359
max_hd|||4|||646|||1|||359
maxhd|||6|||650|||2|||359
convolutionColumnCPU|||1|||959|||1|||359
H_out|||3|||1264|||1|||359
W_out|||3|||1265|||1|||359
int|||5|||5|||11|||360
tid|||11|||8|||15|||360
i|||4|||15|||17|||360
dim|||1|||56|||11|||360
n|||7|||74|||11|||360
x|||7|||124|||17|||360
destination|||2|||150|||17|||360
val|||5|||164|||17|||360
output|||2|||175|||17|||360
u_m|||1|||200|||12|||360
0.85|||2|||249|||13|||360
Tau|||1|||252|||9|||360
Tau|||10|||257|||14|||360
if|||10|||259|||16|||360
j|||6|||277|||17|||360
else|||5|||302|||17|||360
aRS|||3|||322|||16|||360
score_thr|||1|||346|||9|||360
device_input|||7|||378|||13|||360
10|||6|||395|||15|||360
dst|||1|||404|||11|||360
width|||4|||408|||14|||360
sxz|||2|||419|||16|||360
score_factors|||1|||430|||11|||360
cnt|||7|||453|||17|||360
temp|||4|||473|||17|||360
srcDiff|||6|||503|||14|||360
bit_stream|||1|||517|||10|||360
>>|||3|||523|||11|||360
memWidth|||11|||529|||11|||360
3.14159265359|||3|||537|||9|||360
100|||8|||560|||16|||360
mean|||1|||569|||17|||360
B|||14|||574|||13|||360
char|||13|||583|||12|||360
sin|||8|||612|||17|||360
images|||5|||636|||16|||360
maxvd|||7|||651|||11|||360
outPixelOffset|||1|||660|||11|||360
fmax|||5|||709|||12|||360
fmax|||8|||713|||12|||360
tmp|||8|||717|||17|||360
Pvalue|||6|||742|||16|||360
rows|||12|||794|||14|||360
column|||13|||795|||17|||360
auto|||4|||821|||17|||360
-4.|||4|||825|||13|||360
f|||4|||837|||17|||360
result|||4|||865|||15|||360
shared_dimensions|||10|||871|||13|||360
col_a|||6|||877|||15|||360
numOfNucl|||2|||906|||15|||360
rho|||6|||908|||15|||360
frontPrune|||1|||924|||13|||360
batch|||4|||925|||17|||360
outputlength|||7|||927|||13|||360
filterR|||9|||965|||15|||360
indptr|||15|||1036|||13|||360
num|||5|||1144|||13|||360
sumQ|||6|||1184|||13|||360
filter|||14|||1193|||15|||360
outPixelOffset|||5|||1216|||11|||360
of|||4|||1323|||13|||360
preCy|||11|||1616|||15|||360
preCx|||12|||1617|||15|||360
preCy|||12|||1618|||15|||360
stride|||1|||505|||14|||361
stride|||4|||505|||51|||361
stride|||6|||508|||9|||361
stride|||7|||508|||23|||361
stride|||9|||1231|||16|||361
stride|||10|||1232|||86|||361
stride|||11|||1232|||93|||361
stride|||13|||1234|||78|||361
stride|||14|||1243|||5|||361
db|||4|||370|||1|||362
devMat|||14|||529|||0|||362
variance|||5|||999|||1|||362
distMat|||4|||1230|||0|||362
dot|||4|||1248|||1|||362
dist|||5|||1488|||1|||362
dist|||9|||1494|||1|||362
predictBox|||14|||1615|||0|||362
predictBox|||15|||1616|||0|||362
value|||1|||84|||8|||363
Tau|||6|||256|||10|||363
meshStride|||8|||831|||9|||363
bands|||4|||1131|||10|||363
<|||2|||2|||8|||364
<|||6|||11|||8|||364
<|||8|||16|||8|||364
<|||10|||19|||8|||364
<|||12|||25|||8|||364
<|||14|||30|||8|||364
outputlength|||11|||929|||5|||364
outputlength|||12|||931|||5|||364
outputlength|||13|||932|||5|||364
1.0f|||2|||269|||26|||365
expf|||1|||269|||28|||365
expf|||2|||272|||9|||365
0.0f|||1|||670|||60|||365
0.0f|||2|||672|||45|||365
0.0f|||3|||674|||30|||365
floorf|||1|||686|||22|||365
sqrtf|||1|||1037|||54|||365
sqrtf|||2|||1039|||37|||365
sqrtf|||3|||1041|||14|||365
sqrtf|||6|||1083|||37|||365
sqrtf|||7|||1085|||14|||365
0.5f|||1|||1090|||66|||365
0.5f|||2|||1090|||68|||365
erf|||1|||1090|||70|||365
0.5f|||3|||1093|||49|||365
0.5f|||4|||1093|||51|||365
erf|||2|||1093|||53|||365
0.0f|||7|||1173|||61|||365
0.0f|||8|||1175|||46|||365
powf|||4|||1199|||72|||365
powf|||5|||1202|||51|||365
sqrtf|||10|||1202|||64|||365
sqrtf|||11|||1204|||50|||365
0.0f|||11|||1424|||133|||365
0.0f|||12|||1426|||118|||365
0.0f|||13|||1428|||103|||365
-0.055846456f|||1|||1442|||30|||365
-0.668311119f|||1|||1442|||36|||365
powf|||9|||1442|||55|||365
0.975f|||1|||1442|||57|||365
2.0f|||1|||1442|||90|||365
powf|||10|||1444|||36|||365
2.0f|||2|||1444|||71|||365
1000000000.0f|||2|||1487|||26|||365
cpu_set_sg|||1|||418|||1|||366
Isg|||1|||783|||5|||366
Isg|||2|||784|||60|||366
Isg|||3|||786|||43|||366
&&|||1|||373|||32|||367
&&|||2|||376|||15|||367
&&|||5|||963|||47|||367
&&|||9|||1182|||64|||367
&&|||10|||1184|||49|||367
&&|||13|||1442|||191|||367
&&|||14|||1444|||172|||367
test_cpu|||1|||41|||1|||368
dot_cpu|||1|||52|||1|||368
fill_cpu|||1|||66|||1|||368
scal_cpu|||1|||70|||1|||368
initWith_cpu|||1|||89|||1|||368
zeroIndices_cpu|||1|||94|||1|||368
iKernel_cpu|||1|||144|||1|||368
logistic_cpu|||1|||169|||1|||368
mul_cpu|||1|||178|||1|||368
copy_cpu|||1|||241|||1|||368
resetHeap_cpu|||1|||258|||1|||368
pow_cpu|||1|||264|||1|||368
l1_cpu|||1|||440|||1|||368
filterFFT_cpu|||1|||463|||1|||368
subtractMean_cpu|||1|||633|||1|||368
mmul_cpu|||1|||751|||1|||368
Forwardsub_cpu|||1|||771|||1|||368
bitPrune_cpu|||1|||924|||1|||368
variance_cpu|||1|||994|||1|||368
dot_cpu|||2|||1245|||1|||368
upsample_cpu|||1|||1286|||1|||368
shortcut_cpu|||1|||1361|||1|||368
fractal_cpu|||1|||1441|||1|||368
eltwise_cpu|||1|||1553|||1|||368
decode_cpu|||1|||1591|||1|||368
d_in|||1|||154|||5|||369
d_in|||3|||157|||6|||369
d_in|||5|||212|||5|||369
d_in|||7|||213|||30|||369
d_in|||8|||215|||8|||369
g_in|||3|||294|||21|||369
g_in|||4|||296|||6|||369
d_in|||14|||306|||41|||369
f_in|||2|||357|||25|||369
f_in|||3|||357|||30|||369
mat_in|||2|||489|||62|||369
mat_in|||3|||493|||40|||369
mat_in|||4|||495|||26|||369
ind_in|||1|||686|||17|||369
ind_in|||2|||686|||41|||369
ind_in|||3|||686|||51|||369
ind_in|||5|||688|||26|||369
ind_in|||6|||688|||36|||369
ind_in|||8|||690|||7|||369
ind_in|||9|||691|||7|||369
1|||1|||103|||23|||370
1|||2|||106|||6|||370
1|||3|||107|||5|||370
1|||4|||124|||31|||370
1|||5|||126|||16|||370
1|||7|||170|||29|||370
1|||8|||172|||14|||370
1|||9|||173|||13|||370
1|||10|||183|||23|||370
1|||11|||183|||30|||370
1|||12|||186|||6|||370
1|||13|||186|||13|||370
1|||14|||187|||5|||370
1|||15|||188|||5|||370
0|||1|||1|||6|||371
0|||5|||10|||6|||371
0|||7|||15|||6|||371
0|||9|||18|||6|||371
0|||11|||24|||6|||371
0|||13|||29|||6|||371
0|||15|||34|||6|||371
device_output|||6|||377|||0|||372
d_output|||5|||487|||0|||372
x2|||9|||1459|||1|||372
x2|||10|||1462|||1|||372
rt2|||5|||1524|||1|||372
gpu_img_out_v|||2|||1302|||95|||373
debug|||5|||1314|||130|||373
5|||1|||1471|||117|||373
5|||4|||1473|||108|||373
Q|||12|||1487|||135|||373
gt|||3|||1522|||125|||373
gt|||4|||1522|||132|||373
gt|||7|||1527|||94|||373
gt|||8|||1527|||101|||373
if|||2|||44|||1|||374
if|||5|||234|||1|||374
if|||8|||256|||1|||374
if|||11|||261|||1|||374
if|||15|||287|||1|||374
p|||7|||550|||39|||375
p|||8|||550|||44|||375
p|||9|||550|||55|||375
p|||10|||550|||60|||375
p|||11|||550|||65|||375
p|||12|||550|||72|||375
p|||13|||552|||22|||375
imag|||4|||1157|||130|||376
cx|||1|||1442|||120|||376
cx|||3|||1442|||178|||376
cx|||4|||1444|||101|||376
cx|||5|||1444|||112|||376
cx|||6|||1444|||159|||376
max_dist|||11|||1494|||130|||376
rt|||7|||1527|||82|||376
size_x|||1|||337|||8|||377
k_x|||5|||357|||27|||377
k_x|||12|||359|||10|||377
k_x|||13|||360|||10|||377
sources_x|||5|||991|||14|||377
h|||1|||715|||39|||378
h|||2|||715|||43|||378
h|||3|||715|||48|||378
h|||4|||715|||59|||378
h|||5|||715|||64|||378
h|||6|||717|||24|||378
h|||8|||717|||33|||378
h|||9|||717|||44|||378
h|||10|||717|||49|||378
h|||11|||719|||9|||378
h|||12|||719|||13|||378
h|||13|||719|||18|||378
h|||14|||719|||29|||378
h|||15|||719|||34|||378
pg|||1|||784|||53|||379
pg|||2|||784|||67|||379
pg|||3|||786|||36|||379
pg|||4|||786|||50|||379
pg|||5|||788|||19|||379
pg|||8|||792|||7|||379
D|||4|||1127|||79|||380
D|||5|||1127|||138|||380
D|||6|||1127|||147|||380
pixelNum|||8|||636|||36|||381
depth|||5|||1009|||40|||381
depth|||10|||1023|||40|||381
priorNum|||6|||1147|||34|||381
depth|||15|||1271|||40|||381
totalScoreNum|||2|||1424|||37|||381
totalScoreNum|||13|||1430|||32|||381
my_pixel|||1|||806|||4|||382
col2im_add_pixel|||5|||1520|||0|||382
[|||2|||3|||2|||383
idx|||9|||4|||2|||383
;|||12|||7|||2|||383
[|||10|||12|||2|||383
canData|||3|||106|||1|||383
col|||11|||227|||2|||383
diff|||4|||444|||2|||383
dstData|||3|||461|||1|||383
devMat|||10|||528|||1|||383
matmul|||1|||560|||1|||383
keyIndex|||5|||589|||1|||383
keyChar|||5|||591|||1|||383
r|||12|||626|||2|||383
matrix|||5|||667|||2|||383
h_result|||5|||724|||0|||383
diffusion|||1|||816|||1|||383
host_c|||5|||882|||0|||383
rho|||2|||906|||2|||383
d|||13|||968|||2|||383
element_c|||12|||1078|||0|||383
t|||4|||1121|||2|||383
real|||5|||1159|||2|||383
sample|||15|||1366|||2|||383
minh|||10|||1370|||1|||383
minc|||10|||1371|||1|||383
Delta|||5|||1445|||2|||383
dw|||7|||1453|||2|||383
cx|||7|||1456|||2|||383
rt|||1|||1522|||2|||383
mult|||3|||1565|||2|||383
anchorW|||13|||1597|||1|||383
preW|||10|||1613|||1|||383
clamp_max|||3|||704|||72|||384
shared_dimensions|||3|||860|||76|||384
filter|||7|||1182|||74|||384
filter|||8|||1182|||86|||384
sqrt|||8|||1254|||68|||384
scores|||4|||1397|||78|||384
numBlock|||5|||260|||9|||385
tempval|||5|||360|||6|||385
tempval|||9|||364|||5|||385
max|||1|||397|||10|||385
nviews|||3|||465|||9|||385
2|||10|||520|||6|||385
mask|||5|||902|||8|||385
imageW|||5|||963|||9|||385
imageW|||13|||971|||7|||385
size3d|||10|||1282|||8|||385
{|||2|||1|||15|||386
,|||3|||5|||10|||386
)|||5|||6|||16|||386
[|||6|||8|||14|||386
{|||6|||10|||15|||386
[|||14|||15|||16|||386
i|||10|||16|||16|||386
n|||4|||23|||11|||386
arr|||2|||24|||16|||386
*|||13|||38|||12|||386
if|||1|||42|||16|||386
mat|||2|||57|||16|||386
x|||4|||99|||12|||386
n|||13|||113|||11|||386
unsigned|||1|||149|||14|||386
-|||9|||173|||14|||386
cols|||1|||222|||14|||386
even_inc|||1|||230|||8|||386
0.85|||3|||250|||12|||386
un_idx|||10|||271|||10|||386
expf|||3|||273|||8|||386
k_x|||3|||357|||10|||386
db|||3|||368|||16|||386
BID|||1|||379|||12|||386
BID|||2|||380|||15|||386
cluster|||2|||397|||16|||386
reference|||4|||415|||15|||386
jsx|||4|||422|||12|||386
char|||8|||473|||16|||386
d_input|||6|||486|||12|||386
?|||13|||502|||14|||386
devMat|||3|||526|||12|||386
mean|||6|||573|||15|||386
b_grad|||5|||684|||14|||386
fmax|||6|||710|||11|||386
h_N|||6|||748|||11|||386
LW|||1|||771|||13|||386
npml|||14|||785|||11|||386
offset|||6|||799|||16|||386
out|||6|||827|||16|||386
iN|||13|||831|||12|||386
cell|||13|||867|||14|||386
batch|||14|||946|||16|||386
variance|||10|||1004|||16|||386
grayimg|||1|||1045|||12|||386
out_grad|||1|||1080|||9|||386
in_grad|||5|||1088|||14|||386
bands|||1|||1126|||12|||386
sampleIndex|||3|||1182|||12|||386
&&|||11|||1190|||14|||386
occNo|||8|||1319|||13|||386
inputIndex|||1|||1423|||11|||386
<=|||15|||1468|||14|||386
alpha|||11|||345|||18|||387
pcount|||5|||545|||16|||387
0.71|||7|||803|||13|||387
dst|||2|||405|||36|||388
dst|||3|||407|||30|||388
dst|||4|||1037|||42|||388
dst|||7|||1037|||112|||388
dst|||8|||1039|||25|||388
dst|||9|||1039|||56|||388
dst|||13|||1041|||33|||388
dst|||15|||1041|||72|||388
bit_index|||3|||518|||48|||389
in_index|||1|||946|||69|||389
out_index|||4|||946|||98|||389
out_index|||10|||951|||12|||389
in_index|||6|||951|||57|||389
out_index|||12|||951|||63|||389
in_index|||15|||1290|||122|||389
add_index|||8|||1362|||223|||389
add_index|||10|||1374|||109|||389
add_index|||12|||1376|||95|||389
add_index|||14|||1378|||81|||389
add_index|||15|||1380|||27|||389
col_index|||3|||1411|||75|||389
col_index|||13|||1508|||75|||389
size|||2|||6|||12|||390
size|||4|||38|||16|||390
size|||5|||39|||10|||390
size|||6|||40|||9|||390
size|||9|||55|||8|||390
size|||10|||102|||8|||390
size|||11|||103|||12|||390
size|||14|||109|||10|||390
size|||15|||110|||9|||390
}|||3|||3|||8|||391
}|||11|||20|||8|||391
}|||14|||26|||8|||391
means|||1|||379|||5|||391
char|||6|||470|||3|||391
char|||12|||583|||7|||391
f|||2|||837|||8|||391
)|||3|||2|||13|||392
)|||9|||11|||13|||392
)|||10|||14|||13|||392
)|||11|||15|||14|||392
)|||12|||16|||13|||392
)|||13|||17|||12|||392
)|||14|||18|||14|||392
)|||15|||19|||13|||392
in|||6|||1037|||110|||393
in|||8|||1041|||70|||393
in|||11|||1287|||143|||393
in|||12|||1287|||149|||393
in|||13|||1290|||120|||393
in|||14|||1290|||126|||393
in|||15|||1292|||106|||393
d_label|||2|||686|||49|||394
colorImage|||4|||795|||74|||394
weights|||3|||837|||84|||394
R|||4|||1048|||83|||394
grayimg|||4|||1050|||81|||394
occNo|||10|||1319|||73|||394
frame|||2|||1442|||59|||394
delta|||14|||1444|||57|||394
&|||1|||518|||39|||395
&|||3|||520|||24|||395
&|||4|||520|||40|||395
&|||7|||584|||36|||395
&|||10|||1471|||34|||395
&|||11|||1471|||51|||395
&|||13|||1471|||85|||395
&|||14|||1471|||102|||395
&|||15|||1471|||119|||395
outputScore|||1|||1423|||15|||396
inputScore|||2|||1424|||33|||396
outputScore|||2|||1424|||45|||396
inputScore|||3|||1424|||54|||396
outputScore|||3|||1424|||124|||396
inputScore|||4|||1426|||18|||396
outputScore|||4|||1426|||30|||396
inputScore|||5|||1426|||39|||396
outputScore|||5|||1426|||109|||396
outputScore|||6|||1428|||15|||396
inputScore|||7|||1428|||24|||396
outputScore|||7|||1428|||94|||396
inputScore|||9|||1430|||10|||396
odd_inc|||3|||234|||27|||397
1.0f|||1|||269|||23|||397
g_out|||2|||292|||31|||397
npml|||2|||419|||30|||397
FFT|||2|||464|||31|||397
IND|||1|||471|||35|||397
IND|||5|||473|||33|||397
srcDiff|||2|||500|||30|||397
p|||2|||510|||30|||397
100|||15|||563|||35|||397
images|||6|||636|||32|||397
column|||1|||778|||35|||397
ps|||10|||788|||31|||397
iN|||2|||827|||33|||397
-=|||15|||941|||29|||397
&&|||6|||965|||33|||397
pow|||8|||1002|||35|||397
src|||8|||1037|||32|||397
M|||1|||1069|||18|||397
width_M|||7|||1109|||31|||397
<=|||8|||1184|||29|||397
minh|||2|||1232|||32|||397
gpu_img_in_b|||3|||1306|||17|||397
boxes_out|||1|||1384|||25|||397
totalScoreNum|||9|||1428|||28|||397
cx|||9|||1462|||29|||397
anchor|||2|||1592|||34|||397
anchor|||9|||1594|||34|||397
temp_diff|||1|||1656|||20|||397
scale|||2|||18|||21|||398
gradient|||3|||199|||21|||398
truth|||2|||441|||21|||398
1.175494351e-38F|||1|||644|||9|||398
c_grad|||1|||677|||13|||398
h_P|||1|||738|||13|||398
ny|||9|||817|||21|||398
h_Filter|||1|||959|||13|||398
truth|||6|||1118|||21|||398
Lq|||8|||1348|||18|||398
6|||6|||1481|||15|||398
7|||9|||1482|||15|||398
a|||5|||53|||22|||399
id|||6|||246|||28|||399
vecY|||3|||343|||29|||399
10|||5|||392|||30|||399
npml|||7|||422|||24|||399
?|||7|||444|||32|||399
temp|||1|||471|||32|||399
stride|||8|||508|||31|||399
Zsize|||8|||543|||26|||399
80|||1|||594|||28|||399
sum|||9|||614|||32|||399
indptr|||3|||653|||30|||399
indptr|||10|||678|||30|||399
d_ind_sub|||3|||688|||19|||399
tmp|||5|||715|||32|||399
RES|||7|||774|||30|||399
depth|||1|||777|||20|||399
cell|||8|||865|||28|||399
outputlength|||3|||925|||28|||399
indexOutBatch|||3|||927|||23|||399
filterR|||6|||963|||29|||399
d|||10|||965|||30|||399
batchSize|||2|||1057|||30|||399
host_inputArray3|||1|||1069|||15|||399
e|||7|||1072|||28|||399
d_KinectDisparityPitch|||4|||1177|||19|||399
Y|||14|||1246|||31|||399
dot|||6|||1249|||30|||399
q|||14|||1269|||32|||399
drho|||1|||1313|||25|||399
L|||9|||1340|||27|||399
sample|||9|||1362|||26|||399
fbase|||1|||1620|||31|||399
X|||2|||67|||17|||400
X|||5|||71|||17|||400
grayValue|||5|||801|||16|||400
maximum|||1|||910|||17|||400
filters|||1|||994|||15|||400
depth|||4|||1008|||13|||400
depth|||9|||1022|||13|||400
batchSize|||3|||1059|||15|||400
depth|||14|||1270|||12|||400
=|||3|||6|||7|||401
MMDOuterProdComputeWithSum|||1|||337|||1|||401
compute_b_minus_Rx|||1|||826|||1|||401
max_dist|||1|||1487|||5|||401
k|||7|||81|||3|||402
k|||10|||82|||3|||402
multiplyIntValues|||1|||149|||1|||402
add_kernel|||1|||174|||1|||402
edad|||10|||600|||2|||402
max_vd|||4|||647|||1|||402
maxvd|||6|||651|||2|||402
vectorMatrixMult|||1|||660|||1|||402
grayValue|||7|||803|||2|||402
matrMult|||1|||974|||1|||402
}|||8|||15|||30|||403
result|||1|||859|||22|||403
result|||7|||867|||26|||403
\t|||2|||1323|||19|||403
%|||3|||78|||8|||404
inputleft|||1|||174|||5|||404
pow|||2|||215|||6|||404
probability|||3|||302|||8|||404
FFT|||1|||463|||5|||404
memHeight|||7|||530|||5|||404
uidx|||10|||1020|||7|||404
gpu_img_in_g|||4|||1308|||2|||404
{|||1|||1|||0|||405
{|||3|||3|||0|||405
{|||4|||6|||0|||405
{|||5|||10|||0|||405
{|||7|||12|||0|||405
{|||8|||15|||0|||405
{|||9|||18|||0|||405
{|||11|||20|||0|||405
{|||12|||24|||0|||405
{|||14|||26|||0|||405
{|||15|||29|||0|||405
val|||4|||32|||5|||406
dim|||5|||59|||5|||406
cols|||7|||228|||5|||406
forward_dropout_layer|||1|||298|||1|||406
v|||9|||1257|||5|||406
npml|||9|||784|||6|||407
npml|||13|||785|||5|||407
npml|||15|||786|||6|||407
realPart|||1|||1341|||31|||408
imagPart|||1|||1341|||33|||408
realPart|||2|||1341|||50|||408
imagPart|||2|||1341|||54|||408
realPart|||3|||1341|||117|||408
imagPart|||3|||1341|||131|||408
realPart|||4|||1341|||149|||408
imagPart|||4|||1341|||155|||408
imagPart|||5|||1341|||157|||408
imagPart|||7|||1343|||39|||408
realPart|||8|||1343|||102|||408
imagPart|||8|||1343|||116|||408
realPart|||9|||1343|||134|||408
realPart|||10|||1343|||136|||408
imagPart|||9|||1343|||140|||408
imagPart|||10|||1343|||142|||408
realPart|||13|||1348|||68|||408
imagPart|||13|||1348|||82|||408
realPart|||14|||1348|||100|||408
realPart|||15|||1348|||102|||408
imagPart|||14|||1348|||106|||408
imagPart|||15|||1348|||108|||408
h_N|||2|||739|||64|||409
h_N|||5|||747|||12|||409
iN|||3|||827|||38|||409
iN|||4|||827|||50|||409
iN|||5|||827|||62|||409
iN|||7|||829|||18|||409
iN|||9|||829|||35|||409
iN|||10|||829|||47|||409
width_N|||3|||1105|||76|||409
width_N|||4|||1105|||95|||409
width_N|||7|||1107|||80|||409
width_N|||10|||1109|||65|||409
tid|||4|||6|||14|||410
c|||3|||40|||14|||410
offsets|||3|||51|||13|||410
alpha|||5|||56|||8|||410
r|||1|||61|||9|||410
conv_length|||1|||74|||8|||410
-|||2|||97|||10|||410
B|||1|||123|||12|||410
myId|||9|||171|||11|||410
INCX|||7|||178|||11|||410
d_in_a|||1|||217|||5|||410
const|||15|||222|||12|||410
INCX|||10|||241|||11|||410
1.0f|||4|||272|||7|||410
outArray|||1|||278|||9|||410
g_in|||1|||291|||9|||410
vecY|||4|||345|||13|||410
f_in|||4|||360|||8|||410
DIM|||11|||387|||13|||410
m|||15|||405|||14|||410
output|||12|||433|||13|||410
error|||3|||444|||14|||410
?|||10|||461|||12|||410
Ysize|||2|||510|||12|||410
&|||5|||523|||8|||410
curr_decision|||9|||524|||8|||410
devMat|||15|||529|||9|||410
sizeof|||3|||535|||12|||410
long|||8|||541|||9|||410
Ysize|||6|||542|||11|||410
input_str_cuda|||1|||583|||9|||410
meanImage|||1|||633|||10|||410
indptr|||7|||656|||12|||410
0.0f|||4|||676|||7|||410
indptr|||14|||681|||12|||410
clamp_max|||6|||709|||10|||410
clamp_min|||9|||713|||10|||410
column|||9|||781|||14|||410
nnx|||3|||786|||10|||410
colorImage|||1|||794|||11|||410
psi|||1|||905|||10|||410
d|||15|||968|||14|||410
nt|||8|||993|||11|||410
pred|||5|||1117|||8|||410
sizeof|||5|||1130|||12|||410
totalPixels|||13|||1218|||12|||410
v|||1|||1250|||9|||410
q|||1|||1262|||14|||410
psi|||6|||1313|||10|||410
w2|||7|||1362|||11|||410
boxes|||1|||1384|||6|||410
0.0f|||14|||1436|||10|||410
frames|||2|||1442|||14|||410
xMid|||3|||1444|||9|||410
frame|||8|||1449|||9|||410
y2|||14|||1468|||12|||410
locData|||1|||1591|||11|||410
--|||9|||1703|||14|||410
--|||11|||1705|||14|||410
a|||9|||82|||6|||411
a|||13|||87|||6|||411
+=|||13|||106|||5|||411
double|||12|||129|||3|||411
WIDTH|||3|||161|||6|||411
score|||11|||438|||6|||411
auto|||1|||817|||6|||411
minh|||6|||1237|||5|||411
sumQ|||2|||1182|||28|||412
sumQ|||3|||1182|||84|||412
filtered_Q|||2|||1182|||105|||412
sumQ|||4|||1182|||110|||412
sumQ|||7|||1184|||69|||412
filtered_Q|||3|||1184|||90|||412
sumQ|||8|||1184|||95|||412
rows|||6|||489|||53|||413
devMatX|||10|||528|||42|||413
pcount|||2|||542|||53|||413
maxval|||5|||569|||55|||413
out|||2|||661|||55|||413
h_M|||2|||739|||55|||413
grayImage|||4|||801|||49|||413
out|||9|||829|||50|||413
batchOutJump|||4|||927|||43|||413
w|||6|||949|||54|||413
it|||1|||983|||49|||413
host_inputArray3|||6|||1074|||42|||413
summ|||3|||1093|||47|||413
M|||5|||1105|||54|||413
filters|||11|||1199|||60|||413
beta2|||5|||1254|||48|||413
frame|||1|||1442|||40|||413
firstIndexToGrab|||3|||1471|||47|||413
bit2|||3|||1473|||44|||413
input|||7|||282|||38|||414
imageW|||4|||960|||97|||415
src|||11|||1037|||101|||415
10|||7|||1046|||109|||415
host_inputArray3|||3|||1070|||87|||415
filters|||13|||1199|||109|||415
patchSize|||7|||1217|||85|||415
drho|||9|||1314|||97|||415
add|||10|||1376|||93|||415
yMid|||2|||1442|||82|||415
unsigned|||3|||151|||2|||416
unsigned|||6|||214|||2|||416
pad|||4|||1405|||174|||417
pad|||5|||1407|||8|||417
pad|||6|||1408|||8|||417
pad|||7|||1411|||110|||417
pad|||8|||1416|||69|||417
pad|||10|||1422|||21|||417
pad|||14|||1502|||177|||417
pad|||15|||1504|||8|||417
f_target|||2|||357|||35|||418
means|||3|||380|||56|||418
scale|||10|||464|||49|||418
memHeight|||3|||526|||43|||418
jj|||10|||655|||57|||418
tmp|||13|||719|||51|||418
Pvalue|||11|||744|||50|||418
mask_size|||3|||891|||46|||418
batch|||6|||925|||47|||418
it|||4|||990|||52|||418
sqrtf|||5|||1081|||54|||418
sqrt|||1|||1090|||52|||418
M|||11|||1262|||55|||418
line|||4|||1323|||35|||418
ksize|||5|||1405|||49|||418
Q|||15|||1491|||52|||418
--|||8|||1699|||57|||418
tempval|||3|||357|||45|||419
IJ|||7|||772|||69|||419
offset|||10|||799|||65|||419
f|||6|||837|||76|||419
grad|||4|||1011|||71|||419
grad|||11|||1025|||71|||419
113|||3|||1050|||74|||419
+|||2|||16|||23|||420
+|||4|||40|||23|||420
input|||2|||42|||23|||420
t_id|||12|||55|||15|||420
u|||5|||62|||23|||420
/|||4|||124|||23|||420
/|||11|||166|||23|||420
Y|||6|||192|||23|||420
2|||1|||231|||23|||420
input|||8|||284|||23|||420
else|||8|||308|||19|||420
aRS|||1|||320|||16|||420
unsigned|||14|||322|||22|||420
-=|||7|||326|||23|||420
else|||11|||349|||19|||420
f_in|||5|||360|||13|||420
means|||7|||386|||22|||420
count|||9|||401|||23|||420
nnz|||2|||419|||21|||420
temp|||8|||475|||21|||420
idy|||11|||493|||19|||420
pitch|||4|||674|||18|||420
depth_scale|||5|||676|||14|||420
fmin|||3|||707|||20|||420
tmp|||12|||719|||21|||420
gp|||1|||783|||17|||420
columns|||5|||799|||23|||420
right_columns|||7|||865|||19|||420
ELEMENT_INDEX|||1|||891|||14|||420
0.f|||5|||1072|||19|||420
t|||5|||1121|||23|||420
filterLength|||1|||1181|||19|||420
data_j|||11|||1227|||17|||420
Y|||15|||1249|||22|||420
-0.055846456f|||2|||1444|||11|||420
end|||5|||1487|||18|||420
odd_inc|||2|||231|||44|||421
twod|||3|||316|||42|||421
score_factors|||2|||431|||48|||421
pn|||3|||510|||45|||421
bit_stream|||2|||518|||31|||421
devMat|||6|||526|||38|||421
input_str_cuda|||3|||588|||34|||421
sin|||2|||605|||52|||421
cos|||5|||609|||52|||421
d_label_sub|||3|||688|||29|||421
nx|||14|||730|||50|||421
h_N|||3|||742|||46|||421
LW|||3|||774|||47|||421
right_columns|||8|||865|||44|||421
right|||4|||867|||44|||421
UN|||2|||884|||49|||421
of|||2|||908|||45|||421
outputlength|||4|||925|||42|||421
<=|||3|||960|||49|||421
K|||5|||1072|||42|||421
coef|||9|||1081|||50|||421
MeanLogNormalFrame|||2|||1090|||45|||421
stdvLogNormalFrame|||3|||1093|||40|||421
width_M|||5|||1107|||46|||421
width_N|||9|||1109|||46|||421
d_KinectDisparity|||2|||1173|||45|||421
d_temp|||2|||1251|||42|||421
boxes|||12|||1397|||46|||421
delta|||13|||1444|||32|||421
0x01|||10|||1473|||37|||421
7|||1|||1341|||44|||422
7|||2|||1343|||29|||422
7|||3|||1347|||9|||422
7|||4|||1471|||151|||422
7|||5|||1471|||157|||422
7|||6|||1473|||136|||422
7|||7|||1473|||142|||422
7|||8|||1482|||9|||422
;|||3|||1|||22|||423
[|||7|||8|||19|||423
[|||9|||10|||22|||423
]|||15|||15|||23|||423
}|||9|||18|||23|||423
}|||12|||24|||23|||423
}|||15|||29|||23|||423
k|||5|||80|||23|||423
inputleft|||2|||175|||22|||423
-|||10|||201|||23|||423
-|||15|||216|||17|||423
scale|||7|||302|||23|||423
alpha|||10|||343|||22|||423
sy|||1|||396|||19|||423
error|||1|||440|||20|||423
perimeter|||1|||531|||16|||423
s|||8|||697|||21|||423
clamp_max|||8|||712|||16|||423
nx|||6|||726|||21|||423
l|||2|||850|||23|||423
host_c|||1|||872|||13|||423
rho|||3|||906|||21|||423
neighbors|||6|||935|||21|||423
colsA|||1|||974|||19|||423
model|||5|||993|||20|||423
coef|||8|||1044|||23|||423
width_N|||1|||1104|||19|||423
imag|||1|||1157|||22|||423
eps|||5|||1259|||17|||423
add|||14|||1553|||17|||423
INCY|||1|||178|||18|||424
INCY|||2|||179|||21|||424
INCY|||4|||241|||18|||424
INCY|||5|||242|||21|||424
INCY|||8|||265|||21|||424
INCY|||10|||1245|||18|||424
indexOutBatch|||2|||925|||60|||425
indexInBatch|||2|||925|||73|||425
indexInBatch|||6|||934|||17|||425
threshold|||2|||1424|||42|||426
threshold|||3|||1426|||27|||426
threshold|||5|||1429|||11|||426
clsIndex|||6|||1068|||9|||427
sampleIndex|||8|||1182|||107|||427
outputIndex|||7|||1426|||75|||427
outputIndex|||9|||1426|||120|||427
inputIndex|||5|||1430|||28|||427
offset|||5|||795|||85|||428
mean|||11|||837|||96|||428
RHO|||6|||908|||68|||428
model|||2|||984|||89|||428
10|||8|||1048|||94|||428
host_inputArray3|||5|||1072|||72|||428
psi|||8|||1314|||84|||428
add|||11|||1378|||79|||428
cell|||6|||860|||83|||429
last|||1|||906|||70|||429
h_Filter|||2|||960|||85|||429
>>|||5|||1048|||93|||429
-0.169|||2|||1306|||55|||429
dpsi|||7|||1319|||83|||429
bt|||6|||1527|||58|||429
delta|||9|||1442|||51|||430
delta|||10|||1442|||76|||430
delta|||11|||1442|||84|||430
delta|||12|||1442|||92|||430
delta|||15|||1444|||65|||430
initialArray0_cpu|||1|||33|||1|||431
add_vector_cpu|||1|||38|||1|||431
PSIfill_cpu|||1|||74|||1|||431
sum_array_cpu|||1|||108|||1|||431
sum_arrays_cpu|||1|||139|||1|||431
evenoddincrement_cpu|||1|||230|||1|||431
delay_kernel_cpu|||1|||252|||1|||431
testInt1_cpu|||1|||281|||1|||431
boundaryCorrectIndexes_cpu|||1|||305|||1|||431
saxpy_cpu|||1|||342|||1|||431
resizedClsScore_cpu|||1|||430|||1|||431
matrixMultiplication_cpu|||1|||872|||1|||431
grad_y_cpu|||1|||1008|||1|||431
grad_x_cpu|||1|||1022|||1|||431
getOffsetBox_cpu|||1|||1056|||1|||431
permuteData_cpu|||1|||1144|||1|||431
l2normalize_cpu|||1|||1198|||1|||431
shortcut_kernel_cpu|||1|||1231|||1|||431
opL23_cpu|||1|||1270|||1|||431
opL12_cpu|||1|||1324|||1|||431
im2col_cpu|||1|||1404|||1|||431
bit8Channels_cpu|||1|||1470|||1|||431
col2im_cpu|||1|||1501|||1|||431
temp|||3|||471|||60|||432
temp|||9|||475|||30|||432
temp|||12|||480|||5|||432
temp|||14|||550|||79|||432
temp|||15|||552|||36|||432
dstDiff|||3|||502|||1|||433
!|||1|||891|||62|||433
!|||4|||901|||2|||433
batch|||7|||927|||2|||433
summ|||5|||1097|||1|||433
xi|||5|||1165|||2|||433
pixelNum|||1|||633|||16|||434
imageNum|||2|||634|||25|||434
pixelNum|||3|||634|||35|||434
pixelNum|||4|||634|||51|||434
pixelNum|||5|||634|||63|||434
pixelNum|||7|||636|||20|||434
pixelNum|||9|||636|||48|||434
pixelNum|||10|||638|||5|||434
pixelNum|||11|||638|||21|||434
pixelNum|||12|||638|||33|||434
pixelNum|||15|||641|||5|||434
devideNum|||1|||1144|||16|||434
devideNum|||2|||1145|||21|||434
priorNum|||2|||1145|||23|||434
priorNum|||3|||1145|||49|||434
devideNum|||3|||1145|||64|||434
priorNum|||4|||1145|||78|||434
devideNum|||5|||1145|||84|||434
devideNum|||6|||1145|||98|||434
priorNum|||5|||1147|||8|||434
devideNum|||8|||1147|||49|||434
priorNum|||7|||1147|||63|||434
devideNum|||9|||1147|||65|||434
devideNum|||10|||1147|||69|||434
devideNum|||11|||1147|||83|||434
priorNum|||8|||1148|||7|||434
devideNum|||13|||1150|||25|||434
priorNum|||10|||1150|||39|||434
devideNum|||14|||1150|||41|||434
devideNum|||15|||1150|||45|||434
priorNum|||12|||1152|||24|||434
priorNum|||13|||1154|||9|||434
classNum|||1|||1423|||38|||434
totalScoreNum|||1|||1423|||44|||434
totalScoreNum|||3|||1424|||58|||434
totalScoreNum|||4|||1424|||76|||434
classNum|||2|||1424|||99|||434
classNum|||3|||1424|||119|||434
totalScoreNum|||5|||1426|||22|||434
totalScoreNum|||6|||1426|||43|||434
totalScoreNum|||7|||1426|||61|||434
classNum|||4|||1426|||84|||434
classNum|||5|||1426|||104|||434
totalScoreNum|||10|||1428|||46|||434
classNum|||6|||1428|||69|||434
classNum|||7|||1428|||89|||434
classNum|||8|||1430|||55|||434
classNum|||9|||1430|||75|||434
totalScoreNum|||14|||1431|||13|||434
totalScoreNum|||15|||1432|||13|||434
classNum|||10|||1433|||18|||434
classNum|||11|||1434|||18|||434
}|||4|||6|||27|||435
>|||1|||164|||31|||435
inputright|||2|||175|||27|||435
length|||4|||217|||16|||435
DIM|||2|||380|||29|||435
error|||2|||441|||31|||435
?|||9|||459|||27|||435
filter|||3|||466|||25|||435
char|||7|||471|||31|||435
IND|||9|||475|||27|||435
d_input|||4|||484|||27|||435
trans_pos|||6|||495|||23|||435
pcountinner|||1|||509|||22|||435
perimeter|||6|||537|||21|||435
jj|||9|||655|||29|||435
Start|||1|||771|||26|||435
J|||2|||772|||30|||435
grayValue|||3|||799|||30|||435
out|||11|||832|||25|||435
out|||13|||849|||27|||435
NJ|||5|||883|||27|||435
J|||6|||884|||30|||435
psi|||2|||906|||28|||435
d_KinectDisparityPitch|||5|||1178|||18|||435
0.499|||5|||1311|||18|||435
0.0813|||3|||1312|||18|||435
max_dist|||2|||1487|||24|||435
boxes_for_nms|||1|||1537|||15|||435
;|||1|||1|||7|||436
;|||6|||3|||7|||436
int|||9|||9|||7|||436
[|||11|||12|||7|||436
*|||5|||14|||7|||436
i|||8|||16|||7|||436
input|||1|||41|||5|||436
const|||2|||48|||3|||436
<=|||2|||51|||7|||436
const|||5|||99|||3|||436
/|||6|||127|||7|||436
destination|||1|||149|||5|||436
const|||9|||159|||7|||436
WIDTH|||2|||160|||7|||436
devSpeed|||1|||182|||5|||436
const|||13|||222|||5|||436
col|||8|||226|||7|||436
col|||14|||228|||7|||436
prA|||1|||245|||5|||436
id|||2|||246|||7|||436
base|||3|||249|||6|||436
vector|||5|||275|||5|||436
twod|||2|||316|||4|||436
db|||1|||365|||5|||436
&&|||3|||378|||7|||436
copy_array_d2d|||1|||404|||1|||436
labelList|||1|||408|||4|||436
width|||10|||416|||7|||436
nnz|||4|||422|||5|||436
diff|||8|||446|||7|||436
cnt|||1|||449|||7|||436
srcData|||8|||462|||5|||436
nxprj2|||11|||469|||4|||436
IND|||11|||478|||5|||436
return|||5|||505|||7|||436
long|||3|||509|||3|||436
dec_index|||11|||521|||3|||436
Ysize|||7|||543|||5|||436
pcount|||8|||548|||5|||436
|||||2|||597|||6|||436
sin|||7|||612|||7|||436
pixelNum|||14|||640|||6|||436
indptr|||4|||655|||6|||436
totalPixels|||8|||667|||6|||436
indptr|||11|||680|||6|||436
Start|||4|||774|||6|||436
RES|||11|||776|||6|||436
i2|||13|||789|||5|||436
0.07|||7|||803|||4|||436
grayValue|||8|||804|||5|||436
l|||12|||853|||7|||436
right_columns|||11|||867|||5|||436
right_columns|||15|||870|||5|||436
U|||1|||883|||5|||436
mask_size|||4|||892|||3|||436
imageW|||15|||973|||4|||436
src|||13|||1038|||7|||436
before_nms_boxes|||4|||1062|||3|||436
0.3|||3|||1098|||4|||436
image_size|||10|||1132|||5|||436
image_size|||13|||1138|||5|||436
imag|||5|||1159|||7|||436
I|||1|||1181|||5|||436
minw|||4|||1234|||6|||436
add|||6|||1244|||5|||436
1e-8|||2|||1252|||4|||436
v|||10|||1259|||5|||436
0.5|||14|||1285|||5|||436
0.25|||10|||1339|||5|||436
imagPart|||12|||1348|||5|||436
w2|||11|||1363|||5|||436
labels|||5|||1403|||5|||436
&&|||15|||1468|||7|||436
num_points|||1|||1486|||5|||436
boxes_before_nms|||10|||1540|||3|||436
anchorW|||15|||1611|||5|||436
return|||1|||18|||24|||437
return|||4|||51|||22|||437
return|||9|||532|||73|||437
return|||14|||739|||87|||437
i|||11|||16|||21|||438
tmp|||2|||114|||21|||438
L_x|||1|||356|||13|||438
diff|||5|||444|||21|||438
rows|||4|||488|||13|||438
devMat|||4|||526|||16|||438
pint|||1|||541|||14|||438
my_pixel|||13|||807|||11|||438
dims|||15|||1057|||19|||438
"|||2|||906|||79|||439
"|||4|||908|||73|||439
filtSig|||2|||1217|||106|||439
filtSig|||3|||1219|||88|||439
"|||5|||1314|||136|||439
"|||6|||1314|||170|||439
=|||5|||8|||3|||440
pos|||5|||495|||3|||440
LreluBackward|||1|||499|||1|||440
circ|||7|||535|||2|||440
pcount|||6|||546|||2|||440
batchInJump|||5|||930|||1|||440
batchOutJump|||5|||932|||1|||440
NI|||1|||771|||20|||441
NI|||2|||772|||26|||441
NI|||3|||774|||11|||441
NI|||4|||775|||10|||441
NI|||5|||883|||24|||441
NI|||6|||884|||26|||441
NI|||7|||886|||11|||441
NI|||8|||887|||10|||441
0.0|||11|||663|||4|||442
0.0|||15|||697|||4|||442
reductionSize|||1|||193|||15|||443
reductionSize|||3|||196|||8|||443
featureSize|||2|||1145|||100|||443
featureSize|||3|||1145|||106|||443
featureSize|||4|||1147|||85|||443
featureSize|||5|||1147|||91|||443
featureSize|||8|||1152|||46|||443
featureSize|||9|||1152|||52|||443
featureSize|||10|||1154|||31|||443
featureSize|||11|||1154|||37|||443
featureSize|||12|||1155|||30|||443
featureSize|||13|||1155|||36|||443
patchSize|||2|||1217|||56|||443
patchSize|||5|||1217|||74|||443
patchSize|||6|||1217|||83|||443
patchSize|||8|||1219|||38|||443
patchSize|||9|||1219|||40|||443
patchSize|||10|||1219|||54|||443
patchSize|||12|||1219|||65|||443
patchSize|||13|||1219|||67|||443
patchSize|||14|||1224|||10|||443
npml|||4|||421|||15|||444
npml|||6|||422|||14|||444
aImg2|||2|||321|||36|||445
c2|||9|||756|||44|||445
i2|||3|||784|||31|||445
host_inputArray2|||2|||1070|||62|||445
h2|||3|||1234|||55|||445
c2|||14|||1234|||60|||445
h2|||10|||1362|||171|||445
s2|||2|||1362|||219|||445
y2|||2|||1442|||156|||445
x2|||3|||1442|||174|||445
bit2|||4|||1473|||158|||445
0.418|||1|||1302|||109|||446
cx|||2|||1442|||131|||446
do|||2|||1444|||129|||446
dy|||1|||1592|||154|||446
0.5|||5|||1271|||119|||447
0.5|||6|||1271|||150|||447
0.5|||7|||1273|||104|||447
0.5|||9|||1275|||89|||447
0.5|||12|||1277|||105|||447
bit5|||1|||1471|||110|||447
bit5|||2|||1471|||167|||447
bit5|||4|||1473|||152|||447
0.5|||15|||1592|||111|||447
tempval|||6|||360|||28|||448
10|||4|||390|||47|||448
?|||6|||441|||49|||448
B|||10|||449|||49|||448
temp|||6|||473|||45|||448
keyChar|||1|||584|||41|||448
outPixelOffset|||3|||663|||43|||448
d_disparity|||2|||670|||44|||448
h_P|||4|||744|||41|||448
"|||1|||906|||46|||448
filterR|||2|||960|||46|||448
filterLength|||2|||1182|||39|||448
filters|||10|||1199|||49|||448
drho|||6|||1314|||42|||448
height_col|||5|||1411|||36|||448
height_col|||15|||1508|||36|||448
gpu_img_in_y|||2|||1522|||38|||448
wsize|||6|||1657|||47|||448
wsize|||10|||1677|||47|||448
0|||3|||6|||8|||449
i|||2|||15|||8|||449
double|||3|||23|||3|||449
i|||14|||24|||8|||449
index|||2|||29|||8|||449
tasks|||1|||33|||4|||449
*|||11|||38|||4|||449
tid|||14|||42|||8|||449
input|||3|||44|||8|||449
u|||2|||62|||8|||449
u|||10|||64|||8|||449
k|||2|||80|||8|||449
k|||11|||82|||8|||449
double|||7|||113|||3|||449
double|||9|||118|||3|||449
/|||5|||126|||8|||449
100|||6|||127|||8|||449
A|||5|||144|||5|||449
double|||15|||154|||3|||449
index|||11|||164|||8|||449
u|||13|||200|||5|||449
A|||9|||222|||6|||449
row|||2|||223|||8|||449
cols|||6|||227|||8|||449
==|||5|||234|||8|||449
>|||5|||256|||7|||449
heap|||1|||258|||5|||449
heapPtr|||3|||261|||7|||449
1.0f|||3|||272|||4|||449
g_out|||1|||291|||5|||449
>|||9|||309|||6|||449
twod|||1|||315|||4|||449
2|||5|||317|||5|||449
-=|||8|||329|||8|||449
/=|||7|||395|||8|||449
height|||7|||414|||8|||449
nnz|||3|||421|||6|||449
pred|||4|||445|||8|||449
?|||8|||447|||8|||449
A|||14|||448|||5|||449
nx|||4|||454|||8|||449
cnt|||12|||455|||8|||449
srcData|||1|||458|||5|||449
srcData|||5|||461|||6|||449
cols|||12|||492|||8|||449
cols|||14|||495|||7|||449
srcDiff|||1|||499|||5|||449
srcData|||14|||503|||6|||449
bit_decisions|||4|||522|||3|||449
devMat|||1|||525|||5|||449
4.0|||4|||538|||6|||449
pcount|||7|||547|||6|||449
keyCharPtr|||1|||584|||6|||449
dia|||8|||598|||6|||449
images|||1|||633|||5|||449
ind_out|||14|||690|||2|||449
ind_out|||15|||691|||2|||449
nx|||11|||729|||8|||449
RES|||1|||771|||5|||449
channel|||6|||779|||8|||449
grayImage|||1|||794|||6|||449
pixels_per_image|||10|||810|||2|||449
pixels_per_image|||11|||812|||2|||449
pixels_per_image|||12|||814|||2|||449
x0|||1|||816|||6|||449
l|||7|||852|||8|||449
left_rows|||1|||859|||4|||449
cell|||1|||860|||8|||449
MASK_RADIUS|||6|||900|||4|||449
indexOutBatch|||6|||934|||4|||449
ns|||13|||989|||8|||449
source_amplitude|||5|||993|||5|||449
spatial|||13|||1003|||8|||449
spatial|||14|||1004|||8|||449
in|||5|||1036|||5|||449
src|||5|||1037|||8|||449
sqrtf|||4|||1043|||5|||449
R|||8|||1054|||7|||449
0.f|||6|||1074|||4|||449
sqrtf|||8|||1087|||5|||449
bands|||5|||1137|||8|||449
&&|||12|||1192|||7|||449
I|||6|||1194|||7|||449
Q|||6|||1195|||7|||449
data_j|||8|||1223|||4|||449
data_i|||11|||1227|||6|||449
1e-8|||1|||1251|||5|||449
m_hat|||6|||1260|||6|||449
in|||10|||1286|||5|||449
xi|||6|||1340|||5|||449
<=|||12|||1347|||8|||449
0.00304f|||3|||1445|||4|||449
8|||5|||1474|||5|||449
channel|||13|||1484|||7|||449
1000000000.0f|||3|||1489|||3|||449
1000000000.0f|||4|||1491|||3|||449
anchor|||1|||1591|||6|||449
twod1|||7|||319|||16|||450
-1|||4|||433|||18|||450
i1|||3|||784|||14|||450
0.71|||1|||625|||72|||451
maxvd|||2|||644|||45|||451
jj|||5|||653|||74|||451
:|||15|||670|||64|||451
pos|||12|||817|||71|||451
filterR|||7|||963|||66|||451
ib|||2|||984|||71|||451
model|||3|||988|||69|||451
filters|||3|||995|||75|||451
newvalue|||6|||1093|||55|||451
featureSize|||6|||1150|||61|||451
real|||6|||1159|||73|||451
d_regularDisparity|||4|||1177|||50|||451
patchSize|||3|||1217|||58|||451
patchSize|||11|||1219|||56|||451
d_temp|||3|||1251|||62|||451
gpu_img_out_v|||1|||1301|||34|||451
xi|||8|||1343|||60|||451
channels|||15|||1515|||50|||451
boxes_before_nms|||5|||1538|||57|||451
prA|||3|||246|||26|||452
transposed|||2|||276|||29|||452
cluster|||5|||397|||30|||452
reference|||3|||413|||29|||452
fmax|||3|||707|||24|||452
r2|||1|||751|||24|||452
out_index|||6|||949|||26|||452
h2|||5|||1361|||23|||452
col_index|||7|||1418|||20|||452
anchorIndex|||10|||1436|||23|||452
x2|||11|||1462|||25|||452
tmp|||7|||715|||81|||453
ELEMENT_INDEX|||4|||891|||68|||453
last|||2|||908|||64|||453
-=|||13|||936|||79|||453
G|||4|||1048|||87|||453
psi|||12|||1319|||78|||453
r_i|||2|||1341|||73|||453
r_i|||11|||1348|||71|||453
channels|||6|||1416|||61|||453
yMin|||3|||1444|||61|||453
stride|||2|||505|||29|||454
keyIndex|||2|||584|||45|||455
keyIndex|||4|||588|||24|||455
clsIndex|||2|||1057|||79|||455
clsIndex|||3|||1059|||64|||455
clsIndex|||4|||1062|||44|||455
clsIndex|||5|||1067|||10|||455
sampleIndex|||4|||1182|||37|||455
sampleIndex|||5|||1182|||45|||455
sampleIndex|||6|||1182|||53|||455
sampleIndex|||7|||1182|||100|||455
sampleIndex|||12|||1184|||22|||455
sampleIndex|||14|||1184|||38|||455
sampleIndex|||15|||1184|||85|||455
anchorIndex|||1|||1423|||30|||455
classIndex|||1|||1423|||34|||455
outputIndex|||2|||1424|||63|||455
inputIndex|||2|||1424|||72|||455
anchorIndex|||2|||1424|||81|||455
outputIndex|||3|||1424|||90|||455
classIndex|||2|||1424|||101|||455
outputIndex|||4|||1424|||110|||455
outputIndex|||5|||1424|||135|||455
classIndex|||3|||1424|||157|||455
outputIndex|||6|||1426|||48|||455
inputIndex|||3|||1426|||57|||455
anchorIndex|||4|||1426|||66|||455
classIndex|||4|||1426|||86|||455
outputIndex|||8|||1426|||95|||455
anchorIndex|||5|||1426|||131|||455
classIndex|||5|||1426|||142|||455
outputIndex|||10|||1428|||33|||455
anchorIndex|||6|||1428|||51|||455
outputIndex|||11|||1428|||60|||455
classIndex|||6|||1428|||71|||455
outputIndex|||12|||1428|||80|||455
outputIndex|||13|||1428|||105|||455
anchorIndex|||7|||1428|||116|||455
classIndex|||7|||1428|||127|||455
outputIndex|||14|||1430|||19|||455
anchorIndex|||8|||1430|||37|||455
outputIndex|||15|||1430|||46|||455
classIndex|||8|||1430|||57|||455
classIndex|||10|||1436|||34|||455
conv_length|||2|||75|||25|||456
d_in_a|||2|||218|||21|||456
inner_reps|||2|||292|||25|||456
probability|||2|||299|||27|||456
device_input|||5|||376|||21|||456
cnt|||9|||453|||27|||456
d_input|||7|||486|||21|||456
h_a|||4|||719|||23|||456
host_a|||4|||877|||23|||456
colsB|||1|||974|||22|||456
colsB|||2|||975|||25|||456
colsA|||4|||977|||25|||456
currentFrame|||2|||1090|||24|||456
si|||4|||1164|||26|||456
d_regularDisparityPitch|||1|||1172|||8|||456
filter|||11|||1190|||24|||456
dpsi|||5|||1319|||23|||456
start|||4|||1486|||23|||456
gpu_img_in_u|||7|||1530|||13|||456
cos|||1|||605|||62|||457
cos|||2|||605|||72|||457
cos|||4|||609|||42|||457
cos|||6|||609|||62|||457
cos|||8|||611|||38|||457
cos|||9|||611|||48|||457
truth|||4|||445|||3|||458
f|||8|||838|||3|||458
truth|||8|||1122|||3|||458
im_row|||9|||1419|||1|||458
xMid|||5|||1446|||2|||458
yMid|||5|||1447|||2|||458
tid|||5|||6|||19|||459
*=|||1|||10|||20|||459
[|||15|||15|||21|||459
alpha|||2|||24|||21|||459
val|||2|||29|||21|||459
+|||5|||57|||21|||459
r|||2|||62|||21|||459
a|||8|||80|||21|||459
a|||12|||85|||21|||459
size|||13|||108|||17|||459
A|||6|||145|||21|||459
index|||13|||164|||21|||459
:|||2|||166|||21|||459
X|||9|||181|||20|||459
col|||10|||226|||21|||459
odd_inc|||1|||230|||11|||459
even_inc|||3|||234|||17|||459
X|||15|||244|||20|||459
base|||1|||245|||16|||459
dia|||1|||252|||12|||459
d_acts|||6|||273|||11|||459
j|||7|||277|||21|||459
j|||15|||326|||21|||459
m|||11|||389|||13|||459
alpha|||12|||458|||15|||459
srcData|||10|||462|||17|||459
p|||1|||509|||14|||459
memHeight|||6|||529|||14|||459
compCount|||3|||532|||18|||459
corrValidCount|||1|||568|||11|||459
corrSum|||2|||569|||20|||459
0.71|||3|||632|||17|||459
matrix|||1|||660|||15|||459
0.0|||14|||695|||19|||459
LPR|||1|||771|||17|||459
0.07|||6|||801|||18|||459
pixels_per_image|||1|||805|||11|||459
mean|||7|||837|||21|||459
outputlength|||1|||924|||16|||459
indices|||11|||1036|||17|||459
-1|||14|||1063|||16|||459
e|||13|||1074|||17|||459
d_KinectDisparity|||5|||1178|||14|||459
max_size|||2|||1251|||16|||459
beta1|||7|||1256|||17|||459
M|||12|||1266|||21|||459
vec1|||15|||1283|||17|||459
gpu_img_in_r|||1|||1301|||9|||459
psi|||10|||1319|||18|||459
si|||6|||1340|||17|||459
ksize|||2|||1405|||18|||459
num_points|||3|||1491|||14|||459
channel|||14|||1619|||14|||459
Tau|||4|||253|||38|||460
device_input|||3|||373|||38|||460
alphas|||2|||390|||42|||460
src|||2|||405|||44|||460
A|||15|||449|||44|||460
alpha|||13|||459|||38|||460
out_image|||3|||473|||40|||460
>>|||2|||520|||27|||460
key|||2|||584|||37|||460
0.21|||2|||628|||42|||460
meanImage|||2|||634|||40|||460
matrix|||2|||661|||40|||460
clamp_max|||2|||704|||39|||460
LPR|||4|||776|||36|||460
ps|||11|||788|||40|||460
host_a|||3|||875|||38|||460
DEBUG|||2|||908|||41|||460
batch|||9|||927|||32|||460
ns|||6|||984|||42|||460
before_nms_boxes|||2|||1057|||38|||460
log|||4|||1118|||44|||460
width_col|||10|||1418|||30|||460
0x01|||1|||1471|||35|||460
gpu_img_in_v|||1|||1521|||19|||460
twod1|||2|||316|||19|||461
twod1|||3|||316|||27|||461
twod1|||4|||316|||33|||461
aImg1|||2|||321|||29|||461
aImg1|||3|||322|||28|||461
-1|||5|||434|||8|||461
-1|||8|||441|||52|||461
-1|||9|||444|||35|||461
c1|||2|||752|||25|||461
c1|||4|||752|||56|||461
c1|||10|||756|||26|||461
i1|||7|||785|||13|||461
x1|||2|||817|||54|||461
x1|||3|||821|||26|||461
-1|||11|||1057|||52|||461
-1|||12|||1059|||37|||461
host_inputArray1|||1|||1069|||6|||461
host_inputArray1|||2|||1070|||53|||461
host_inputArray1|||4|||1074|||23|||461
host_inputArray1|||5|||1077|||3|||461
host_inputArray1|||6|||1078|||2|||461
-1|||15|||1127|||86|||461
w1|||1|||1231|||25|||461
c1|||13|||1231|||31|||461
w1|||2|||1232|||88|||461
h1|||2|||1232|||95|||461
c1|||14|||1232|||100|||461
w1|||3|||1234|||73|||461
h1|||3|||1234|||80|||461
c1|||15|||1234|||85|||461
beta1|||1|||1250|||24|||461
beta1|||3|||1251|||47|||461
beta1|||5|||1254|||26|||461
vec1|||2|||1271|||122|||461
vec1|||3|||1271|||129|||461
vec1|||4|||1271|||153|||461
vec1|||5|||1273|||107|||461
vec1|||6|||1273|||114|||461
vec1|||7|||1273|||138|||461
vec1|||8|||1275|||92|||461
vec1|||9|||1275|||99|||461
vec1|||11|||1277|||77|||461
vec1|||12|||1277|||84|||461
vec1|||13|||1277|||108|||461
s1|||1|||1361|||29|||461
w1|||7|||1362|||13|||461
h1|||6|||1362|||19|||461
h1|||7|||1362|||30|||461
w1|||8|||1362|||57|||461
w1|||9|||1362|||62|||461
h1|||8|||1362|||70|||461
h1|||9|||1362|||75|||461
w1|||10|||1362|||189|||461
h1|||10|||1362|||196|||461
s1|||2|||1362|||212|||461
h1|||12|||1366|||6|||461
w1|||15|||1374|||75|||461
h1|||15|||1374|||82|||461
s1|||3|||1374|||98|||461
s1|||5|||1378|||70|||461
s1|||6|||1380|||56|||461
s1|||7|||1383|||5|||461
bit1|||1|||1471|||42|||461
bit1|||2|||1471|||175|||461
bit1|||4|||1473|||160|||461
max|||2|||399|||4|||462
dx|||14|||1611|||3|||462
u|||7|||63|||7|||463
u|||12|||65|||7|||463
u|||15|||204|||7|||463
1.0f|||5|||273|||3|||463
0.f|||2|||360|||4|||463
0.f|||7|||1075|||3|||463
0.5f|||5|||1097|||3|||463
powf|||2|||1135|||6|||463
2.0f|||3|||1453|||4|||463
1000000000.0f|||5|||1492|||2|||463
4|||5|||588|||6|||464
4|||7|||1057|||44|||464
4|||13|||1062|||9|||464
4|||14|||1062|||13|||464
bit_stream|||3|||518|||46|||465
memWidth|||5|||526|||53|||465
perimeter|||5|||534|||59|||465
/=|||8|||542|||65|||465
points|||2|||850|||73|||465
MASK_RADIUS|||2|||891|||56|||465
d|||3|||960|||69|||465
h_Filter|||3|||963|||64|||465
it|||3|||988|||66|||465
gpu_img_out_y|||2|||1302|||47|||465
si|||9|||1348|||59|||465
channels|||7|||1418|||47|||465
Delta|||2|||1442|||53|||465
preCx|||1|||1592|||232|||465
anchorCx|||2|||1592|||238|||465
preCx|||2|||1592|||276|||465
preCx|||3|||1592|||318|||465
preCx|||4|||1594|||217|||465
anchorCx|||4|||1594|||223|||465
preCx|||5|||1594|||261|||465
preCx|||6|||1594|||303|||465
preCx|||7|||1596|||202|||465
anchorCx|||6|||1596|||208|||465
preCx|||8|||1596|||246|||465
preCx|||9|||1596|||288|||465
0.0|||2|||634|||68|||466
0.0|||13|||693|||34|||466
x0|||4|||817|||74|||466
x0|||6|||817|||88|||466
x0|||12|||821|||60|||466
2.0|||4|||1442|||164|||466
bit0|||4|||1473|||162|||466
alpha|||15|||462|||22|||467
pcount|||1|||541|||18|||467
colsB|||12|||981|||23|||467
error|||5|||1117|||20|||467
/=|||2|||384|||44|||468
^|||2|||588|||33|||468
column|||3|||778|||47|||468
shared_dimensions|||7|||867|||39|||468
printf|||1|||906|||44|||468
spatial|||9|||999|||47|||468
indices|||12|||1037|||44|||468
d_KinectDisparityPitch|||3|||1175|||34|||468
is|||4|||1323|||29|||468
(|||2|||1|||2|||469
int|||4|||2|||2|||469
(|||7|||9|||2|||469
(|||8|||10|||2|||469
int|||11|||11|||2|||469
(|||10|||14|||2|||469
(|||11|||15|||2|||469
int|||14|||16|||2|||469
(|||14|||18|||2|||469
f3|||3|||36|||1|||469
u|||11|||65|||2|||469
x|||9|||126|||2|||469
x|||12|||128|||2|||469
val|||9|||166|||2|||469
pathPlan|||1|||182|||1|||469
devSpeed|||3|||186|||1|||469
InitReduction|||1|||193|||1|||469
row|||1|||223|||2|||469
row|||8|||225|||2|||469
row|||15|||229|||2|||469
tx|||1|||231|||2|||469
tx|||9|||233|||2|||469
clearLabel|||1|||245|||1|||469
id|||8|||247|||2|||469
id|||9|||248|||2|||469
prA|||4|||249|||1|||469
tact|||5|||273|||1|||469
d_acts|||7|||274|||0|||469
rand|||4|||303|||2|||469
score|||4|||350|||2|||469
valid_mask|||7|||352|||0|||469
valid_mask|||9|||355|||0|||469
f_in|||7|||363|||0|||469
f_target|||7|||364|||0|||469
bid|||1|||380|||2|||469
bid|||10|||383|||2|||469
counts|||8|||387|||2|||469
cluster|||1|||397|||2|||469
cluster|||12|||400|||2|||469
sxz|||3|||421|||1|||469
score|||10|||434|||2|||469
cnt|||15|||456|||2|||469
temp|||7|||475|||2|||469
255|||4|||479|||2|||469
out_image|||5|||480|||0|||469
cpuReduce|||1|||504|||1|||469
bit_stream|||6|||523|||0|||469
bit_stream|||7|||524|||0|||469
circ|||8|||537|||1|||469
circ|||10|||539|||1|||469
pint|||4|||547|||1|||469
bubbleSort|||1|||549|||1|||469
mean|||3|||571|||2|||469
keyCharPtr|||7|||590|||0|||469
images|||12|||640|||2|||469
kernelMaximum|||1|||643|||1|||469
s|||7|||697|||2|||469
tmp|||11|||719|||2|||469
Pvalue|||5|||740|||1|||469
Pvalue|||9|||744|||1|||469
Pvalue|||13|||747|||1|||469
colorConvert|||1|||794|||1|||469
column|||10|||795|||2|||469
offset|||11|||801|||2|||469
f|||9|||839|||2|||469
mean|||13|||840|||2|||469
fabs|||7|||844|||2|||469
ELEMENT_INDEX|||15|||900|||0|||469
maximum|||6|||912|||2|||469
h_Dst|||6|||973|||0|||469
scale|||14|||995|||2|||469
uidx|||9|||1018|||1|||469
dst|||12|||1041|||2|||469
gray|||7|||1054|||2|||469
newvalue|||7|||1094|||1|||469
si|||5|||1168|||2|||469
filtered_Q|||4|||1197|||0|||469
exp|||4|||1229|||2|||469
eps|||3|||1252|||2|||469
forward|||7|||1299|||2|||469
debug|||6|||1323|||2|||469
uSum|||7|||1344|||1|||469
minw|||10|||1369|||1|||469
data_col|||6|||1422|||0|||469
outputScore|||8|||1430|||1|||469
outputScore|||10|||1436|||1|||469
frame|||7|||1448|||2|||469
cy|||7|||1455|||2|||469
frame|||9|||1469|||2|||469
Match|||1|||1486|||2|||469
max_dist|||9|||1492|||0|||469
max_dist|||14|||1498|||0|||469
anchorCx|||7|||1599|||1|||469
dh|||11|||1608|||2|||469
preCx|||10|||1611|||1|||469
corrSum|||1|||568|||6|||470
uSum|||2|||1341|||146|||470
uSum|||3|||1341|||166|||470
uSum|||5|||1343|||131|||470
uSum|||6|||1343|||151|||470
uSum|||8|||1348|||97|||470
\n|||4|||906|||78|||471
\n|||6|||908|||57|||471
\n|||10|||1314|||154|||471
\n|||11|||1314|||168|||471
\n|||12|||1314|||169|||471
occNo|||1|||905|||15|||472
occNo|||3|||908|||17|||472
occNo|||7|||1314|||109|||472
length|||3|||156|||9|||473
length|||6|||219|||9|||473
length|||9|||307|||9|||473
spatial|||6|||996|||8|||473
spatial|||10|||1002|||9|||473
d_disparity|||4|||674|||14|||474
d_regularDisparity|||1|||1172|||5|||474
data_im|||6|||1422|||7|||474
anchorCy|||1|||1592|||116|||475
anchorCy|||2|||1592|||247|||475
preCy|||2|||1592|||297|||475
preCy|||3|||1592|||339|||475
anchorCy|||3|||1594|||101|||475
preCy|||4|||1594|||226|||475
anchorCy|||4|||1594|||232|||475
preCy|||5|||1594|||282|||475
preCy|||6|||1594|||324|||475
preCy|||7|||1596|||211|||475
anchorCy|||6|||1596|||217|||475
preCy|||8|||1596|||267|||475
preCy|||9|||1596|||309|||475
}|||5|||10|||26|||476
i|||6|||15|||27|||476
value|||10|||150|||27|||476
inputright|||3|||177|||23|||476
Y|||5|||190|||27|||476
voxelCount|||2|||194|||25|||476
base|||2|||246|||24|||476
if|||7|||253|||24|||476
==|||11|||284|||27|||476
valid_mask|||5|||349|||21|||476
k_x|||14|||360|||15|||476
bid|||14|||384|||26|||476
alphas|||3|||392|||25|||476
sxbeg|||2|||419|||24|||476
alpha|||14|||461|||23|||476
min|||2|||484|||25|||476
idy|||2|||489|||25|||476
srcDiff|||7|||503|||21|||476
pcountinner|||2|||510|||22|||476
p|||14|||552|||27|||476
cos|||10|||612|||27|||476
matrix|||3|||663|||24|||476
clamp_max|||1|||703|||17|||476
>=|||1|||704|||26|||476
clamp_max|||4|||707|||22|||476
LW|||4|||776|||23|||476
-4.|||3|||823|||23|||476
iN|||8|||829|||23|||476
l|||3|||850|||27|||476
indexInBatch|||1|||925|||24|||476
diag|||1|||935|||25|||476
filterR|||5|||963|||25|||476
src|||7|||1037|||25|||476
max_coordinate|||5|||1067|||20|||476
element_c|||8|||1074|||21|||476
minw|||3|||1232|||25|||476
occNo|||4|||1313|||21|||476
dist|||6|||1491|||20|||476
rho|||7|||908|||76|||477
113|||1|||1046|||104|||477
out_grad|||3|||1083|||93|||477
imag|||2|||1157|||102|||477
d_regularDisparity|||2|||1173|||80|||477
Q|||2|||1182|||91|||477
exp|||2|||1219|||82|||477
beta1_tpower|||2|||1251|||83|||477
eps|||4|||1254|||82|||477
bit4|||3|||1473|||78|||477
gpu_img_in_y|||7|||1527|||63|||477
+=|||1|||1|||20|||478
num|||2|||90|||21|||478
if|||14|||284|||21|||478
output|||9|||430|||15|||478
clamp_min|||6|||709|||14|||478
diag|||2|||936|||21|||478
newvalue|||1|||1090|||19|||478
num|||7|||1145|||19|||478
patchSize|||1|||1216|||14|||478
H|||2|||1262|||19|||478
dpsi|||1|||1313|||16|||478
5|||6|||1480|||15|||478
s|||1|||693|||32|||479
s|||2|||693|||51|||479
s|||3|||693|||81|||479
s|||4|||695|||17|||479
s|||6|||695|||66|||479
s|||9|||697|||51|||479
s|||14|||1145|||28|||479
c_im|||1|||1405|||84|||480
data_im|||2|||1405|||160|||480
c_im|||2|||1405|||172|||480
data_im|||3|||1411|||96|||480
c_im|||4|||1411|||108|||480
c_im|||6|||1416|||67|||480
data_im|||5|||1418|||41|||480
c_im|||7|||1418|||53|||480
c_im|||9|||1502|||84|||480
data_im|||8|||1502|||163|||480
c_im|||10|||1502|||175|||480
data_im|||9|||1508|||99|||480
c_im|||12|||1508|||111|||480
data_im|||11|||1515|||44|||480
c_im|||15|||1515|||56|||480
INCX|||14|||265|||30|||481
f_target|||4|||360|||18|||481
/=|||3|||386|||30|||481
idy|||3|||489|||29|||481
snrValue|||1|||568|||20|||481
sin|||4|||609|||32|||481
imageW|||2|||960|||30|||481
numPerbatch|||10|||1062|||25|||481
W|||2|||1262|||28|||481
gpu_img_in_g|||1|||1301|||14|||481
realPart|||5|||1341|||151|||482
g_data|||2|||231|||29|||483
g_data|||3|||231|||39|||483
top_data|||1|||1619|||30|||483
top_data|||6|||1620|||245|||483
top_data|||13|||1622|||134|||483
top_data|||15|||1622|||209|||483
bottom_data|||2|||1657|||100|||483
bottom_data|||8|||1659|||146|||483
bottom_data|||13|||1666|||76|||483
add|||4|||1232|||111|||484
firstIndexToGrab|||6|||1471|||98|||484
bit5|||3|||1473|||95|||484
max_dist|||10|||1494|||127|||484
myId|||6|||170|||33|||485
myId|||12|||172|||18|||485
myId|||15|||173|||17|||485
return|||11|||534|||66|||486
clamp_min|||3|||704|||67|||486
h_result|||2|||715|||72|||486
nx|||9|||726|||76|||486
grayValue|||4|||799|||68|||486
image|||4|||806|||54|||486
pixels_per_image|||9|||808|||56|||486
l|||5|||850|||80|||486
w|||10|||951|||68|||486
>>|||6|||1050|||78|||486
D|||3|||1127|||72|||486
si|||2|||1157|||77|||486
d_temp|||4|||1251|||64|||486
beta1_tpower|||3|||1254|||62|||486
Wk|||3|||1267|||79|||486
boxes_for_nms|||10|||1540|||56|||486
inputLength|||2|||925|||35|||487
inputLength|||3|||927|||20|||487
uLength|||2|||1157|||10|||487
sLength|||2|||1157|||46|||487
sLength|||3|||1159|||31|||487
sLength|||4|||1163|||11|||487
convLength|||1|||1181|||30|||487
convLength|||2|||1182|||10|||487
samplesLength|||2|||1182|||62|||487
convLength|||3|||1183|||9|||487
samplesLength|||3|||1184|||47|||487
samplesLength|||4|||1190|||12|||487
w_offset|||1|||1405|||66|||488
h_offset|||1|||1405|||73|||488
h_offset|||2|||1405|||123|||488
w_offset|||2|||1405|||132|||488
w_offset|||3|||1411|||2|||488
h_offset|||3|||1411|||9|||488
h_offset|||6|||1416|||18|||488
w_offset|||6|||1416|||27|||488
h_offset|||7|||1418|||4|||488
w_offset|||9|||1502|||66|||488
h_offset|||9|||1502|||73|||488
h_offset|||10|||1502|||123|||488
w_offset|||10|||1502|||132|||488
w_offset|||11|||1508|||2|||488
h_offset|||11|||1508|||9|||488
h_offset|||14|||1513|||18|||488
w_offset|||14|||1513|||27|||488
h_offset|||15|||1515|||4|||488
counts|||3|||380|||65|||489
pint|||2|||542|||61|||489
c2|||7|||754|||59|||489
LPR|||3|||774|||60|||489
ps|||8|||786|||59|||489
meshStride|||4|||827|||60|||489
neighbor|||4|||829|||59|||489
▁|||4|||906|||56|||489
frontPrune|||2|||925|||54|||489
d|||2|||960|||65|||489
h_Dst|||4|||965|||58|||489
R|||6|||1050|||68|||489
numPerbatch|||2|||1057|||60|||489
width_M|||3|||1105|||61|||489
width_N|||6|||1107|||61|||489
filter|||9|||1184|||59|||489
sample|||2|||1232|||61|||489
forward|||6|||1296|||65|||489
"|||8|||1323|||42|||489
data_col|||10|||1513|||51|||489
anchorCx|||5|||1596|||66|||489
locData|||2|||1592|||140|||490
locData|||3|||1592|||156|||490
locData|||4|||1592|||174|||490
locData|||5|||1592|||192|||490
locData|||6|||1594|||125|||490
locData|||7|||1594|||141|||490
locData|||8|||1594|||159|||490
locData|||9|||1594|||177|||490
locData|||10|||1596|||110|||490
locData|||11|||1596|||126|||490
locData|||12|||1596|||144|||490
locData|||13|||1596|||162|||490
aImg2|||1|||320|||11|||491
w2|||1|||1231|||38|||491
c2|||12|||1231|||44|||491
h2|||2|||1232|||70|||491
w2|||3|||1234|||48|||491
s2|||3|||1374|||105|||491
x2|||2|||1442|||150|||491
x2|||7|||1444|||155|||491
rt2|||4|||1522|||159|||491
row|||3|||223|||12|||492
row|||4|||223|||16|||492
row|||5|||223|||36|||492
row|||6|||223|||43|||492
row|||10|||225|||10|||492
row|||11|||226|||17|||492
row|||12|||226|||24|||492
row|||14|||228|||10|||492
mean|||12|||837|||99|||493
right_columns|||5|||860|||85|||493
line|||1|||906|||72|||493
maximum|||4|||910|||97|||493
R|||2|||1046|||98|||493
grayimg|||3|||1048|||96|||493
diff|||14|||1219|||75|||493
s1|||4|||1376|||84|||493
anchorCx|||1|||1592|||96|||493
compCount|||7|||534|||28|||494
maxval|||3|||569|||30|||494
C|||12|||577|||31|||494
vec_out|||8|||98|||0|||495
d_out|||4|||158|||0|||495
d_out|||8|||216|||0|||495
d_out|||12|||221|||0|||495
g_out|||5|||297|||0|||495
mat_out|||5|||498|||0|||495
scores_out|||7|||1394|||0|||495
labels_out|||7|||1395|||0|||495
scores_out|||9|||1402|||0|||495
labels_out|||9|||1403|||0|||495
m_hat|||1|||1251|||73|||496
v_hat|||1|||1251|||87|||496
m_hat|||2|||1251|||111|||496
v_hat|||2|||1251|||113|||496
m_hat|||4|||1254|||90|||496
v_hat|||4|||1254|||92|||496
LPR|||2|||772|||75|||497
maximum|||9|||912|||82|||497
stride|||12|||1234|||71|||497
anchorCx|||3|||1594|||81|||497
-1|||2|||431|||33|||498
c1|||6|||754|||30|||498
c1|||12|||758|||20|||498
bit1|||6|||1483|||16|||498
batch|||1|||298|||4|||499
batch|||3|||301|||8|||499
batch|||15|||948|||8|||499
