{
  "16": {
    "aligned_clusters": [
      419
    ],
    "metrics": {
      "match_percentage": 0.6666666666666666,
      "source_cluster_size": 3,
      "target_cluster_sizes": [
        7
      ],
      "aligned_word_count": 2,
      "total_words": 3,
      "size_threshold": 0.4,
      "translation_threshold": 0.5,
      "calign_score": 0.6666666666666666,
      "colap_score": 0.955840168792685
    }
  },
  "49": {
    "aligned_clusters": [
      136,
      11,
      175,
      476,
      157
    ],
    "metrics": {
      "match_percentage": 0.6666666666666666,
      "source_cluster_size": 6,
      "target_cluster_sizes": [
        9,
        7,
        8,
        12,
        7
      ],
      "aligned_word_count": 4,
      "total_words": 6,
      "size_threshold": 0.4,
      "translation_threshold": 0.5,
      "calign_score": 0.8333333333333334,
      "colap_score": 0.9348527845571213
    }
  },
  "92": {
    "aligned_clusters": [
      384,
      485,
      462
    ],
    "metrics": {
      "match_percentage": 0.6666666666666666,
      "source_cluster_size": 3,
      "target_cluster_sizes": [
        3,
        4,
        7
      ],
      "aligned_word_count": 2,
      "total_words": 3,
      "size_threshold": 0.4,
      "translation_threshold": 0.5,
      "calign_score": 0.6666666666666666,
      "colap_score": 1.0
    }
  },
  "104": {
    "aligned_clusters": [
      2,
      136,
      138,
      11,
      15,
      28,
      157,
      159,
      289,
      290,
      419,
      293,
      295,
      427,
      313,
      64,
      322,
      67,
      69,
      476,
      226,
      356,
      359,
      109,
      367,
      120,
      122
    ],
    "metrics": {
      "match_percentage": 0.75,
      "source_cluster_size": 4,
      "target_cluster_sizes": [
        5,
        9,
        9,
        4,
        8,
        6,
        8,
        9,
        2,
        3,
        7,
        8,
        8,
        6,
        6,
        8,
        5,
        7,
        9,
        8,
        6,
        6,
        4,
        5,
        7,
        3,
        7
      ],
      "aligned_word_count": 3,
      "total_words": 4,
      "size_threshold": 0.4,
      "translation_threshold": 0.5,
      "calign_score": 0.75,
      "colap_score": 0.9283310163047603
    }
  },
  "140": {
    "aligned_clusters": [
      280,
      476,
      30
    ],
    "metrics": {
      "match_percentage": 0.7142857142857143,
      "source_cluster_size": 7,
      "target_cluster_sizes": [
        16,
        17,
        7
      ],
      "aligned_word_count": 5,
      "total_words": 7,
      "size_threshold": 0.4,
      "translation_threshold": 0.5,
      "calign_score": 0.7142857142857143,
      "colap_score": 0.9325274083480994
    }
  },
  "154": {
    "aligned_clusters": [
      419,
      294,
      136,
      430,
      473,
      476
    ],
    "metrics": {
      "match_percentage": 0.6666666666666666,
      "source_cluster_size": 3,
      "target_cluster_sizes": [
        7,
        6,
        7,
        5,
        4,
        7
      ],
      "aligned_word_count": 2,
      "total_words": 3,
      "size_threshold": 0.4,
      "translation_threshold": 0.5,
      "calign_score": 0.6666666666666666,
      "colap_score": 0.9354026393899699
    }
  },
  "159": {
    "aligned_clusters": [
      382
    ],
    "metrics": {
      "match_percentage": 1.0,
      "source_cluster_size": 2,
      "target_cluster_sizes": [
        4
      ],
      "aligned_word_count": 2,
      "total_words": 2,
      "size_threshold": 0.4,
      "translation_threshold": 0.5,
      "calign_score": 1.0,
      "colap_score": 1.0
    }
  },
  "184": {
    "aligned_clusters": [
      293,
      37,
      487,
      153,
      383
    ],
    "metrics": {
      "match_percentage": 0.6666666666666666,
      "source_cluster_size": 3,
      "target_cluster_sizes": [
        5,
        6,
        7,
        7,
        4
      ],
      "aligned_word_count": 2,
      "total_words": 3,
      "size_threshold": 0.4,
      "translation_threshold": 0.5,
      "calign_score": 0.6666666666666666,
      "colap_score": 0.9999999999999998
    }
  },
  "189": {
    "aligned_clusters": [
      257,
      2,
      67,
      196,
      484,
      265,
      56
    ],
    "metrics": {
      "match_percentage": 0.6666666666666666,
      "source_cluster_size": 3,
      "target_cluster_sizes": [
        5,
        6,
        6,
        5,
        5,
        5,
        5
      ],
      "aligned_word_count": 2,
      "total_words": 3,
      "size_threshold": 0.4,
      "translation_threshold": 0.5,
      "calign_score": 0.6666666666666666,
      "colap_score": 1.0
    }
  },
  "193": {
    "aligned_clusters": [
      384
    ],
    "metrics": {
      "match_percentage": 0.6666666666666666,
      "source_cluster_size": 3,
      "target_cluster_sizes": [
        3
      ],
      "aligned_word_count": 2,
      "total_words": 3,
      "size_threshold": 0.4,
      "translation_threshold": 0.5,
      "calign_score": 0.6666666666666666,
      "colap_score": 0.9661712252069393
    }
  },
  "195": {
    "aligned_clusters": [
      2,
      67,
      226,
      290,
      293,
      322,
      136,
      356,
      359,
      419,
      364,
      427,
      367,
      120,
      122,
      476,
      28,
      159
    ],
    "metrics": {
      "match_percentage": 0.6666666666666666,
      "source_cluster_size": 3,
      "target_cluster_sizes": [
        5,
        4,
        6,
        2,
        3,
        7,
        6,
        6,
        5,
        7,
        6,
        6,
        4,
        6,
        5,
        7,
        3,
        7
      ],
      "aligned_word_count": 2,
      "total_words": 3,
      "size_threshold": 0.4,
      "translation_threshold": 0.5,
      "calign_score": 0.6666666666666666,
      "colap_score": 0.9999999999999998
    }
  },
  "196": {
    "aligned_clusters": [
      462
    ],
    "metrics": {
      "match_percentage": 1.0,
      "source_cluster_size": 2,
      "target_cluster_sizes": [
        4
      ],
      "aligned_word_count": 2,
      "total_words": 2,
      "size_threshold": 0.4,
      "translation_threshold": 0.5,
      "calign_score": 1.0,
      "colap_score": 1.0
    }
  },
  "216": {
    "aligned_clusters": [
      2,
      67,
      290,
      294,
      262,
      464
    ],
    "metrics": {
      "match_percentage": 0.6666666666666666,
      "source_cluster_size": 3,
      "target_cluster_sizes": [
        5,
        6,
        7,
        5,
        6,
        4
      ],
      "aligned_word_count": 2,
      "total_words": 3,
      "size_threshold": 0.4,
      "translation_threshold": 0.5,
      "calign_score": 0.6666666666666666,
      "colap_score": 0.9614241367387362
    }
  },
  "238": {
    "aligned_clusters": [
      322,
      356,
      359,
      42,
      363,
      177,
      409,
      91,
      476
    ],
    "metrics": {
      "match_percentage": 0.6666666666666666,
      "source_cluster_size": 3,
      "target_cluster_sizes": [
        4,
        5,
        5,
        6,
        6,
        4,
        7,
        4,
        7
      ],
      "aligned_word_count": 2,
      "total_words": 3,
      "size_threshold": 0.4,
      "translation_threshold": 0.5,
      "calign_score": 0.6666666666666666,
      "colap_score": 1.0
    }
  },
  "254": {
    "aligned_clusters": [
      293,
      37,
      487,
      153,
      383
    ],
    "metrics": {
      "match_percentage": 0.6666666666666666,
      "source_cluster_size": 3,
      "target_cluster_sizes": [
        5,
        6,
        7,
        7,
        4
      ],
      "aligned_word_count": 2,
      "total_words": 3,
      "size_threshold": 0.4,
      "translation_threshold": 0.5,
      "calign_score": 0.6666666666666666,
      "colap_score": 0.9999999999999998
    }
  },
  "265": {
    "aligned_clusters": [
      476,
      430,
      342,
      494
    ],
    "metrics": {
      "match_percentage": 0.6666666666666666,