{
  "2": {
    "aligned_clusters": [
      354,
      3,
      134,
      191
    ],
    "metrics": {
      "match_percentage": 0.75,
      "source_cluster_size": 4,
      "target_cluster_sizes": [
        7,
        5,
        7,
        9
      ],
      "aligned_word_count": 3,
      "total_words": 4,
      "size_threshold": 0.4,
      "translation_threshold": 0.5,
      "calign_score": 1.0,
      "colap_score": 0.9537424403657453
    }
  },
  "28": {
    "aligned_clusters": [
      326,
      265,
      170,
      397,
      184,
      441,
      443,
      287
    ],
    "metrics": {
      "match_percentage": 0.6666666666666666,
      "source_cluster_size": 3,
      "target_cluster_sizes": [
        7,
        5,
        7,
        7,
        6,
        3,
        5,
        5
      ],
      "aligned_word_count": 2,
      "total_words": 3,
      "size_threshold": 0.4,
      "translation_threshold": 0.5,
      "calign_score": 0.6666666666666666,
      "colap_score": 0.9352254797930692
    }
  },
  "47": {
    "aligned_clusters": [
      164,
      326,
      170,
      426,
      490,
      437,
      22,
      30,
      474,
      126
    ],
    "metrics": {
      "match_percentage": 0.6666666666666666,
      "source_cluster_size": 3,
      "target_cluster_sizes": [
        5,
        3,
        6,
        5,
        7,
        6,
        4,
        4,
        5,
        6
      ],
      "aligned_word_count": 2,
      "total_words": 3,
      "size_threshold": 0.4,
      "translation_threshold": 0.5,
      "calign_score": 0.6666666666666666,
      "colap_score": 1.0
    }
  },
  "99": {
    "aligned_clusters": [
      321,
      354,
      3,
      446,
      165,
      134,
      326,
      454,
      173,
      109,
      179,
      216,
      350,
      191
    ],
    "metrics": {
      "match_percentage": 1.0,
      "source_cluster_size": 4,
      "target_cluster_sizes": [
        7,
        6,
        5,
        6,
        7,
        7,
        7,
        6,
        4,
        6,
        6,
        9,
        7,
        8
      ],
      "aligned_word_count": 4,
      "total_words": 4,
      "size_threshold": 0.4,
      "translation_threshold": 0.5,
      "calign_score": 1.0,
      "colap_score": 0.9771311385065289
    }
  },
  "105": {
    "aligned_clusters": [
      164,
      132,
      326,
      170,
      426,
      490,
      437,
      22,
      474,
      126
    ],
    "metrics": {
      "match_percentage": 0.6666666666666666,
      "source_cluster_size": 3,
      "target_cluster_sizes": [
        5,
        6,
        5,
        5,
        7,
        6,
        4,
        4,
        5,
        6
      ],
      "aligned_word_count": 2,
      "total_words": 3,
      "size_threshold": 0.4,
      "translation_threshold": 0.5,
      "calign_score": 0.6666666666666666,
      "colap_score": 1.0
    }
  },
  "108": {
    "aligned_clusters": [
      216,
      165
    ],
    "metrics": {
      "match_percentage": 0.6666666666666666,
      "source_cluster_size": 3,
      "target_cluster_sizes": [
        6,
        6
      ],
      "aligned_word_count": 2,
      "total_words": 3,
      "size_threshold": 0.4,
      "translation_threshold": 0.5,
      "calign_score": 0.6666666666666666,
      "colap_score": 0.922479856751112
    }
  },
  "123": {
    "aligned_clusters": [
      164,
      326,
      170,
      426,
      490,
      437,
      22,
      474,
      126
    ],
    "metrics": {
      "match_percentage": 0.6666666666666666,
      "source_cluster_size": 3,
      "target_cluster_sizes": [
        5,
        6,
        5,
        7,
        6,
        4,
        4,
        5,
        6
      ],
      "aligned_word_count": 2,
      "total_words": 3,
      "size_threshold": 0.4,
      "translation_threshold": 0.5,
      "calign_score": 0.6666666666666666,
      "colap_score": 0.9611788349642107
    }
  },
  "128": {
    "aligned_clusters": [
      244
    ],
    "metrics": {
      "match_percentage": 1.0,
      "source_cluster_size": 2,
      "target_cluster_sizes": [
        4
      ],
      "aligned_word_count": 2,
      "total_words": 2,
      "size_threshold": 0.4,
      "translation_threshold": 0.5,
      "calign_score": 1.0,
      "colap_score": 1.0
    }
  },
  "151": {
    "aligned_clusters": [
      265,
      187,
      230
    ],
    "metrics": {
      "match_percentage": 0.6666666666666666,
      "source_cluster_size": 3,
      "target_cluster_sizes": [
        6,
        5,
        7
      ],
      "aligned_word_count": 2,
      "total_words": 3,
      "size_threshold": 0.4,
      "translation_threshold": 0.5,
      "calign_score": 0.6666666666666666,
      "colap_score": 0.9349220848890202
    }
  },
  "168": {
    "aligned_clusters": [
      46
    ],
    "metrics": {
      "match_percentage": 1.0,
      "source_cluster_size": 2,
      "target_cluster_sizes": [
        3
      ],
      "aligned_word_count": 2,
      "total_words": 2,
      "size_threshold": 0.4,
      "translation_threshold": 0.5,
      "calign_score": 1.0,
      "colap_score": 0.9638430479422867
    }
  },
  "181": {
    "aligned_clusters": [
      386,
      3,
      134,
      18,
      34,
      165,
      170,
      179,
      181,
      315,
      446,
      319,
      191,
      321,
      326,
      204,
      216,
      346,
      350,
      367
    ],
    "metrics": {
      "match_percentage": 0.6666666666666666,
      "source_cluster_size": 3,
      "target_cluster_sizes": [
        7,
        4,
        3,
        5,
        6,
        7,
        7,
        6,
        7,
        6,
        6,
        4,
        5,
        4,
        6,
        5,
        6,
        5,
        4,
        7
      ],
      "aligned_word_count": 2,
      "total_words": 3,
      "size_threshold": 0.4,
      "translation_threshold": 0.5,
      "calign_score": 0.6666666666666666,
      "colap_score": 0.9589520848618385
    }
  },
  "207": {
    "aligned_clusters": [
      122,
      326
    ],
    "metrics": {
      "match_percentage": 0.75,
      "source_cluster_size": 4,
      "target_cluster_sizes": [
        8,
        6
      ],
      "aligned_word_count": 3,
      "total_words": 4,
      "size_threshold": 0.4,
      "translation_threshold": 0.5,
      "calign_score": 0.75,
      "colap_score": 1.0
    }
  },
  "231": {
    "aligned_clusters": [
      226
    ],
    "metrics": {
      "match_percentage": 1.0,
      "source_cluster_size": 2,
      "target_cluster_sizes": [
        3
      ],
      "aligned_word_count": 2,
      "total_words": 2,
      "size_threshold": 0.4,
      "translation_threshold": 0.5,
      "calign_score": 1.0,
      "colap_score": 0.9730193386888182
    }
  },
  "253": {
    "aligned_clusters": [
      164,
      165,
      326,
      169,
      460,
      77,
      244,
      309,
      437,
      474,
      477,
      319
    ],
    "metrics": {
      "match_percentage": 0.6666666666666666,
      "source_cluster_size": 3,
      "target_cluster_sizes": [
        5,
        5,
        6,
        6,
        4,
        3,
        5,
        6,
        4,
        7,
        5,
        6
      ],
      "aligned_word_count": 2,
      "total_words": 3,
      "size_threshold": 0.4,
      "translation_threshold": 0.5,
      "calign_score": 0.6666666666666666,
      "colap_score": 0.9614108807649604
    }
  },
  "268": {
    "aligned_clusters": [
      216
    ],
    "metrics": {
      "match_percentage": 0.6666666666666666,
      "source_cluster_size": 3,
      "target_cluster_sizes": [
        6
      ],
      "aligned_word_count": 2,
      "total_words": 3,
      "size_threshold": 0.4,
      "translation_threshold": 0.5,
      "calign_score": 0.6666666666666666,
      "colap_score": 0.9217417977702009
    }
  },
  "303": {
    "aligned_clusters": [
      354,
      3,
      134,
      216,
      191
    ],
    "metrics": {
      "match_percentage": 0.75,
      "source_cluster_size": 4,